id,product_code,product_weight_kg,shelf_visibility,product_category,product_price,store_code,store_age_years,total_sales,store_format_Flagship Hypermarket,store_format_Standard Supermarket,store_format_Superstore,store_location_tier_Tier_2,store_location_tier_Tier_3,store_size_Medium,store_size_Small,fat_content_Regular,price_tier_Medium,price_tier_High,price_tier_Premium
row_00000,PRD-PRFP9S,14.252,0.0271,Frozen Foods,81.37,STORE-AGY,45,1764.98,False,True,False,False,True,False,False,False,False,False,False
row_00001,PRD-PXXK71,7.698,0.072,HEALTH AND HYGIENE,42.05,STORE-YLW,35,342.13,False,True,False,False,False,False,True,False,False,False,False
row_00002,PRD-V5MOIJ,14.264,0.0421,Canned,41.35,STORE-89Z,33,378.85,False,True,False,False,False,True,False,True,False,False,False
row_00003,PRD-UN5Z3J,12.850875916323977,0.0449,soft drinks,174.35,STORE-7WS,47,5595.72,True,False,False,False,True,True,False,True,False,True,False
row_00004,PRD-6RDQYB,10.338,0.012,meat,203.06,STORE-9RG,28,2375.36,False,True,False,True,False,False,True,True,False,False,True
row_00005,PRD-E6VA05,9.222,0.0405,soft drinks,31.69,STORE-89Z,33,842.75,False,True,False,False,False,True,False,False,False,False,False
row_00006,PRD-MHLD93,12.850875916323977,0.1239,Canned,212.23,STORE-7WS,47,4512.7,True,False,False,False,True,True,False,False,False,False,True
row_00007,PRD-EF6Y39,10.21,0.0133,Snack Foods,142.7,STORE-HL7,23,2373.55,False,False,True,False,True,True,False,True,False,True,False
row_00008,PRD-IAZMTU,14.054,0.0233,baking goods,102.71,STORE-HL7,23,2037.05,False,False,True,False,True,True,False,False,True,False,False
row_00010,PRD-DH2TA3,8.755,0.0258,household,104.6,STORE-JOR,34,213.93,False,False,False,False,True,True,False,False,True,False,False
row_00011,PRD-ONGWUL,12.850875916323977,0.073,Household,254.12,STORE-T5G,47,250.01,False,False,False,False,False,False,True,False,False,False,True
row_00012,PRD-UX01UP,11.007,0.0304,Snack Foods,234.38,STORE-OYG,25,4414.42,False,True,False,True,False,True,False,False,False,False,True
row_00013,PRD-741NWE,9.558,0.0,baking goods,49.35,STORE-AGY,45,671.2,False,True,False,False,True,False,False,True,False,False,False
row_00014,PRD-PGW90J,13.812,0.0431,Dairy,52.83,STORE-YLW,35,585.91,False,True,False,False,False,False,True,False,False,False,False
row_00016,PRD-9USY38,6.997,0.0908,Snack Foods,112.4,STORE-DKU,30,1305.37,False,True,False,True,False,True,False,False,True,False,False
row_00017,PRD-GH9N12,11.154,0.1041,baking goods,103.22,STORE-9RG,28,2306.15,False,True,False,True,False,False,True,True,True,False,False
row_00018,PRD-HVVZBL,18.895,0.0711,dairy,116.9,STORE-89Z,33,1784.08,False,True,False,False,False,True,False,True,True,False,False
row_00021,PRD-2CQ23Q,7.746,0.0297,CANNED,167.19,STORE-AGY,45,1774.73,False,True,False,False,True,False,False,False,False,True,False
row_00022,PRD-SUDBCI,12.896,0.042,SNACK FOODS,178.49,STORE-DKU,30,4054.27,False,True,False,True,False,True,False,False,False,True,False
row_00024,PRD-5QVWC9,6.085,0.1235,HOUSEHOLD,261.49,STORE-OYG,25,2391.62,False,True,False,True,False,True,False,False,False,False,True
row_00025,PRD-8MX1EV,12.850875916323977,0.0148,Soft Drinks,51.5,STORE-7WS,47,1252.75,True,False,False,False,True,True,False,False,False,False,False
row_00028,PRD-SB61LG,20.321,0.0493,Fruits and Vegetables,187.72,STORE-OYG,25,2025.17,False,True,False,True,False,True,False,True,False,False,True
row_00029,PRD-VTTR5G,13.707,0.0569,Breakfast,234.53,STORE-89Z,33,3050.74,False,True,False,False,False,True,False,True,False,False,True
row_00030,PRD-2YAZQT,15.428,0.0819,Frozen Foods,48.98,STORE-YLW,35,753.42,False,True,False,False,False,False,True,True,False,False,False
row_00031,PRD-Q8LYYX,11.265,0.0735,Frozen Foods,171.96,STORE-YLW,35,2442.31,False,True,False,False,False,False,True,True,False,True,False
row_00032,PRD-PZPHJM,16.71,0.166,SNACK FOODS,140.0,STORE-9RG,28,586.83,False,True,False,True,False,False,True,True,True,False,False
row_00035,PRD-S1R8NF,13.385,0.0266,SNACK FOODS,82.19,STORE-AGY,45,799.46,False,True,False,False,True,False,False,True,False,False,False
row_00036,PRD-0QD58X,17.104,0.0158,Breads,46.03,STORE-DKU,30,501.46,False,True,False,True,False,True,False,True,False,False,False
row_00038,PRD-99VH0W,7.73,0.0511,Fruits and Vegetables,75.49,STORE-DKU,30,453.78,False,True,False,True,False,True,False,False,False,False,False
row_00039,PRD-2SLHIM,20.799,0.0099,Meat,187.29,STORE-YLW,35,536.28,False,True,False,False,False,False,True,False,False,False,True
row_00040,PRD-NAMSQE,12.376,0.2992,BAKING GOODS,79.91,STORE-JOR,34,150.54,False,False,False,False,True,True,False,True,False,False,False
row_00043,PRD-6Z6CCC,8.763,0.1182,canned,95.64,STORE-AGY,45,1822.06,False,True,False,False,True,False,False,False,True,False,False
row_00044,PRD-IWHL8Z,7.594,0.0265,CANNED,148.02,STORE-9RG,28,2701.99,False,True,False,True,False,False,True,False,False,True,False
row_00046,PRD-HZXGUJ,8.078,0.0169,DAIRY,52.02,STORE-DKU,30,847.29,False,True,False,True,False,True,False,False,False,False,False
row_00047,PRD-P2S2O8,10.8,0.0229,Fruits and Vegetables,55.11,STORE-YLW,35,434.23,False,True,False,False,False,False,True,False,False,False,False
row_00048,PRD-ONGWUL,13.273,0.0406,household,255.41,STORE-OYG,25,3395.84,False,True,False,True,False,True,False,False,False,False,True
row_00050,PRD-8MX1EV,19.18,0.0147,Soft Drinks,51.69,STORE-OYG,25,915.3,False,True,False,True,False,True,False,False,False,False,False
row_00051,PRD-0FOH3H,14.28,0.0291,Dairy,142.14,STORE-AGY,45,3147.38,False,True,False,False,True,False,False,True,False,True,False
row_00052,PRD-8Q2Y4P,8.764,0.067,breakfast,54.58,STORE-89Z,33,682.75,False,True,False,False,False,True,False,True,False,False,False
row_00053,PRD-KFRZWZ,12.850875916323977,0.1239,Meat,53.67,STORE-T5G,47,312.81,False,False,False,False,False,False,True,False,False,False,False
row_00054,PRD-08I4W0,5.916,0.0792,Baking Goods,37.81,STORE-89Z,33,551.33,False,True,False,False,False,True,False,False,False,False,False
row_00055,PRD-4EYNIN,7.09,0.0791,Household,120.27,STORE-DKU,30,1508.35,False,True,False,True,False,True,False,False,True,False,False
row_00058,PRD-5R5L6R,6.555,0.0837,Frozen Foods,38.87,STORE-89Z,33,708.47,False,True,False,False,False,True,False,False,False,False,False
row_00059,PRD-UWE98S,7.621,0.0314,Frozen Foods,246.84,STORE-OYG,25,2697.04,False,True,False,True,False,True,False,False,False,False,True
row_00061,PRD-4CK9XH,12.451,0.1737,Household,169.29,STORE-JOR,34,166.62,False,False,False,False,True,True,False,False,False,True,False
row_00062,PRD-U02KQN,19.18,0.0263,HEALTH AND HYGIENE,147.39,STORE-YLW,35,1326.0,False,True,False,False,False,False,True,False,False,True,False
row_00063,PRD-RACGN7,12.850875916323977,0.0571,Health and Hygiene,78.4,STORE-7WS,47,243.24,True,False,False,False,True,True,False,False,False,False,False
row_00064,PRD-IS25HB,12.850875916323977,0.0,Soft Drinks,124.36,STORE-7WS,47,2425.1,True,False,False,False,True,True,False,False,True,False,False
row_00065,PRD-I3MWRM,16.69,0.0332,MEAT,162.93,STORE-YLW,35,2781.85,False,True,False,False,False,False,True,False,False,True,False
row_00066,PRD-FVHC3D,12.850875916323977,0.0729,Seafood,34.86,STORE-9RG,28,860.12,False,True,False,True,False,False,True,False,False,False,False
row_00067,PRD-1FT8J9,12.044,0.1446,Health and Hygiene,226.84,STORE-9RG,28,5075.98,False,True,False,True,False,False,True,False,False,False,True
row_00068,PRD-7MFP05,13.907,0.0347,soft drinks,39.85,STORE-9RG,28,785.78,False,True,False,True,False,False,True,False,False,False,False
row_00069,PRD-ULF5VL,5.676,0.0,Snack Foods,261.26,STORE-OYG,25,2506.74,False,True,False,True,False,True,False,True,False,False,True
row_00070,PRD-EPMKVT,19.59,0.0736,HEALTH AND HYGIENE,60.89,STORE-AGY,45,1368.79,False,True,False,False,True,False,False,False,False,False,False
row_00071,PRD-YUZ87C,12.850875916323977,0.0478,Baking Goods,151.04,STORE-T5G,47,144.06,False,False,False,False,False,False,True,False,False,True,False
row_00072,PRD-D9DSYZ,14.405,0.0619,Household,250.9,STORE-9RG,28,4664.21,False,True,False,True,False,False,True,False,False,False,True
row_00073,PRD-S57TCO,5.483,0.0505,Baking Goods,130.41,STORE-DKU,30,1261.85,False,True,False,True,False,True,False,True,True,False,False
row_00074,PRD-5I0GQM,18.504,0.1466,Breakfast,98.01,STORE-89Z,33,1460.81,False,True,False,False,False,True,False,False,True,False,False
row_00075,PRD-7G23CP,8.884,0.0804,CANNED,77.8,STORE-AGY,45,1298.22,False,True,False,False,True,False,False,False,False,False,False
row_00076,PRD-UJA86V,12.850875916323977,0.1194,Canned,87.7,STORE-7WS,47,1952.05,True,False,False,False,True,True,False,False,False,False,False
row_00077,PRD-FTNWN0,17.711,0.0,Breads,91.54,STORE-DKU,30,2233.42,False,True,False,True,False,True,False,False,False,False,False
row_00078,PRD-1ZUYZY,9.031,0.0458,fruits and vegetables,174.82,STORE-89Z,33,1322.14,False,True,False,False,False,True,False,True,False,True,False
row_00080,PRD-SNF69T,9.157,0.0,Household,54.3,STORE-89Z,33,572.48,False,True,False,False,False,True,False,False,False,False,False
row_00081,PRD-RDEXW2,12.850875916323977,0.0558,meat,144.58,STORE-7WS,47,3219.23,True,False,False,False,True,True,False,True,False,True,False
row_00083,PRD-BJD8BL,12.850875916323977,0.0,Breads,85.12,STORE-7WS,47,3126.13,True,False,False,False,True,True,False,True,False,False,False
row_00084,PRD-93OBAJ,8.128,0.0,Snack Foods,175.34,STORE-YLW,35,3970.56,False,True,False,False,False,False,True,True,False,True,False
row_00086,PRD-78ZC9Y,16.766,0.0566,Dairy,214.18,STORE-DKU,30,5062.54,False,True,False,True,False,True,False,False,False,False,True
row_00087,PRD-FUST21,5.421,0.1159,BAKING GOODS,87.2,STORE-OYG,25,1466.16,False,True,False,True,False,True,False,True,False,False,False
row_00088,PRD-CHPZ5T,18.844,0.0175,Health and Hygiene,205.61,STORE-DKU,30,2716.71,False,True,False,True,False,True,False,False,False,False,True
row_00089,PRD-VKXTUF,12.850875916323977,0.023,Fruits and Vegetables,97.52,STORE-7WS,47,3934.3,True,False,False,False,True,True,False,False,True,False,False
row_00090,PRD-ZOID71,12.850875916323977,0.0881,fruits and vegetables,225.97,STORE-7WS,47,1488.0,True,False,False,False,True,True,False,True,False,False,True
row_00092,PRD-VP8H4N,8.533,0.0938,Canned,53.71,STORE-YLW,35,1246.98,False,True,False,False,False,False,True,False,False,False,False
row_00093,PRD-6IUUKZ,10.933,0.0342,frozen foods,146.84,STORE-OYG,25,1888.59,False,True,False,True,False,True,False,True,False,True,False
row_00094,PRD-1UFH01,8.91,0.0832,snack foods,48.39,STORE-DKU,30,1109.47,False,True,False,True,False,True,False,True,False,False,False
row_00095,PRD-YZB4K8,17.373,0.0172,Fruits and Vegetables,48.83,STORE-89Z,33,1128.22,False,True,False,False,False,True,False,True,False,False,False
row_00096,PRD-NY1QEG,9.136,0.0363,frozen foods,61.56,STORE-AGY,45,374.51,False,True,False,False,True,False,False,False,False,False,False
row_00097,PRD-EVZUBR,17.349,0.058,Frozen Foods,42.98,STORE-89Z,33,280.77,False,True,False,False,False,True,False,False,False,False,False
row_00098,PRD-2MR4FX,17.486,0.0182,Health and Hygiene,97.88,STORE-HL7,23,1286.97,False,False,True,False,True,True,False,False,True,False,False
row_00099,PRD-1N8MTZ,19.413,0.0421,Dairy,44.58,STORE-JOR,34,47.21,False,False,False,False,True,True,False,False,False,False,False
row_00100,PRD-NKZGGE,13.66,0.0954,SNACK FOODS,151.97,STORE-OYG,25,3637.37,False,True,False,True,False,True,False,False,False,True,False
row_00101,PRD-1DSTWG,7.435,0.1465,Fruits and Vegetables,240.42,STORE-9RG,28,1735.6,False,True,False,True,False,False,True,False,False,False,True
row_00102,PRD-N5F62D,18.006,0.0134,FROZEN FOODS,255.56,STORE-HL7,23,3686.12,False,False,True,False,True,True,False,False,False,False,True
row_00103,PRD-UP0URE,12.211,0.0746,dairy,48.8,STORE-DKU,30,844.84,False,True,False,True,False,True,False,True,False,False,False
row_00106,PRD-AECEW6,16.386,0.0083,meat,70.84,STORE-OYG,25,716.68,False,True,False,True,False,True,False,True,False,False,False
row_00107,PRD-3KI24S,17.395,0.0165,Household,177.44,STORE-OYG,25,3739.88,False,True,False,True,False,True,False,False,False,True,False
row_00108,PRD-JZZGKE,10.607,0.0485,Dairy,46.93,STORE-YLW,35,578.16,False,True,False,False,False,False,True,True,False,False,False
row_00110,PRD-3UEA3G,15.576,0.1591,Dairy,37.05,STORE-YLW,35,623.16,False,True,False,False,False,False,True,False,False,False,False
row_00111,PRD-7IOABT,7.48,0.0867,Frozen Foods,144.11,STORE-OYG,25,3261.9,False,True,False,True,False,True,False,False,False,True,False
row_00112,PRD-O0V3Z0,20.2,0.1031,Canned,93.59,STORE-YLW,35,1961.44,False,True,False,False,False,False,True,True,True,False,False
row_00113,PRD-2X720K,12.850875916323977,0.053,Fruits and Vegetables,87.27,STORE-7WS,47,995.49,True,False,False,False,True,True,False,True,False,False,False
row_00114,PRD-1GXI9D,12.850875916323977,0.065,FROZEN FOODS,181.19,STORE-T5G,47,185.03,False,False,False,False,False,False,True,False,False,True,False
row_00116,PRD-SE05IT,12.850875916323977,0.058,Baking Goods,239.05,STORE-7WS,47,6745.85,True,False,False,False,True,True,False,False,False,False,True
row_00118,PRD-JJ4AL0,19.396,0.0419,Frozen Foods,111.52,STORE-OYG,25,2197.34,False,True,False,True,False,True,False,False,True,False,False
row_00121,PRD-0RH735,19.53,0.1888,Others,240.8,STORE-YLW,35,3291.28,False,True,False,False,False,False,True,False,False,False,True
row_00122,PRD-8NY9QX,17.181,0.1446,SNACK FOODS,149.82,STORE-DKU,30,2542.37,False,True,False,True,False,True,False,False,False,True,False
row_00124,PRD-4CYXQB,17.936,0.112,SNACK FOODS,184.51,STORE-89Z,33,4911.57,False,True,False,False,False,True,False,False,False,True,False
row_00126,PRD-2EZP7V,12.766,0.0329,Health and Hygiene,101.7,STORE-JOR,34,206.34,False,False,False,False,True,True,False,False,True,False,False
row_00127,PRD-UZET1P,13.252,0.0366,FRUITS AND VEGETABLES,170.03,STORE-9RG,28,3700.27,False,True,False,True,False,False,True,False,False,True,False
row_00128,PRD-LZBZ98,18.435,0.1631,health and hygiene,43.87,STORE-9RG,28,793.55,False,True,False,True,False,False,True,False,False,False,False
row_00129,PRD-YDT7CU,14.256,0.0641,Breads,261.85,STORE-OYG,25,6891.46,False,True,False,True,False,True,False,True,False,False,True
row_00131,PRD-IE2L2F,21.019,0.0374,Frozen Foods,75.79,STORE-YLW,35,2354.43,False,True,False,False,False,False,True,False,False,False,False
row_00133,PRD-1HOH9O,14.478,0.0259,Household,204.53,STORE-DKU,30,3771.21,False,True,False,True,False,True,False,False,False,False,True
row_00135,PRD-M58TL5,12.850875916323977,0.051,Frozen Foods,54.96,STORE-7WS,47,1120.28,True,False,False,False,True,True,False,False,False,False,False
row_00136,PRD-TT69UA,7.509,0.0501,Canned,121.22,STORE-DKU,30,372.75,False,True,False,True,False,True,False,False,True,False,False
row_00137,PRD-MSK8AG,18.193,0.0,dairy,187.28,STORE-AGY,45,2803.67,False,True,False,False,True,False,False,False,False,False,True
row_00138,PRD-H4CI9H,6.715,0.0,MEAT,173.46,STORE-OYG,25,4356.0,False,True,False,True,False,True,False,True,False,True,False
row_00140,PRD-P3WJRM,12.850875916323977,0.0337,Fruits and Vegetables,199.66,STORE-7WS,47,6227.02,True,False,False,False,True,True,False,False,False,False,True
row_00142,PRD-7CZE3S,7.372,0.0142,Meat,114.95,STORE-HL7,23,1779.63,False,False,True,False,True,True,False,False,True,False,False
row_00143,PRD-M3FQUK,9.115,0.0213,SNACK FOODS,155.39,STORE-89Z,33,2449.63,False,True,False,False,False,True,False,True,False,True,False
row_00145,PRD-EBEM2I,12.42,0.1014,FRUITS AND VEGETABLES,168.87,STORE-YLW,35,2499.05,False,True,False,False,False,False,True,True,False,True,False
row_00146,PRD-48PPNK,19.411,0.0159,Health and Hygiene,133.98,STORE-89Z,33,3139.66,False,True,False,False,False,True,False,False,True,False,False
row_00147,PRD-ZN1N5R,12.006,0.0335,Meat,198.96,STORE-9RG,28,3195.63,False,True,False,True,False,False,True,True,False,False,True
row_00148,PRD-12310X,8.348,0.0148,health and hygiene,182.18,STORE-DKU,30,2867.62,False,True,False,True,False,True,False,False,False,True,False
row_00149,PRD-7TV5ZK,7.03,0.1341,CANNED,113.25,STORE-OYG,25,3085.94,False,True,False,True,False,True,False,True,True,False,False
row_00150,PRD-FF5E8I,12.850875916323977,0.0683,Soft Drinks,180.97,STORE-T5G,47,184.24,False,False,False,False,False,False,True,False,False,True,False
row_00151,PRD-IGBM76,9.755,0.0459,BAKING GOODS,37.48,STORE-YLW,35,737.01,False,True,False,False,False,False,True,True,False,False,False
row_00152,PRD-MWWJPG,13.009,0.1565,Canned,79.3,STORE-HL7,23,1199.85,False,False,True,False,True,True,False,False,False,False,False
row_00153,PRD-HC0BPN,10.488,0.0572,fruits and vegetables,187.82,STORE-OYG,25,6922.78,False,True,False,True,False,True,False,True,False,False,True
row_00154,PRD-C2W953,17.489,0.0685,Snack Foods,92.8,STORE-JOR,34,198.35,False,False,False,False,True,True,False,True,False,False,False
row_00155,PRD-X7CODR,12.850875916323977,0.0149,Household,102.74,STORE-7WS,47,1804.48,True,False,False,False,True,True,False,False,True,False,False
row_00156,PRD-WTXI27,12.850875916323977,0.1305,Dairy,72.89,STORE-T5G,47,77.28,False,False,False,False,False,False,True,False,False,False,False
row_00157,PRD-DH02YH,10.239,0.0375,fruits and vegetables,248.96,STORE-AGY,45,7282.29,False,True,False,False,True,False,False,False,False,False,True
row_00158,PRD-2OQEWF,18.016,0.0347,OTHERS,129.81,STORE-89Z,33,1866.97,False,True,False,False,False,True,False,False,True,False,False
row_00159,PRD-WJRNZT,16.82,0.0406,household,166.17,STORE-DKU,30,1295.84,False,True,False,True,False,True,False,False,False,True,False
row_00160,PRD-WU16HY,12.850875916323977,0.187,Dairy,43.61,STORE-T5G,47,125.45,False,False,False,False,False,False,True,False,False,False,False
row_00161,PRD-74W4G2,15.839,0.0159,Frozen Foods,96.87,STORE-DKU,30,1093.52,False,True,False,True,False,True,False,True,True,False,False
row_00163,PRD-RYI0M7,10.286,0.0748,frozen foods,122.93,STORE-YLW,35,843.09,False,True,False,False,False,False,True,False,True,False,False
row_00164,PRD-9QWB0H,12.850875916323977,0.0242,BREADS,104.57,STORE-7WS,47,1981.4,True,False,False,False,True,True,False,False,True,False,False
row_00165,PRD-AV3JCJ,17.612,0.1199,breakfast,42.25,STORE-HL7,23,198.97,False,False,True,False,True,True,False,True,False,False,False
row_00166,PRD-B9UOE3,12.850875916323977,0.1617,Snack Foods,181.51,STORE-7WS,47,5603.33,True,False,False,False,True,True,False,False,False,True,False
row_00167,PRD-NMRS5Y,8.178,0.0,baking goods,94.07,STORE-HL7,23,647.35,False,False,True,False,True,True,False,False,True,False,False
row_00168,PRD-QWRZFX,6.586,0.0064,BAKING GOODS,118.14,STORE-HL7,23,1414.6,False,False,True,False,True,True,False,True,True,False,False
row_00169,PRD-K9LSG4,20.883,0.0537,SNACK FOODS,118.62,STORE-AGY,45,1884.91,False,True,False,False,True,False,False,False,True,False,False
row_00170,PRD-2LYWBI,12.850875916323977,0.156,Snack Foods,91.51,STORE-7WS,47,3801.19,True,False,False,False,True,True,False,False,False,False,False
row_00171,PRD-KSF4HT,11.816,0.0336,SEAFOOD,113.26,STORE-AGY,45,1662.15,False,True,False,False,True,False,False,False,True,False,False
row_00172,PRD-F88JRF,18.676,0.0634,FROZEN FOODS,146.35,STORE-HL7,23,2030.62,False,False,True,False,True,True,False,True,False,True,False
row_00173,PRD-PWKCZV,12.850875916323977,0.0312,Fruits and Vegetables,226.03,STORE-T5G,47,446.31,False,False,False,False,False,False,True,False,False,False,True
row_00174,PRD-A0IOEJ,8.074,0.0111,CANNED,193.3,STORE-YLW,35,1877.98,False,True,False,False,False,False,True,False,False,False,True
row_00175,PRD-YUXGFA,12.850875916323977,0.0374,SNACK FOODS,109.83,STORE-7WS,47,1428.31,True,False,False,False,True,True,False,True,True,False,False
row_00176,PRD-YVZMZC,8.093,0.1141,HOUSEHOLD,103.92,STORE-HL7,23,2500.23,False,False,True,False,True,True,False,False,True,False,False
row_00177,PRD-3HGG9C,20.645,0.0964,Household,183.27,STORE-DKU,30,3687.75,False,True,False,True,False,True,False,False,False,True,False
row_00178,PRD-LKS9L3,6.179,0.0519,Baking Goods,231.15,STORE-DKU,30,4318.28,False,True,False,True,False,True,False,True,False,False,True
row_00179,PRD-US5PUY,14.35,0.069,Fruits and Vegetables,48.02,STORE-YLW,35,848.18,False,True,False,False,False,False,True,False,False,False,False
row_00180,PRD-D9DSYZ,14.908,0.1001,HOUSEHOLD,260.63,STORE-JOR,34,1830.37,False,False,False,False,True,True,False,False,False,False,True
row_00181,PRD-2QPR75,14.061,0.1593,Dairy,55.03,STORE-JOR,34,215.7,False,False,False,False,True,True,False,False,False,False,False
row_00182,PRD-PQNOMP,16.953,0.0572,BAKING GOODS,96.66,STORE-89Z,33,1580.04,False,True,False,False,False,True,False,False,True,False,False
row_00183,PRD-W10HOA,12.850875916323977,0.0424,SNACK FOODS,95.34,STORE-7WS,47,2866.92,True,False,False,False,True,True,False,False,True,False,False
row_00184,PRD-6BH3LL,17.94,0.0785,Baking Goods,111.11,STORE-YLW,35,2509.35,False,True,False,False,False,False,True,False,True,False,False
row_00185,PRD-YZSJHT,12.850875916323977,0.0216,BREADS,104.6,STORE-7WS,47,3091.16,True,False,False,False,True,True,False,True,True,False,False
row_00186,PRD-1GXI9D,13.222,0.0598,Frozen Foods,177.97,STORE-JOR,34,184.57,False,False,False,False,True,True,False,False,False,True,False
row_00187,PRD-CU4YYJ,15.513,0.0798,CANNED,38.05,STORE-OYG,25,766.14,False,True,False,True,False,True,False,False,False,False,False
row_00188,PRD-R3PE29,12.850875916323977,0.1776,SOFT DRINKS,150.8,STORE-7WS,47,1808.1,True,False,False,False,True,True,False,False,False,True,False
row_00190,PRD-OEVB9O,6.24,0.0282,soft drinks,85.11,STORE-89Z,33,1334.36,False,True,False,False,False,True,False,False,False,False,False
row_00191,PRD-JMV47T,6.335,0.0102,meat,152.3,STORE-DKU,30,2400.39,False,True,False,True,False,True,False,True,False,True,False
row_00193,PRD-741NWE,9.695,0.1438,Baking Goods,49.26,STORE-YLW,35,838.54,False,True,False,False,False,False,True,True,False,False,False
row_00194,PRD-C5BV1L,14.883,0.0,Household,104.93,STORE-9RG,28,3519.17,False,True,False,True,False,False,True,False,True,False,False
row_00195,PRD-H0JJGG,19.212,0.1083,FROZEN FOODS,106.68,STORE-AGY,45,948.34,False,True,False,False,True,False,False,False,True,False,False
row_00196,PRD-MN8Z1H,11.217,0.0,Health and Hygiene,146.93,STORE-OYG,25,2435.01,False,True,False,True,False,True,False,False,False,True,False
row_00197,PRD-GV2TFK,7.076,0.0445,Health and Hygiene,101.01,STORE-DKU,30,1919.37,False,True,False,True,False,True,False,False,True,False,False
row_00198,PRD-6852FC,12.413,0.0161,Hard Drinks,175.85,STORE-HL7,23,913.35,False,False,True,False,True,True,False,False,False,True,False
row_00199,PRD-4RZCNO,6.192,0.0283,Household,112.17,STORE-OYG,25,1277.51,False,True,False,True,False,True,False,False,True,False,False
row_00200,PRD-1ZL2WT,13.636,0.0431,FRUITS AND VEGETABLES,157.97,STORE-OYG,25,5783.12,False,True,False,True,False,True,False,True,False,True,False
row_00201,PRD-BVGKP7,16.027,0.0,Fruits and Vegetables,97.59,STORE-OYG,25,850.06,False,True,False,True,False,True,False,True,True,False,False
row_00204,PRD-L6HYC1,7.008,0.0,Snack Foods,100.1,STORE-OYG,25,3298.71,False,True,False,True,False,True,False,True,True,False,False
row_00205,PRD-C5OAOO,7.565,0.1226,OTHERS,141.84,STORE-DKU,30,2411.51,False,True,False,True,False,True,False,False,True,False,False
row_00206,PRD-NNQFKP,15.274,0.1134,SOFT DRINKS,38.49,STORE-DKU,30,1153.01,False,True,False,True,False,True,False,False,False,False,False
row_00207,PRD-OGP0MY,9.277,0.0539,Baking Goods,77.61,STORE-AGY,45,814.66,False,True,False,False,True,False,False,True,False,False,False
row_00209,PRD-VW2RFX,6.419,0.0543,DAIRY,183.85,STORE-89Z,33,3658.16,False,True,False,False,False,True,False,False,False,True,False
row_00211,PRD-0MUOHU,16.838,0.0561,breads,82.64,STORE-OYG,25,563.26,False,True,False,True,False,True,False,False,False,False,False
row_00212,PRD-YHVNT3,9.335,0.0408,Others,88.14,STORE-89Z,33,1039.19,False,True,False,False,False,True,False,False,False,False,False
row_00213,PRD-V5WMKZ,6.373,0.0658,Breakfast,130.5,STORE-HL7,23,541.32,False,False,True,False,True,True,False,False,True,False,False
row_00214,PRD-OGP0MY,9.147,0.05,Baking Goods,79.45,STORE-89Z,33,886.31,False,True,False,False,False,True,False,True,False,False,False
row_00215,PRD-24Z860,12.850875916323977,0.0206,frozen foods,91.81,STORE-T5G,47,263.91,False,False,False,False,False,False,True,True,False,False,False
row_00216,PRD-R0T4EX,12.515,0.0718,starchy foods,268.54,STORE-9RG,28,4974.75,False,True,False,True,False,False,True,False,False,False,True
row_00217,PRD-NKZGGE,12.850875916323977,0.0,Snack Foods,147.42,STORE-7WS,47,4992.06,True,False,False,False,True,True,False,False,False,True,False
row_00218,PRD-X272HP,4.482,0.0698,Soft Drinks,111.86,STORE-AGY,45,1466.86,False,True,False,False,True,False,False,False,True,False,False
row_00219,PRD-O69WEZ,12.850875916323977,0.0075,dairy,149.51,STORE-7WS,47,4301.63,True,False,False,False,True,True,False,True,False,True,False
row_00221,PRD-ETAGHN,6.667,0.0228,Snack Foods,204.07,STORE-DKU,30,2187.53,False,True,False,True,False,True,False,True,False,False,True
row_00222,PRD-T0VKG3,12.850875916323977,0.0479,HOUSEHOLD,126.18,STORE-7WS,47,7078.04,True,False,False,False,True,True,False,False,True,False,False
row_00223,PRD-V3ISY0,11.241,0.0096,Health and Hygiene,50.53,STORE-89Z,33,928.71,False,True,False,False,False,True,False,False,False,False,False
row_00224,PRD-JKU72H,16.636,0.1071,Canned,98.28,STORE-HL7,23,1852.98,False,False,True,False,True,True,False,False,True,False,False
row_00225,PRD-8449K6,12.850875916323977,0.0761,fruits and vegetables,212.55,STORE-7WS,47,7367.73,True,False,False,False,True,True,False,True,False,False,True
row_00226,PRD-C5BDFU,6.335,0.0321,DAIRY,177.69,STORE-AGY,45,4289.55,False,True,False,False,True,False,False,False,False,True,False
row_00227,PRD-RDW6ET,8.992,0.0724,Fruits and Vegetables,192.77,STORE-YLW,35,1359.58,False,True,False,False,False,False,True,True,False,False,True
row_00228,PRD-RVU8FI,14.557,0.1913,Soft Drinks,82.41,STORE-HL7,23,1193.34,False,False,True,False,True,True,False,False,False,False,False
row_00229,PRD-HEZ5ED,12.850875916323977,0.0,Hard Drinks,173.74,STORE-7WS,47,6010.58,True,False,False,False,True,True,False,False,False,True,False
row_00230,PRD-1FT8J9,12.148,0.1392,Health and Hygiene,227.69,STORE-AGY,45,1774.4,False,True,False,False,True,False,False,False,False,False,True
row_00231,PRD-IVLU4E,16.764,0.0136,OTHERS,105.82,STORE-AGY,45,1940.13,False,True,False,False,True,False,False,False,True,False,False
row_00232,PRD-OIT2UR,8.299,0.032,CANNED,151.02,STORE-89Z,33,3921.34,False,True,False,False,False,True,False,True,False,True,False
row_00233,PRD-JLD0TT,12.497,0.0243,DAIRY,35.98,STORE-OYG,25,506.45,False,True,False,True,False,True,False,False,False,False,False
row_00234,PRD-IMZXFQ,6.893,0.0234,FROZEN FOODS,256.22,STORE-OYG,25,1520.21,False,True,False,True,False,True,False,False,False,False,True
row_00237,PRD-059SC5,20.663,0.0455,Health and Hygiene,145.12,STORE-HL7,23,4137.24,False,False,True,False,True,True,False,False,False,True,False
row_00238,PRD-1WMMME,15.213,0.0154,OTHERS,142.34,STORE-DKU,30,2638.76,False,True,False,True,False,True,False,False,False,True,False
row_00239,PRD-4OOJQX,8.774,0.0859,Snack Foods,167.77,STORE-9RG,28,1405.89,False,True,False,True,False,False,True,False,False,True,False
row_00240,PRD-TT69UA,7.375,0.0532,canned,122.17,STORE-AGY,45,3321.95,False,True,False,False,True,False,False,False,True,False,False
row_00241,PRD-BE4HW4,11.661,0.0746,baking goods,121.45,STORE-DKU,30,2104.62,False,True,False,True,False,True,False,False,True,False,False
row_00242,PRD-I4J38V,12.905,0.0643,FROZEN FOODS,147.03,STORE-AGY,45,2185.79,False,True,False,False,True,False,False,False,False,True,False
row_00243,PRD-4GYSMJ,8.722,0.1681,Household,211.39,STORE-JOR,34,203.82,False,False,False,False,True,True,False,False,False,False,True
row_00244,PRD-U0CRF5,14.149,0.0256,fruits and vegetables,200.84,STORE-89Z,33,2786.2,False,True,False,False,False,True,False,True,False,False,True
row_00245,PRD-T93K2H,11.025,0.0655,Household,191.77,STORE-AGY,45,2643.16,False,True,False,False,True,False,False,False,False,False,True
row_00246,PRD-KDGVNM,6.633,0.0557,CANNED,144.62,STORE-9RG,28,2060.29,False,True,False,True,False,False,True,False,False,True,False
row_00248,PRD-E42X6G,12.850875916323977,0.0633,Dairy,90.6,STORE-7WS,47,3668.03,True,False,False,False,True,True,False,True,False,False,False
row_00250,PRD-PKT9A9,15.253,0.0558,Canned,59.24,STORE-9RG,28,969.35,False,True,False,True,False,False,True,True,False,False,False
row_00251,PRD-DZ26FO,11.322,0.0176,Canned,178.13,STORE-HL7,23,1459.57,False,False,True,False,True,True,False,False,False,True,False
row_00253,PRD-2I4RKK,8.352,0.1175,health and hygiene,65.37,STORE-HL7,23,845.26,False,False,True,False,True,True,False,False,False,False,False
row_00255,PRD-G1X3J1,11.674,0.1155,Soft Drinks,198.25,STORE-HL7,23,3708.23,False,False,True,False,True,True,False,False,False,False,True
row_00257,PRD-ETAGHN,12.850875916323977,0.0404,snack foods,208.34,STORE-T5G,47,218.25,False,False,False,False,False,False,True,True,False,False,True
row_00258,PRD-031L36,6.637,0.0,Baking Goods,93.42,STORE-AGY,45,1183.33,False,True,False,False,True,False,False,True,True,False,False
row_00259,PRD-ZHWW3L,12.850875916323977,0.0,Meat,95.27,STORE-T5G,47,192.71,False,False,False,False,False,False,True,True,True,False,False
row_00261,PRD-0G6HSH,12.850875916323977,0.0807,BAKING GOODS,151.46,STORE-7WS,47,1853.64,True,False,False,False,True,True,False,True,False,True,False
row_00262,PRD-Y0IY1L,8.553,0.03,snack foods,186.73,STORE-89Z,33,5526.28,False,True,False,False,False,True,False,False,False,False,True
row_00263,PRD-2P3YVB,12.850875916323977,0.0781,SOFT DRINKS,187.68,STORE-T5G,47,730.11,False,False,False,False,False,False,True,False,False,False,True
row_00264,PRD-PXZYDW,15.512,0.0569,HOUSEHOLD,136.2,STORE-HL7,23,1236.43,False,False,True,False,True,True,False,False,True,False,False
row_00267,PRD-ZBM21Y,21.233,0.0208,Baking Goods,156.88,STORE-89Z,33,3834.15,False,True,False,False,False,True,False,False,False,True,False
row_00268,PRD-C2MU46,17.87,0.0146,Snack Foods,191.68,STORE-DKU,30,2328.8,False,True,False,True,False,True,False,False,False,False,True
row_00270,PRD-9YFZQL,9.916,0.1031,Snack Foods,147.16,STORE-89Z,33,1169.6,False,True,False,False,False,True,False,False,False,True,False
row_00271,PRD-8CLUBN,12.850875916323977,0.0414,Snack Foods,37.1,STORE-7WS,47,757.12,True,False,False,False,True,True,False,True,False,False,False
row_00272,PRD-SE05IT,20.196,0.0607,baking goods,231.53,STORE-9RG,28,4480.55,False,True,False,True,False,False,True,False,False,False,True
row_00273,PRD-AV3JCJ,16.922,0.2154,Breakfast,39.33,STORE-JOR,34,39.63,False,False,False,False,True,True,False,True,False,False,False
row_00274,PRD-ILCMG5,6.345,0.0493,Fruits and Vegetables,144.88,STORE-AGY,45,2773.4,False,True,False,False,True,False,False,True,False,True,False
row_00275,PRD-1ZUYZY,9.021,0.0457,fruits and vegetables,170.76,STORE-OYG,25,2789.98,False,True,False,True,False,True,False,True,False,True,False
row_00276,PRD-9YFZQL,10.134,0.0,Snack Foods,149.59,STORE-JOR,34,740.51,False,False,False,False,True,True,False,False,False,True,False
row_00277,PRD-VQ553K,14.9,0.0608,Fruits and Vegetables,174.52,STORE-OYG,25,2048.95,False,True,False,True,False,True,False,True,False,True,False
row_00278,PRD-PTOMJB,8.005,0.0358,SOFT DRINKS,169.93,STORE-YLW,35,2649.46,False,True,False,False,False,False,True,False,False,True,False
row_00279,PRD-08I4W0,5.653,0.0796,baking goods,39.17,STORE-9RG,28,537.02,False,True,False,True,False,False,True,False,False,False,False
row_00280,PRD-ONGWUL,12.935,0.0402,HOUSEHOLD,257.68,STORE-9RG,28,4832.21,False,True,False,True,False,False,True,False,False,False,True
row_00281,PRD-R1N6UV,17.994,0.0139,HOUSEHOLD,226.69,STORE-89Z,33,1591.33,False,True,False,False,False,True,False,False,False,False,True
row_00282,PRD-J8GI5O,5.991,0.1054,FROZEN FOODS,217.0,STORE-HL7,23,1466.6,False,False,True,False,True,True,False,True,False,False,True
row_00284,PRD-4GYSMJ,8.755,0.0957,HOUSEHOLD,206.15,STORE-89Z,33,7184.38,False,True,False,False,False,True,False,False,False,False,True
row_00285,PRD-H56OB4,9.466,0.0458,Household,105.34,STORE-9RG,28,1639.09,False,True,False,True,False,False,True,False,True,False,False
row_00286,PRD-FSOZPT,12.850875916323977,0.1286,Soft Drinks,229.76,STORE-T5G,47,901.39,False,False,False,False,False,False,True,True,False,False,True
row_00287,PRD-B0BAVM,15.588,0.0341,Household,122.81,STORE-89Z,33,2725.23,False,True,False,False,False,True,False,False,True,False,False
row_00289,PRD-24SCOS,6.04,0.0036,hard drinks,155.83,STORE-89Z,33,3016.63,False,True,False,False,False,True,False,False,False,True,False
row_00290,PRD-B9OF3M,17.016,0.0854,Fruits and Vegetables,251.81,STORE-9RG,28,3960.97,False,True,False,True,False,False,True,False,False,False,True
row_00291,PRD-WTXI27,13.486,0.0764,dairy,75.39,STORE-89Z,33,629.01,False,True,False,False,False,True,False,False,False,False,False
row_00292,PRD-WFA6ZI,12.850875916323977,0.0362,Dairy,243.69,STORE-7WS,47,10477.97,True,False,False,False,True,True,False,False,False,False,True
row_00294,PRD-4TK3B3,8.784,0.057,FROZEN FOODS,135.27,STORE-DKU,30,1465.68,False,True,False,True,False,True,False,True,True,False,False
row_00295,PRD-T93K2H,11.635,0.0694,HOUSEHOLD,192.87,STORE-YLW,35,372.33,False,True,False,False,False,False,True,False,False,False,True
row_00297,PRD-3BD4Z1,5.921,0.032,fruits and vegetables,156.91,STORE-YLW,35,2793.13,False,True,False,False,False,False,True,False,False,True,False
row_00299,PRD-J4EFFF,8.184,0.0447,dairy,85.17,STORE-YLW,35,1549.79,False,True,False,False,False,False,True,False,False,False,False
row_00300,PRD-R5JEK1,8.769,0.0534,snack foods,117.36,STORE-JOR,34,442.04,False,False,False,False,True,True,False,True,True,False,False
row_00302,PRD-U9W2MB,12.850875916323977,0.1568,Fruits and Vegetables,142.5,STORE-7WS,47,6072.95,True,False,False,False,True,True,False,True,False,True,False
row_00303,PRD-AVC2UI,15.539,0.1149,FRUITS AND VEGETABLES,192.21,STORE-HL7,23,2562.83,False,False,True,False,True,True,False,True,False,False,True
row_00304,PRD-0U2BL3,15.234,0.1053,Snack Foods,142.77,STORE-9RG,28,1772.09,False,True,False,True,False,False,True,False,False,True,False
row_00306,PRD-2T1TDG,9.145,0.0743,HARD DRINKS,193.01,STORE-JOR,34,379.55,False,False,False,False,True,True,False,False,False,False,True
row_00307,PRD-X7RF1F,10.013,0.0408,Snack Foods,42.84,STORE-AGY,45,174.64,False,True,False,False,True,False,False,False,False,False,False
row_00308,PRD-V82DIB,11.551,0.0113,Meat,110.96,STORE-AGY,45,1671.46,False,True,False,False,True,False,False,True,True,False,False
row_00309,PRD-NA7L0E,12.850875916323977,0.0,canned,169.98,STORE-T5G,47,350.85,False,False,False,False,False,False,True,True,False,True,False
row_00310,PRD-KDGVNM,12.850875916323977,0.0549,canned,147.43,STORE-7WS,47,4404.89,True,False,False,False,True,True,False,False,False,True,False
row_00311,PRD-TV6685,18.067,0.0508,fruits and vegetables,143.82,STORE-89Z,33,3386.28,False,True,False,False,False,True,False,False,False,True,False
row_00312,PRD-SB61LG,20.789,0.08,FRUITS AND VEGETABLES,184.3,STORE-JOR,34,574.75,False,False,False,False,True,True,False,True,False,True,False
row_00313,PRD-V3EOYY,12.850875916323977,0.1243,Breads,218.46,STORE-T5G,47,430.1,False,False,False,False,False,False,True,False,False,False,True
row_00314,PRD-EF6Y39,10.424,0.0222,Snack Foods,139.77,STORE-JOR,34,297.46,False,False,False,False,True,True,False,True,True,False,False
row_00315,PRD-OF2TX0,7.689,0.1039,SNACK FOODS,112.58,STORE-YLW,35,639.79,False,True,False,False,False,False,True,False,True,False,False
row_00316,PRD-F727XE,12.850875916323977,0.0,SNACK FOODS,122.98,STORE-7WS,47,1698.1,True,False,False,False,True,True,False,False,True,False,False
row_00317,PRD-EOGKKC,14.835,0.011,others,57.03,STORE-OYG,25,981.48,False,True,False,True,False,True,False,False,False,False,False
row_00318,PRD-BUK3XF,21.284,0.0206,Fruits and Vegetables,105.24,STORE-YLW,35,896.55,False,True,False,False,False,False,True,False,True,False,False
row_00319,PRD-8UHW94,5.822,0.0311,FROZEN FOODS,104.42,STORE-YLW,35,2011.6,False,True,False,False,False,False,True,True,True,False,False
row_00320,PRD-VOYP59,17.006,0.1252,fruits and vegetables,184.69,STORE-OYG,25,2928.57,False,True,False,True,False,True,False,True,False,True,False
row_00321,PRD-EOGKKC,12.850875916323977,0.0191,Others,58.38,STORE-T5G,47,222.96,False,False,False,False,False,False,True,False,False,False,False
row_00324,PRD-MNEL25,17.412,0.0472,Snack Foods,116.5,STORE-HL7,23,2634.01,False,False,True,False,True,True,False,True,True,False,False
row_00326,PRD-2G2HFD,9.697,0.0,Household,166.11,STORE-DKU,30,1952.94,False,True,False,True,False,True,False,False,False,True,False
row_00328,PRD-IAZMTU,13.614,0.0227,Baking Goods,101.39,STORE-9RG,28,1482.98,False,True,False,True,False,False,True,False,True,False,False
row_00329,PRD-TF6NJ8,15.859,0.1015,fruits and vegetables,75.57,STORE-89Z,33,1811.18,False,True,False,False,False,True,False,False,False,False,False
row_00330,PRD-54TA1S,12.850875916323977,0.0687,breakfast,156.25,STORE-T5G,47,482.09,False,False,False,False,False,False,True,True,False,True,False
row_00331,PRD-5EX41Q,12.850875916323977,0.0175,Baking Goods,176.35,STORE-7WS,47,3316.7,True,False,False,False,True,True,False,True,False,True,False
row_00332,PRD-AHB3HN,10.597,0.1082,Snack Foods,56.99,STORE-9RG,28,673.13,False,True,False,True,False,False,True,False,False,False,False
row_00333,PRD-444NK0,5.038,0.059,Meat,125.92,STORE-AGY,45,378.66,False,True,False,False,True,False,False,True,True,False,False
row_00334,PRD-VOYP59,12.850875916323977,0.2123,Fruits and Vegetables,183.61,STORE-T5G,47,540.93,False,False,False,False,False,False,True,True,False,True,False
row_00335,PRD-UL2AE5,9.729,0.0236,Health and Hygiene,119.5,STORE-OYG,25,1437.86,False,True,False,True,False,True,False,False,True,False,False
row_00338,PRD-7RS8R0,6.468,0.1843,fruits and vegetables,81.9,STORE-JOR,34,86.03,False,False,False,False,True,True,False,False,False,False,False
row_00339,PRD-0CHYKM,12.850875916323977,0.0677,HEALTH AND HYGIENE,258.81,STORE-7WS,47,4561.26,True,False,False,False,True,True,False,False,False,False,True
row_00340,PRD-F6EGQO,15.655,0.088,SNACK FOODS,223.66,STORE-YLW,35,4610.72,False,True,False,False,False,False,True,False,False,False,True
row_00342,PRD-1ZXOI6,12.444,0.0605,SOFT DRINKS,56.0,STORE-HL7,23,1011.68,False,False,True,False,True,True,False,True,False,False,False
row_00343,PRD-QOHMUH,15.254,0.0316,Hard Drinks,44.98,STORE-AGY,45,576.15,False,True,False,False,True,False,False,False,False,False,False
row_00344,PRD-0CHYKM,9.097,0.0677,Health and Hygiene,273.04,STORE-89Z,33,2827.91,False,True,False,False,False,True,False,False,False,False,True
row_00346,PRD-GU1UQX,11.031,0.1382,Dairy,266.77,STORE-OYG,25,3860.18,False,True,False,True,False,True,False,False,False,False,True
row_00347,PRD-60GBFW,13.372,0.0403,FROZEN FOODS,32.63,STORE-YLW,35,637.66,False,True,False,False,False,False,True,False,False,False,False
row_00348,PRD-G5MMQ7,12.850875916323977,0.0631,Breakfast,175.43,STORE-7WS,47,3725.67,True,False,False,False,True,True,False,True,False,True,False
row_00349,PRD-1N8MTZ,20.15,0.0252,dairy,45.28,STORE-89Z,33,1601.92,False,True,False,False,False,True,False,False,False,False,False
row_00350,PRD-8Q2Y4P,8.836,0.0,Breakfast,54.57,STORE-HL7,23,570.13,False,False,True,False,True,True,False,True,False,False,False
row_00351,PRD-MNUTT1,8.111,0.1917,CANNED,150.61,STORE-YLW,35,1419.19,False,True,False,False,False,False,True,False,False,True,False
row_00352,PRD-QYXGO4,19.559,0.0536,FRUITS AND VEGETABLES,56.78,STORE-9RG,28,632.57,False,True,False,True,False,False,True,False,False,False,False
row_00355,PRD-ET6ZI7,12.850875916323977,0.2184,Fruits and Vegetables,114.89,STORE-T5G,47,218.69,False,False,False,False,False,False,True,False,True,False,False
row_00356,PRD-UIB5SQ,10.024,0.0284,MEAT,73.15,STORE-89Z,33,550.35,False,True,False,False,False,True,False,False,False,False,False
row_00357,PRD-PD4RXB,12.850875916323977,0.2101,Baking Goods,57.85,STORE-T5G,47,286.87,False,False,False,False,False,False,True,True,False,False,False
row_00358,PRD-C5OAOO,7.171,0.1209,Others,138.76,STORE-YLW,35,3014.01,False,True,False,False,False,False,True,False,True,False,False
row_00359,PRD-LUX745,16.922,0.0363,Health and Hygiene,91.09,STORE-89Z,33,1544.81,False,True,False,False,False,True,False,False,False,False,False
row_00360,PRD-EPZHPC,12.850875916323977,0.0,SOFT DRINKS,265.31,STORE-T5G,47,811.62,False,False,False,False,False,False,True,False,False,False,True
row_00361,PRD-C6G610,7.5,0.0714,SNACK FOODS,111.63,STORE-HL7,23,1096.42,False,False,True,False,True,True,False,False,True,False,False
row_00362,PRD-FGQJFY,7.692,0.1663,BAKING GOODS,39.75,STORE-OYG,25,849.39,False,True,False,True,False,True,False,True,False,False,False
row_00364,PRD-YZSJHT,9.858,0.0,Breads,100.15,STORE-89Z,33,2262.3,False,True,False,False,False,True,False,True,True,False,False
row_00365,PRD-SILU2D,6.536,0.0106,CANNED,113.26,STORE-HL7,23,2388.41,False,False,True,False,True,True,False,False,True,False,False
row_00366,PRD-IPH6H7,12.850875916323977,0.0418,fruits and vegetables,142.64,STORE-7WS,47,4243.93,True,False,False,False,True,True,False,False,False,True,False
row_00367,PRD-K9LSG4,19.833,0.0875,SNACK FOODS,118.34,STORE-JOR,34,116.83,False,False,False,False,True,True,False,False,True,False,False
row_00369,PRD-YL84PO,9.04,0.0135,Snack Foods,197.36,STORE-89Z,33,379.35,False,True,False,False,False,True,False,True,False,False,True
row_00371,PRD-UMPYO0,7.549,0.0421,Baking Goods,97.9,STORE-DKU,30,1128.62,False,True,False,True,False,True,False,False,True,False,False
row_00372,PRD-XV9XJM,10.603,0.0,Starchy Foods,77.12,STORE-YLW,35,1497.65,False,True,False,False,False,False,True,True,False,False,False
row_00376,PRD-KGPPR8,19.797,0.0648,Baking Goods,164.29,STORE-OYG,25,2674.85,False,True,False,True,False,True,False,True,False,True,False
row_00378,PRD-PSFZVE,17.878,0.0,Snack Foods,104.24,STORE-YLW,35,2922.64,False,True,False,False,False,False,True,False,True,False,False
row_00379,PRD-7JH2LK,12.850875916323977,0.0762,SNACK FOODS,120.25,STORE-7WS,47,4318.68,True,False,False,False,True,True,False,False,True,False,False
row_00380,PRD-4TFZC6,9.585,0.1324,Fruits and Vegetables,188.46,STORE-DKU,30,3387.37,False,True,False,True,False,True,False,False,False,False,True
row_00381,PRD-K15UL9,12.850875916323977,0.1194,Frozen Foods,93.53,STORE-7WS,47,3958.07,True,False,False,False,True,True,False,False,True,False,False
row_00382,PRD-TY5H59,14.696,0.0529,Fruits and Vegetables,216.16,STORE-9RG,28,4946.09,False,True,False,True,False,False,True,False,False,False,True
row_00383,PRD-MVV44C,12.850875916323977,0.0669,meat,236.43,STORE-7WS,47,3459.65,True,False,False,False,True,True,False,True,False,False,True
row_00384,PRD-ZN1N5R,12.143,0.0349,MEAT,198.69,STORE-OYG,25,3109.67,False,True,False,True,False,True,False,True,False,False,True
row_00386,PRD-ILAZCL,7.949,0.0103,snack foods,249.95,STORE-DKU,30,763.31,False,True,False,True,False,True,False,False,False,False,True
row_00387,PRD-1HOH9O,14.492,0.0252,Household,198.02,STORE-YLW,35,2419.0,False,True,False,False,False,False,True,False,False,False,True
row_00388,PRD-1IQXZX,12.850875916323977,0.0448,frozen foods,44.15,STORE-7WS,47,700.2,True,False,False,False,True,True,False,False,False,False,False
row_00390,PRD-MECOSF,6.01,0.0194,soft drinks,49.38,STORE-OYG,25,1522.72,False,True,False,True,False,True,False,True,False,False,False
row_00392,PRD-3S195J,4.561,0.0,Hard Drinks,178.87,STORE-YLW,35,1246.88,False,True,False,False,False,False,True,False,False,True,False
row_00393,PRD-T6T18U,12.081,0.0303,Canned,76.13,STORE-9RG,28,2141.39,False,True,False,True,False,False,True,False,False,False,False
row_00394,PRD-CDIT16,14.358,0.0686,household,263.77,STORE-DKU,30,2777.4,False,True,False,True,False,True,False,False,False,False,True
row_00395,PRD-PDRI65,11.498,0.0169,health and hygiene,131.22,STORE-OYG,25,1883.67,False,True,False,True,False,True,False,False,True,False,False
row_00396,PRD-5RX1SQ,12.850875916323977,0.0495,DAIRY,121.83,STORE-7WS,47,3884.07,True,False,False,False,True,True,False,True,True,False,False
row_00397,PRD-USV9I5,18.519,0.0697,FRUITS AND VEGETABLES,255.0,STORE-89Z,33,5597.43,False,True,False,False,False,True,False,True,False,False,True
row_00398,PRD-UMMSR8,12.850875916323977,0.0548,Snack Foods,51.83,STORE-T5G,47,48.48,False,False,False,False,False,False,True,False,False,False,False
row_00399,PRD-MNUTT1,8.601,0.1879,Canned,150.46,STORE-OYG,25,3145.69,False,True,False,True,False,True,False,False,False,True,False
row_00400,PRD-F13TKM,20.197,0.0676,Household,76.68,STORE-89Z,33,1416.68,False,True,False,False,False,True,False,False,False,False,False
row_00401,PRD-FCYZ7S,12.481,0.14,Snack Foods,159.68,STORE-89Z,33,2723.56,False,True,False,False,False,True,False,False,False,True,False
row_00402,PRD-UM4ULZ,12.850875916323977,0.0677,fruits and vegetables,58.82,STORE-7WS,47,2249.86,True,False,False,False,True,True,False,True,False,False,False
row_00403,PRD-IHO2KG,13.342,0.1283,Frozen Foods,261.31,STORE-JOR,34,271.47,False,False,False,False,True,True,False,True,False,False,True
row_00406,PRD-SDX9DA,13.484,0.0434,meat,37.22,STORE-JOR,34,72.52,False,False,False,False,True,True,False,True,False,False,False
row_00408,PRD-LUJBU0,8.203,0.0476,BAKING GOODS,110.36,STORE-AGY,45,3873.67,False,True,False,False,True,False,False,True,True,False,False
row_00409,PRD-QP5L7C,20.834,0.0379,Frozen Foods,191.21,STORE-HL7,23,1874.45,False,False,True,False,True,True,False,False,False,False,True
row_00410,PRD-S57TCO,5.628,0.0461,Baking Goods,131.64,STORE-9RG,28,2279.74,False,True,False,True,False,False,True,True,True,False,False
row_00411,PRD-NA7L0E,15.863,0.0272,canned,168.36,STORE-YLW,35,4055.22,False,True,False,False,False,False,True,True,False,True,False
row_00412,PRD-J4EFFF,8.261,0.0442,Dairy,87.87,STORE-9RG,28,1163.64,False,True,False,True,False,False,True,False,False,False,False
row_00413,PRD-I379U2,20.045,0.0341,Soft Drinks,57.1,STORE-OYG,25,1436.5,False,True,False,True,False,True,False,False,False,False,False
row_00414,PRD-CZD9MX,15.446,0.1062,Fruits and Vegetables,172.72,STORE-OYG,25,3214.82,False,True,False,True,False,True,False,True,False,True,False
row_00417,PRD-CFZYY9,15.599,0.0889,Frozen Foods,221.54,STORE-YLW,35,5344.89,False,True,False,False,False,False,True,False,False,False,True
row_00418,PRD-32QVLN,12.850875916323977,0.0,dairy,181.27,STORE-7WS,47,6191.26,True,False,False,False,True,True,False,True,False,True,False
row_00419,PRD-N3VBIA,19.855,0.0602,Household,247.17,STORE-AGY,45,1735.17,False,True,False,False,True,False,False,False,False,False,True
row_00420,PRD-8A5PN4,5.724,0.0765,Fruits and Vegetables,262.53,STORE-HL7,23,3759.61,False,False,True,False,True,True,False,True,False,False,True
row_00421,PRD-VM43VV,12.850875916323977,0.1138,health and hygiene,158.89,STORE-7WS,47,1555.42,True,False,False,False,True,True,False,False,False,True,False
row_00422,PRD-1L8SUG,17.132,0.0549,starchy foods,65.89,STORE-OYG,25,1731.36,False,True,False,True,False,True,False,True,False,False,False
row_00424,PRD-6O0HUH,19.966,0.0257,fruits and vegetables,230.27,STORE-JOR,34,451.89,False,False,False,False,True,True,False,True,False,False,True
row_00425,PRD-KD6FLE,16.428,0.023,soft drinks,193.24,STORE-HL7,23,5560.71,False,False,True,False,True,True,False,False,False,False,True
row_00426,PRD-CXN22P,16.006,0.0888,dairy,98.57,STORE-YLW,35,1389.4,False,True,False,False,False,False,True,False,True,False,False
row_00427,PRD-DV8A43,7.545,0.1387,SNACK FOODS,46.36,STORE-HL7,23,915.53,False,False,True,False,True,True,False,True,False,False,False
row_00428,PRD-VP8H4N,8.704,0.0988,CANNED,50.97,STORE-AGY,45,857.77,False,True,False,False,True,False,False,False,False,False,False
row_00429,PRD-CUZREN,13.648,0.0567,Dairy,239.58,STORE-89Z,33,5712.22,False,True,False,False,False,True,False,False,False,False,True
row_00432,PRD-Y0VDVE,15.943,0.045,dairy,240.49,STORE-DKU,30,2928.2,False,True,False,True,False,True,False,False,False,False,True
row_00433,PRD-FF5E8I,15.91,0.0362,Soft Drinks,179.17,STORE-YLW,35,5800.04,False,True,False,False,False,False,True,False,False,True,False
row_00434,PRD-8A170X,18.326,0.0685,frozen foods,248.03,STORE-JOR,34,241.27,False,False,False,False,True,True,False,False,False,False,True
row_00436,PRD-679O2X,12.850875916323977,0.0513,Snack Foods,190.13,STORE-7WS,47,9323.55,True,False,False,False,True,True,False,False,False,False,True
row_00440,PRD-1RUPFR,12.850875916323977,0.072,HARD DRINKS,36.74,STORE-7WS,47,801.91,True,False,False,False,True,True,False,False,False,False,False
row_00442,PRD-QYXGO4,20.278,0.0916,fruits and vegetables,55.76,STORE-JOR,34,54.93,False,False,False,False,True,True,False,False,False,False,False
row_00443,PRD-7MX3JP,19.4,0.0432,Fruits and Vegetables,117.2,STORE-HL7,23,2269.61,False,False,True,False,True,True,False,False,True,False,False
row_00444,PRD-RPHBL5,12.850875916323977,0.0451,Snack Foods,177.16,STORE-7WS,47,2742.94,True,False,False,False,True,True,False,True,False,True,False
row_00445,PRD-HQ57UY,16.005,0.1089,Frozen Foods,37.87,STORE-YLW,35,273.04,False,True,False,False,False,False,True,True,False,False,False
row_00446,PRD-PXXK71,7.833,0.0676,health and hygiene,44.02,STORE-AGY,45,831.51,False,True,False,False,True,False,False,False,False,False,False
row_00450,PRD-XQFXKD,14.404,0.0933,Canned,136.8,STORE-HL7,23,848.79,False,False,True,False,True,True,False,False,True,False,False
row_00451,PRD-YOQF1P,13.425,0.0132,FRUITS AND VEGETABLES,117.85,STORE-9RG,28,3316.55,False,True,False,True,False,False,True,True,True,False,False
row_00452,PRD-I7KBCW,12.850875916323977,0.0786,Meat,195.14,STORE-7WS,47,5961.75,True,False,False,False,True,True,False,False,False,False,True
row_00453,PRD-DSN8CW,15.764,0.044,Snack Foods,168.62,STORE-9RG,28,2797.3,False,True,False,True,False,False,True,True,False,True,False
row_00454,PRD-30D7TU,19.678,0.0122,Fruits and Vegetables,189.67,STORE-89Z,33,2430.99,False,True,False,False,False,True,False,False,False,False,True
row_00455,PRD-BAZHAK,19.703,0.1049,frozen foods,112.69,STORE-9RG,28,1225.31,False,True,False,True,False,False,True,False,True,False,False
row_00456,PRD-MS2LEL,12.850875916323977,0.1189,snack foods,221.02,STORE-7WS,47,3895.47,True,False,False,False,True,True,False,False,False,False,True
row_00457,PRD-D5KXKQ,19.674,0.0561,Seafood,200.02,STORE-OYG,25,4377.47,False,True,False,True,False,True,False,False,False,False,True
row_00458,PRD-VGA3ZI,12.850875916323977,0.0458,health and hygiene,145.19,STORE-T5G,47,592.58,False,False,False,False,False,False,True,False,False,True,False
row_00459,PRD-PJ1TV2,17.967,0.0284,Fruits and Vegetables,142.51,STORE-YLW,35,2556.01,False,True,False,False,False,False,True,True,False,True,False
row_00461,PRD-SYOY6G,16.462,0.0226,Snack Foods,43.01,STORE-YLW,35,354.46,False,True,False,False,False,False,True,True,False,False,False
row_00462,PRD-MNUTT1,8.233,0.1804,Canned,148.82,STORE-9RG,28,4342.66,False,True,False,True,False,False,True,False,False,True,False
row_00463,PRD-T2XRGI,21.497,0.0,Starchy Foods,177.25,STORE-89Z,33,2844.59,False,True,False,False,False,True,False,True,False,True,False
row_00464,PRD-N7P05D,11.333,0.0232,dairy,187.45,STORE-89Z,33,4117.05,False,True,False,False,False,True,False,True,False,False,True
row_00466,PRD-T2DADY,17.085,0.0205,Others,78.34,STORE-9RG,28,1753.76,False,True,False,True,False,False,True,False,False,False,False
row_00467,PRD-JOYJNE,17.61,0.044,dairy,168.74,STORE-OYG,25,2420.31,False,True,False,True,False,True,False,False,False,True,False
row_00468,PRD-F727XE,18.342,0.0529,snack foods,118.21,STORE-89Z,33,1467.08,False,True,False,False,False,True,False,False,True,False,False
row_00469,PRD-Y0PRZV,6.679,0.0741,Breads,145.07,STORE-AGY,45,2573.8,False,True,False,False,True,False,False,True,False,True,False
row_00470,PRD-G1X3J1,11.711,0.1101,Soft Drinks,197.07,STORE-YLW,35,2481.28,False,True,False,False,False,False,True,False,False,False,True
row_00471,PRD-IAZMTU,14.099,0.0238,BAKING GOODS,102.61,STORE-YLW,35,1840.03,False,True,False,False,False,False,True,False,True,False,False
row_00473,PRD-OECBPM,18.688,0.0463,Hard Drinks,173.24,STORE-AGY,45,1079.16,False,True,False,False,True,False,False,False,False,True,False
row_00474,PRD-HFH2XF,12.850875916323977,0.0438,Breads,106.92,STORE-7WS,47,2283.09,True,False,False,False,True,True,False,True,True,False,False
row_00475,PRD-3I603D,17.838,0.0258,FROZEN FOODS,265.12,STORE-89Z,33,3440.21,False,True,False,False,False,True,False,False,False,False,True
row_00477,PRD-NQ65QD,5.992,0.0767,Dairy,62.16,STORE-YLW,35,1281.42,False,True,False,False,False,False,True,False,False,False,False
row_00479,PRD-6O3NRD,11.329,0.0076,Meat,196.34,STORE-9RG,28,2649.63,False,True,False,True,False,False,True,False,False,False,True
row_00481,PRD-D7OODG,19.497,0.0519,fruits and vegetables,77.4,STORE-89Z,33,1471.77,False,True,False,False,False,True,False,True,False,False,False
row_00482,PRD-SCRO8S,14.94,0.103,fruits and vegetables,43.18,STORE-HL7,23,129.59,False,False,True,False,True,True,False,True,False,False,False
row_00483,PRD-T2DADY,12.850875916323977,0.0365,Others,76.4,STORE-T5G,47,83.86,False,False,False,False,False,False,True,False,False,False,False
row_00484,PRD-OAEDOE,13.063,0.0187,Dairy,75.66,STORE-HL7,23,1458.85,False,False,True,False,True,True,False,False,False,False,False
row_00486,PRD-QDI07H,17.721,0.161,dairy,235.95,STORE-HL7,23,4205.04,False,False,True,False,True,True,False,True,False,False,True
row_00487,PRD-VTTR5G,13.855,0.0549,breakfast,234.67,STORE-AGY,45,1328.61,False,True,False,False,True,False,False,True,False,False,True
row_00489,PRD-SBYDKN,6.335,0.0108,meat,66.64,STORE-89Z,33,1857.38,False,True,False,False,False,True,False,False,False,False,False
row_00490,PRD-KXWNRE,8.37,0.032,Soft Drinks,125.29,STORE-HL7,23,995.95,False,False,True,False,True,True,False,True,True,False,False
row_00491,PRD-PRFP9S,14.0,0.0253,Frozen Foods,76.54,STORE-89Z,33,1324.73,False,True,False,False,False,True,False,False,False,False,False
row_00492,PRD-8VYI78,15.904,0.0732,household,221.64,STORE-OYG,25,2436.47,False,True,False,True,False,True,False,False,False,False,True
row_00493,PRD-299PG3,8.417,0.0416,CANNED,183.17,STORE-YLW,35,7599.13,False,True,False,False,False,False,True,True,False,True,False
row_00494,PRD-3RA1PP,21.177,0.1256,Snack Foods,192.0,STORE-YLW,35,1544.12,False,True,False,False,False,False,True,False,False,False,True
row_00495,PRD-199BRB,14.134,0.0312,CANNED,50.17,STORE-YLW,35,712.44,False,True,False,False,False,False,True,True,False,False,False
row_00496,PRD-0TB4QO,6.648,0.0866,Snack Foods,130.42,STORE-DKU,30,1751.26,False,True,False,True,False,True,False,True,True,False,False
row_00497,PRD-0V4GIA,9.12,0.1038,Snack Foods,184.55,STORE-9RG,28,2475.94,False,True,False,True,False,False,True,False,False,True,False
row_00501,PRD-1ZUYZY,8.533,0.0,FRUITS AND VEGETABLES,169.26,STORE-AGY,45,505.24,False,True,False,False,True,False,False,True,False,True,False
row_00502,PRD-2GKFSF,5.797,0.0247,Household,153.67,STORE-HL7,23,445.59,False,False,True,False,True,True,False,False,False,True,False
row_00503,PRD-6EGA7N,16.294,0.0,Canned,185.61,STORE-HL7,23,2649.39,False,False,True,False,True,True,False,False,False,True,False
row_00505,PRD-OKCXPA,10.341,0.0519,CANNED,48.99,STORE-JOR,34,293.35,False,False,False,False,True,True,False,False,False,False,False
row_00506,PRD-Y7084P,18.253,0.0257,Meat,86.67,STORE-DKU,30,884.48,False,True,False,True,False,True,False,False,False,False,False
row_00507,PRD-1GAGQO,12.792,0.0554,SEAFOOD,51.71,STORE-DKU,30,751.4,False,True,False,True,False,True,False,False,False,False,False
row_00509,PRD-X7CODR,12.850875916323977,0.0239,Household,100.89,STORE-T5G,47,396.4,False,False,False,False,False,False,True,False,True,False,False
row_00510,PRD-MITKRF,9.517,0.1024,BAKING GOODS,91.09,STORE-89Z,33,432.39,False,True,False,False,False,True,False,True,False,False,False
row_00511,PRD-JJ4AL0,12.850875916323977,0.0414,FROZEN FOODS,111.05,STORE-89Z,33,3316.75,False,True,False,False,False,True,False,False,True,False,False
row_00512,PRD-TQ9DZG,8.365,0.0306,Fruits and Vegetables,39.76,STORE-OYG,25,587.14,False,True,False,True,False,True,False,False,False,False,False
row_00513,PRD-IJOTIN,17.994,0.0664,FROZEN FOODS,147.57,STORE-9RG,28,1857.32,False,True,False,True,False,False,True,False,False,True,False
row_00514,PRD-8LMN4R,15.161,0.0534,soft drinks,45.1,STORE-HL7,23,167.34,False,False,True,False,True,True,False,False,False,False,False
row_00515,PRD-5HJHWF,9.213,0.0448,snack foods,82.21,STORE-DKU,30,670.51,False,True,False,True,False,True,False,False,False,False,False
row_00516,PRD-J3GHQ5,9.111,0.0429,Fruits and Vegetables,91.03,STORE-HL7,23,1254.5,False,False,True,False,True,True,False,False,False,False,False
row_00517,PRD-DFNIAJ,4.752,0.0931,Breads,118.41,STORE-DKU,30,1718.04,False,True,False,True,False,True,False,False,True,False,False
row_00521,PRD-C1HY2U,19.985,0.0719,Dairy,111.17,STORE-9RG,28,1223.51,False,True,False,True,False,False,True,False,True,False,False
row_00522,PRD-LV9PLM,12.850875916323977,0.0616,Health and Hygiene,270.28,STORE-7WS,47,6602.56,True,False,False,False,True,True,False,False,False,False,True
row_00523,PRD-J51IFI,12.12,0.0217,Breads,163.95,STORE-DKU,30,3935.29,False,True,False,True,False,True,False,False,False,True,False
row_00524,PRD-V0PRKG,7.963,0.0678,SOFT DRINKS,252.06,STORE-OYG,25,5424.45,False,True,False,True,False,True,False,False,False,False,True
row_00527,PRD-WOLYTS,12.850875916323977,0.0,Fruits and Vegetables,123.01,STORE-7WS,47,2821.27,True,False,False,False,True,True,False,True,True,False,False
row_00528,PRD-X5M8PJ,4.972,0.131,SNACK FOODS,140.19,STORE-89Z,33,2018.61,False,True,False,False,False,True,False,True,True,False,False
row_00529,PRD-0TRD9L,14.897,0.0198,FROZEN FOODS,130.19,STORE-9RG,28,2765.92,False,True,False,True,False,False,True,True,True,False,False
row_00532,PRD-VTAQXP,12.850875916323977,0.1757,DAIRY,42.52,STORE-T5G,47,43.28,False,False,False,False,False,False,True,True,False,False,False
row_00533,PRD-55LOSM,12.850875916323977,0.0,Snack Foods,251.36,STORE-7WS,47,6476.15,True,False,False,False,True,True,False,False,False,False,True
row_00535,PRD-2DT1EG,5.574,0.1317,Health and Hygiene,122.25,STORE-89Z,33,3018.67,False,True,False,False,False,True,False,False,True,False,False
row_00536,PRD-EFRJYJ,12.850875916323977,0.2367,SEAFOOD,175.54,STORE-T5G,47,179.36,False,False,False,False,False,False,True,True,False,True,False
row_00537,PRD-6THSXO,10.643,0.0269,FROZEN FOODS,109.17,STORE-DKU,30,321.03,False,True,False,True,False,True,False,False,True,False,False
row_00539,PRD-VG9YSQ,12.973,0.1022,FROZEN FOODS,200.87,STORE-HL7,23,3027.56,False,False,True,False,True,True,False,True,False,False,True
row_00540,PRD-EF6Y39,10.246,0.0135,SNACK FOODS,139.67,STORE-9RG,28,3214.14,False,True,False,True,False,False,True,True,True,False,False
row_00541,PRD-OQTFZN,11.806,0.136,fruits and vegetables,184.16,STORE-YLW,35,3462.25,False,True,False,False,False,False,True,True,False,True,False
row_00542,PRD-QP5M3G,7.365,0.0152,canned,90.78,STORE-AGY,45,724.51,False,True,False,False,True,False,False,False,False,False,False
row_00544,PRD-MHLD93,6.321,0.1212,CANNED,212.17,STORE-YLW,35,6347.48,False,True,False,False,False,False,True,False,False,False,True
row_00545,PRD-0JL6QK,19.482,0.131,Snack Foods,105.7,STORE-89Z,33,1155.79,False,True,False,False,False,True,False,False,True,False,False
row_00546,PRD-KE6H76,8.524,0.0312,baking goods,98.5,STORE-DKU,30,2846.95,False,True,False,True,False,True,False,True,True,False,False
row_00547,PRD-IV473J,19.859,0.0189,FROZEN FOODS,177.87,STORE-9RG,28,2986.83,False,True,False,True,False,False,True,True,False,True,False
row_00548,PRD-93OBAJ,8.492,0.1199,Snack Foods,173.63,STORE-DKU,30,1879.38,False,True,False,True,False,True,False,True,False,True,False
row_00549,PRD-7Q94JB,14.895,0.0681,Frozen Foods,147.89,STORE-89Z,33,4722.88,False,True,False,False,False,True,False,True,False,True,False
row_00550,PRD-1QW65X,5.965,0.0916,HOUSEHOLD,130.78,STORE-9RG,28,2142.85,False,True,False,True,False,False,True,False,True,False,False
row_00552,PRD-9YFZQL,9.974,0.104,snack foods,145.8,STORE-HL7,23,1380.81,False,False,True,False,True,True,False,False,False,True,False
row_00553,PRD-JQMLJE,7.114,0.0369,Dairy,62.56,STORE-HL7,23,1365.86,False,False,True,False,True,True,False,False,False,False,False
row_00554,PRD-8LXUM3,12.850875916323977,0.1053,Dairy,148.02,STORE-T5G,47,137.83,False,False,False,False,False,False,True,False,False,True,False
row_00556,PRD-I67HN3,21.191,0.0105,HOUSEHOLD,230.04,STORE-9RG,28,1951.09,False,True,False,True,False,False,True,False,False,False,True
row_00557,PRD-ZE8YM4,11.165,0.0707,others,67.67,STORE-9RG,28,2472.31,False,True,False,True,False,False,True,False,False,False,False
row_00558,PRD-JZETKP,7.809,0.0152,BAKING GOODS,87.31,STORE-AGY,45,1084.5,False,True,False,False,True,False,False,False,False,False,False
row_00560,PRD-UDD467,8.934,0.0291,dairy,152.13,STORE-AGY,45,1383.87,False,True,False,False,True,False,False,False,False,True,False
row_00562,PRD-0U24IQ,5.937,0.1352,DAIRY,91.95,STORE-9RG,28,1482.79,False,True,False,True,False,False,True,False,False,False,False
row_00563,PRD-1GN81E,13.111,0.1294,SNACK FOODS,266.19,STORE-DKU,30,5842.36,False,True,False,True,False,True,False,True,False,False,True
row_00564,PRD-TY5H59,14.908,0.0538,Fruits and Vegetables,222.05,STORE-OYG,25,1264.46,False,True,False,True,False,True,False,False,False,False,True
row_00565,PRD-90E4B0,9.119,0.0437,Household,247.34,STORE-89Z,33,2335.04,False,True,False,False,False,True,False,False,False,False,True
row_00566,PRD-1NG2QG,8.048,0.1468,FROZEN FOODS,152.49,STORE-DKU,30,1630.87,False,True,False,True,False,True,False,True,False,True,False
row_00567,PRD-KYAFJ4,6.639,0.0891,FRUITS AND VEGETABLES,129.15,STORE-89Z,33,1926.76,False,True,False,False,False,True,False,False,True,False,False
row_00568,PRD-7MX3JP,19.534,0.0404,fruits and vegetables,120.48,STORE-89Z,33,2251.97,False,True,False,False,False,True,False,False,True,False,False
row_00570,PRD-ESG687,18.253,0.1807,DAIRY,157.27,STORE-89Z,33,3231.91,False,True,False,False,False,True,False,False,False,True,False
row_00571,PRD-YC4OM3,11.92,0.0187,dairy,169.5,STORE-JOR,34,676.46,False,False,False,False,True,True,False,False,False,True,False
row_00573,PRD-DRIIPJ,12.318,0.0382,SNACK FOODS,112.3,STORE-YLW,35,3232.7,False,True,False,False,False,False,True,False,True,False,False
row_00574,PRD-4CYXQB,17.757,0.1948,snack foods,188.02,STORE-JOR,34,188.55,False,False,False,False,True,True,False,False,False,False,True
row_00575,PRD-F7NY03,16.803,0.0537,frozen foods,113.94,STORE-9RG,28,1504.27,False,True,False,True,False,False,True,True,True,False,False
row_00576,PRD-U9G2LT,7.694,0.068,SNACK FOODS,56.45,STORE-89Z,33,1312.3,False,True,False,False,False,True,False,True,False,False,False
row_00578,PRD-CXIFSU,12.850875916323977,0.0097,Baking Goods,183.49,STORE-T5G,47,557.43,False,False,False,False,False,False,True,False,False,True,False
row_00579,PRD-6MLGK8,19.571,0.0239,FRUITS AND VEGETABLES,184.55,STORE-9RG,28,2450.09,False,True,False,True,False,False,True,True,False,True,False
row_00581,PRD-BPT359,5.002,0.128,baking goods,51.93,STORE-HL7,23,561.41,False,False,True,False,True,True,False,True,False,False,False
row_00582,PRD-NHLLA9,13.51,0.0757,Health and Hygiene,57.18,STORE-AGY,45,274.98,False,True,False,False,True,False,False,False,False,False,False
row_00583,PRD-EU7OL7,18.039,0.0202,meat,253.94,STORE-OYG,25,6183.71,False,True,False,True,False,True,False,True,False,False,True
row_00586,PRD-V3EOYY,15.714,0.0659,Breads,216.33,STORE-AGY,45,4116.15,False,True,False,False,True,False,False,False,False,False,True
row_00587,PRD-KV05SZ,12.850875916323977,0.1629,HARD DRINKS,128.14,STORE-T5G,47,125.65,False,False,False,False,False,False,True,False,True,False,False
row_00588,PRD-JEDKTS,12.850875916323977,0.0477,soft drinks,94.4,STORE-7WS,47,2517.42,True,False,False,False,True,True,False,False,True,False,False
row_00589,PRD-57923T,11.899,0.1093,dairy,221.98,STORE-89Z,33,2704.37,False,True,False,False,False,True,False,True,False,False,True
row_00590,PRD-JTGE75,6.641,0.0333,BREADS,162.55,STORE-YLW,35,2577.71,False,True,False,False,False,False,True,True,False,True,False
row_00592,PRD-L06G9E,14.947,0.0772,SNACK FOODS,90.06,STORE-AGY,45,2596.16,False,True,False,False,True,False,False,False,False,False,False
row_00593,PRD-ZTKB9Z,12.850875916323977,0.0606,household,217.82,STORE-7WS,47,4166.46,True,False,False,False,True,True,False,False,False,False,True
row_00594,PRD-KFRZWZ,13.025,0.0718,Meat,52.0,STORE-DKU,30,574.89,False,True,False,True,False,True,False,False,False,False,False
row_00595,PRD-L9EKA0,6.067,0.1504,Soft Drinks,43.61,STORE-AGY,45,497.48,False,True,False,False,True,False,False,True,False,False,False
row_00596,PRD-GVJICS,15.631,0.1681,Snack Foods,158.36,STORE-89Z,33,3753.1,False,True,False,False,False,True,False,True,False,True,False
row_00597,PRD-6NJ4OG,8.044,0.1128,snack foods,153.25,STORE-89Z,33,3384.47,False,True,False,False,False,True,False,False,False,True,False
row_00598,PRD-G52EFU,16.248,0.0558,Fruits and Vegetables,128.59,STORE-YLW,35,727.23,False,True,False,False,False,False,True,False,True,False,False
row_00599,PRD-4B2PMS,12.850875916323977,0.0,HEALTH AND HYGIENE,149.43,STORE-AGY,45,3063.05,False,True,False,False,True,False,False,False,False,True,False
row_00600,PRD-KUE98H,9.489,0.1142,BREADS,66.1,STORE-HL7,23,959.08,False,False,True,False,True,True,False,False,False,False,False
row_00602,PRD-1LWNLR,11.517,0.0943,baking goods,251.26,STORE-JOR,34,238.34,False,False,False,False,True,True,False,False,False,False,True
row_00604,PRD-BZNC9Q,7.067,0.1434,MEAT,182.67,STORE-DKU,30,2937.04,False,True,False,True,False,True,False,True,False,True,False
row_00605,PRD-RY40KH,12.206,0.0299,Fruits and Vegetables,104.26,STORE-OYG,25,2121.13,False,True,False,True,False,True,False,False,True,False,False
row_00606,PRD-G3QWQF,12.850875916323977,0.0761,Baking Goods,100.58,STORE-7WS,47,3175.31,True,False,False,False,True,True,False,True,True,False,False
row_00607,PRD-K82WU9,6.227,0.1024,Fruits and Vegetables,128.22,STORE-89Z,33,2002.87,False,True,False,False,False,True,False,True,True,False,False
row_00608,PRD-HFH2XF,15.058,0.0424,BREADS,105.67,STORE-9RG,28,1814.8,False,True,False,True,False,False,True,True,True,False,False
row_00609,PRD-D7J32F,7.045,0.0778,FRUITS AND VEGETABLES,146.55,STORE-DKU,30,4561.6,False,True,False,True,False,True,False,False,False,True,False
row_00610,PRD-C1B3EU,18.454,0.0929,frozen foods,47.33,STORE-DKU,30,727.86,False,True,False,True,False,True,False,True,False,False,False
row_00611,PRD-53JSJC,15.333,0.0593,HOUSEHOLD,241.29,STORE-9RG,28,4422.63,False,True,False,True,False,False,True,False,False,False,True
row_00612,PRD-4AAL09,20.563,0.0853,Others,36.66,STORE-89Z,33,789.5,False,True,False,False,False,True,False,False,False,False,False
row_00614,PRD-BH7RPX,4.967,0.0348,HOUSEHOLD,164.04,STORE-OYG,25,2867.83,False,True,False,True,False,True,False,False,False,True,False
row_00615,PRD-1K1QT6,13.735,0.0095,HOUSEHOLD,180.22,STORE-9RG,28,3598.12,False,True,False,True,False,False,True,False,False,True,False
row_00616,PRD-DE4M6H,6.603,0.0782,Frozen Foods,40.79,STORE-JOR,34,72.19,False,False,False,False,True,True,False,True,False,False,False
row_00617,PRD-WG1IQ4,19.478,0.0459,Fruits and Vegetables,125.48,STORE-AGY,45,1294.79,False,True,False,False,True,False,False,False,True,False,False
row_00619,PRD-VOYP59,16.371,0.1242,Fruits and Vegetables,178.31,STORE-89Z,33,4281.05,False,True,False,False,False,True,False,True,False,True,False
row_00621,PRD-WJIQXP,12.451,0.0756,Frozen Foods,188.15,STORE-9RG,28,4161.5,False,True,False,True,False,False,True,True,False,False,True
row_00624,PRD-TIGUE8,15.159,0.0636,household,133.49,STORE-YLW,35,3833.84,False,True,False,False,False,False,True,False,True,False,False
row_00625,PRD-T4BXVH,12.850875916323977,0.0217,FRUITS AND VEGETABLES,108.64,STORE-7WS,47,1838.82,True,False,False,False,True,True,False,False,True,False,False
row_00626,PRD-0FOH3H,13.636,0.0301,Dairy,145.85,STORE-HL7,23,831.31,False,False,True,False,True,True,False,True,False,True,False
row_00627,PRD-QP2PX3,6.853,0.0386,Dairy,98.16,STORE-OYG,25,572.54,False,True,False,True,False,True,False,True,True,False,False
row_00628,PRD-6625CS,10.664,0.0383,Meat,225.47,STORE-HL7,23,5005.86,False,False,True,False,True,True,False,True,False,False,True
row_00629,PRD-3KK8SL,11.326,0.0451,fruits and vegetables,201.35,STORE-AGY,45,1003.76,False,True,False,False,True,False,False,True,False,False,True
row_00630,PRD-I1NNSM,12.850875916323977,0.0255,Baking Goods,145.55,STORE-7WS,47,4387.61,True,False,False,False,True,True,False,True,False,True,False
row_00631,PRD-2PCIGY,7.725,0.0858,Fruits and Vegetables,62.09,STORE-HL7,23,1791.26,False,False,True,False,True,True,False,False,False,False,False
row_00633,PRD-ZIFT9Y,15.822,0.027,Fruits and Vegetables,102.44,STORE-HL7,23,587.06,False,False,True,False,True,True,False,True,True,False,False
row_00634,PRD-52UH5B,16.696,0.0721,CANNED,203.26,STORE-DKU,30,2142.42,False,True,False,True,False,True,False,False,False,False,True
row_00636,PRD-GH9N12,11.339,0.1009,Baking Goods,105.17,STORE-AGY,45,1116.16,False,True,False,False,True,False,False,True,True,False,False
row_00639,PRD-OAEDOE,12.850875916323977,0.03,dairy,74.42,STORE-T5G,47,294.48,False,False,False,False,False,False,True,False,False,False,False
row_00642,PRD-T14KTM,11.054,0.0329,Health and Hygiene,166.04,STORE-DKU,30,1311.85,False,True,False,True,False,True,False,False,False,True,False
row_00643,PRD-1FT8J9,12.850875916323977,0.1401,Health and Hygiene,229.31,STORE-7WS,47,6691.1,True,False,False,False,True,True,False,False,False,False,True
row_00644,PRD-59JSU0,15.184,0.1682,Meat,128.01,STORE-JOR,34,390.54,False,False,False,False,True,True,False,True,True,False,False
row_00645,PRD-TGIQHG,6.521,0.0827,hard drinks,112.04,STORE-HL7,23,1907.11,False,False,True,False,True,True,False,False,True,False,False
row_00647,PRD-QP2PX3,6.998,0.0629,Dairy,95.65,STORE-JOR,34,201.42,False,False,False,False,True,True,False,True,True,False,False
row_00648,PRD-ZYK421,9.157,0.0669,Household,33.1,STORE-JOR,34,34.79,False,False,False,False,True,True,False,False,False,False,False
row_00650,PRD-U1YBPE,10.229,0.0115,HOUSEHOLD,239.95,STORE-OYG,25,3948.43,False,True,False,True,False,True,False,False,False,False,True
row_00651,PRD-V1VXVU,5.2,0.0886,health and hygiene,102.91,STORE-DKU,30,526.76,False,True,False,True,False,True,False,False,True,False,False
row_00652,PRD-JEDKTS,15.475,0.0491,SOFT DRINKS,94.76,STORE-9RG,28,1483.35,False,True,False,True,False,False,True,False,True,False,False
row_00653,PRD-D5KXKQ,19.417,0.0538,Seafood,192.89,STORE-9RG,28,4052.36,False,True,False,True,False,False,True,False,False,False,True
row_00654,PRD-OOBWF4,15.477,0.0141,Frozen Foods,37.5,STORE-AGY,45,303.37,False,True,False,False,True,False,False,False,False,False,False
row_00655,PRD-LFS04I,10.858,0.0113,Snack Foods,74.12,STORE-HL7,23,504.52,False,False,True,False,True,True,False,True,False,False,False
row_00657,PRD-0Y2EFZ,16.105,0.1155,CANNED,113.12,STORE-YLW,35,343.33,False,True,False,False,False,False,True,True,True,False,False
row_00658,PRD-Q8V88B,4.714,0.0979,Canned,226.77,STORE-AGY,45,4563.92,False,True,False,False,True,False,False,True,False,False,True
row_00660,PRD-9K044M,7.218,0.0735,Starchy Foods,57.48,STORE-JOR,34,60.14,False,False,False,False,True,True,False,True,False,False,False
row_00664,PRD-YHVNT3,9.368,0.0399,Others,87.43,STORE-OYG,25,1631.72,False,True,False,True,False,True,False,False,False,False,False
row_00665,PRD-BAZHAK,18.728,0.1011,Frozen Foods,110.79,STORE-AGY,45,1795.22,False,True,False,False,True,False,False,False,True,False,False
row_00666,PRD-5I0GQM,18.778,0.1473,breakfast,97.76,STORE-OYG,25,1864.33,False,True,False,True,False,True,False,False,True,False,False
row_00668,PRD-ZKEARJ,16.261,0.0167,Health and Hygiene,105.84,STORE-AGY,45,961.22,False,True,False,False,True,False,False,False,True,False,False
row_00669,PRD-EVZUBR,17.148,0.0572,frozen foods,43.21,STORE-YLW,35,402.94,False,True,False,False,False,False,True,False,False,False,False
row_00671,PRD-YP2KNW,12.850875916323977,0.1036,Fruits and Vegetables,162.72,STORE-T5G,47,467.81,False,False,False,False,False,False,True,True,False,True,False
row_00672,PRD-VHT24B,7.209,0.0491,Dairy,158.01,STORE-DKU,30,2112.92,False,True,False,True,False,True,False,False,False,True,False
row_00675,PRD-J2E42T,13.353,0.1403,Frozen Foods,147.86,STORE-9RG,28,4023.14,False,True,False,True,False,False,True,False,False,True,False
row_00676,PRD-LQY3T3,12.850875916323977,0.1611,Household,191.55,STORE-T5G,47,194.16,False,False,False,False,False,False,True,False,False,False,True
row_00677,PRD-52DNR9,8.837,0.1109,Soft Drinks,125.75,STORE-HL7,23,1649.43,False,False,True,False,True,True,False,True,True,False,False
row_00678,PRD-9IT02F,17.11,0.0662,Household,112.32,STORE-YLW,35,1284.59,False,True,False,False,False,False,True,False,True,False,False
row_00679,PRD-RLBUOB,7.583,0.0205,seafood,182.13,STORE-9RG,28,4569.19,False,True,False,True,False,False,True,True,False,True,False
row_00680,PRD-YC4OM3,12.136,0.0118,DAIRY,166.39,STORE-89Z,33,3289.1,False,True,False,False,False,True,False,False,False,True,False
row_00682,PRD-RLM5MP,20.236,0.0566,Breads,103.53,STORE-YLW,35,2360.87,False,True,False,False,False,False,True,True,True,False,False
row_00685,PRD-NSQDTZ,17.937,0.0475,Snack Foods,118.32,STORE-YLW,35,2599.37,False,True,False,False,False,False,True,False,True,False,False
row_00686,PRD-RACGN7,11.989,0.0594,Health and Hygiene,83.07,STORE-9RG,28,1191.86,False,True,False,True,False,False,True,False,False,False,False
row_00687,PRD-322N64,12.850875916323977,0.0,Dairy,90.01,STORE-7WS,47,2069.77,True,False,False,False,True,True,False,False,False,False,False
row_00688,PRD-E7QYO7,10.34,0.0429,FRUITS AND VEGETABLES,117.2,STORE-9RG,28,1904.9,False,True,False,True,False,False,True,True,True,False,False
row_00691,PRD-T5J284,13.078,0.1528,Snack Foods,184.25,STORE-89Z,33,3957.62,False,True,False,False,False,True,False,True,False,True,False
row_00692,PRD-VHT24B,7.143,0.048,Dairy,159.67,STORE-9RG,28,2377.9,False,True,False,True,False,False,True,False,False,True,False
row_00693,PRD-Y7084P,12.850875916323977,0.0463,Meat,90.5,STORE-T5G,47,175.06,False,False,False,False,False,False,True,False,False,False,False
row_00694,PRD-7VMGGA,11.256,0.0359,health and hygiene,101.11,STORE-9RG,28,3013.35,False,True,False,True,False,False,True,False,True,False,False
row_00695,PRD-FL9NP6,7.401,0.0568,Health and Hygiene,55.72,STORE-DKU,30,623.44,False,True,False,True,False,True,False,False,False,False,False
row_00696,PRD-Y0IY1L,8.419,0.0298,SNACK FOODS,188.81,STORE-YLW,35,3630.89,False,True,False,False,False,False,True,False,False,False,True
row_00697,PRD-6O3NRD,11.248,0.0073,Meat,196.42,STORE-YLW,35,2303.94,False,True,False,False,False,False,True,False,False,False,True
row_00699,PRD-R73A70,18.827,0.0265,MEAT,199.22,STORE-AGY,45,2796.12,False,True,False,False,True,False,False,True,False,False,True
row_00701,PRD-N7P05D,11.495,0.0239,Dairy,182.15,STORE-YLW,35,3387.08,False,True,False,False,False,False,True,True,False,True,False
row_00703,PRD-52DNR9,9.015,0.1104,SOFT DRINKS,123.3,STORE-OYG,25,1068.69,False,True,False,True,False,True,False,True,True,False,False
row_00706,PRD-ET6ZI7,17.477,0.1312,fruits and vegetables,111.7,STORE-HL7,23,1814.99,False,False,True,False,True,True,False,False,True,False,False
row_00707,PRD-U3P1ZC,16.73,0.1282,BREADS,89.45,STORE-YLW,35,1540.87,False,True,False,False,False,False,True,False,False,False,False
row_00708,PRD-S1AWP0,12.850875916323977,0.214,FROZEN FOODS,78.71,STORE-T5G,47,229.13,False,False,False,False,False,False,True,False,False,False,False
row_00709,PRD-KTGBTY,11.829,0.0193,Hard Drinks,41.57,STORE-YLW,35,312.56,False,True,False,False,False,False,True,False,False,False,False
row_00712,PRD-V3OJ57,8.818,0.0401,FROZEN FOODS,53.13,STORE-HL7,23,585.36,False,False,True,False,True,True,False,False,False,False,False
row_00713,PRD-90O7Y2,12.850875916323977,0.0965,Soft Drinks,194.59,STORE-7WS,47,6803.68,True,False,False,False,True,True,False,False,False,False,True
row_00715,PRD-IYIJE7,12.728,0.095,Snack Foods,212.13,STORE-AGY,45,4367.7,False,True,False,False,True,False,False,False,False,False,True
row_00717,PRD-RACGN7,11.928,0.0585,health and hygiene,78.79,STORE-89Z,33,1257.74,False,True,False,False,False,True,False,False,False,False,False
row_00718,PRD-V3ISY0,11.567,0.0097,HEALTH AND HYGIENE,48.76,STORE-DKU,30,757.96,False,True,False,True,False,True,False,False,False,False,False
row_00719,PRD-C0AR0O,5.093,0.0294,Snack Foods,106.96,STORE-OYG,25,2263.97,False,True,False,True,False,True,False,True,True,False,False
row_00722,PRD-098QST,7.014,0.0223,Frozen Foods,264.46,STORE-HL7,23,5535.33,False,False,True,False,True,True,False,False,False,False,True
row_00724,PRD-ATSWZZ,11.101,0.0482,household,121.07,STORE-JOR,34,364.74,False,False,False,False,True,True,False,False,True,False,False
row_00725,PRD-0HHXSC,20.123,0.027,Household,74.91,STORE-OYG,25,1632.36,False,True,False,True,False,True,False,False,False,False,False
row_00726,PRD-8YT0FG,11.013,0.0206,Health and Hygiene,259.33,STORE-AGY,45,4201.96,False,True,False,False,True,False,False,False,False,False,True
row_00727,PRD-PPPTFE,12.047,0.1646,CANNED,118.72,STORE-AGY,45,2410.06,False,True,False,False,True,False,False,True,True,False,False
row_00728,PRD-6AOBHT,19.762,0.0,household,124.5,STORE-OYG,25,1970.18,False,True,False,True,False,True,False,False,True,False,False
row_00729,PRD-JLQFJT,18.976,0.0418,household,126.51,STORE-89Z,33,1044.94,False,True,False,False,False,True,False,False,True,False,False
row_00731,PRD-ZLVU35,12.850875916323977,0.0151,BREADS,225.6,STORE-7WS,47,3384.19,True,False,False,False,True,True,False,False,False,False,True
row_00734,PRD-M5VWIP,5.834,0.0689,frozen foods,117.84,STORE-9RG,28,2022.77,False,True,False,True,False,False,True,False,True,False,False
row_00735,PRD-CBFCQN,13.026,0.0222,baking goods,116.95,STORE-89Z,33,1974.57,False,True,False,False,False,True,False,False,True,False,False
row_00736,PRD-HCAZ89,13.645,0.0306,SNACK FOODS,79.95,STORE-JOR,34,151.86,False,False,False,False,True,True,False,True,False,False,False
row_00737,PRD-SUDBCI,13.129,0.046,SNACK FOODS,179.69,STORE-89Z,33,2627.84,False,True,False,False,False,True,False,False,False,True,False
row_00738,PRD-MHBMBN,10.233,0.0388,SNACK FOODS,125.94,STORE-AGY,45,1460.22,False,True,False,False,True,False,False,True,True,False,False
row_00739,PRD-0V4GIA,9.324,0.175,snack foods,184.61,STORE-JOR,34,356.68,False,False,False,False,True,True,False,False,False,True,False
row_00740,PRD-RY40KH,12.305,0.0496,Fruits and Vegetables,102.16,STORE-JOR,34,422.41,False,False,False,False,True,True,False,False,True,False,False
row_00742,PRD-AFT69N,12.850875916323977,0.0144,frozen foods,178.54,STORE-7WS,47,3861.15,True,False,False,False,True,True,False,True,False,True,False
row_00743,PRD-YY4QJ7,12.965,0.198,BREADS,141.34,STORE-JOR,34,276.72,False,False,False,False,True,True,False,True,True,False,False
row_00744,PRD-2H3TZR,9.658,0.1536,soft drinks,169.79,STORE-JOR,34,334.98,False,False,False,False,True,True,False,False,False,True,False
row_00745,PRD-6RDQYB,10.418,0.0126,Meat,198.95,STORE-AGY,45,2639.1,False,True,False,False,True,False,False,True,False,False,True
row_00746,PRD-TC2QWF,15.218,0.1606,Canned,185.81,STORE-HL7,23,1239.4,False,False,True,False,True,True,False,True,False,True,False
row_00747,PRD-T6T18U,12.453,0.0288,Canned,76.08,STORE-HL7,23,603.59,False,False,True,False,True,True,False,False,False,False,False
row_00748,PRD-YFXOBU,8.866,0.0673,fruits and vegetables,197.89,STORE-9RG,28,2652.11,False,True,False,True,False,False,True,True,False,False,True
row_00749,PRD-4KDSBS,6.33,0.0479,Baking Goods,99.71,STORE-AGY,45,1344.26,False,True,False,False,True,False,False,False,True,False,False
row_00750,PRD-58B6PJ,16.003,0.0671,Dairy,74.65,STORE-OYG,25,1781.82,False,True,False,True,False,True,False,True,False,False,False
row_00751,PRD-6MLGK8,12.850875916323977,0.0235,FRUITS AND VEGETABLES,180.67,STORE-7WS,47,4507.15,True,False,False,False,True,True,False,True,False,True,False
row_00752,PRD-C3DXMR,17.033,0.0368,snack foods,88.81,STORE-YLW,35,2042.6,False,True,False,False,False,False,True,False,False,False,False
row_00754,PRD-X5M8PJ,4.955,0.1308,Snack Foods,141.87,STORE-HL7,23,556.31,False,False,True,False,True,True,False,True,True,False,False
row_00756,PRD-53EF9P,12.221,0.0283,HOUSEHOLD,149.15,STORE-DKU,30,1220.01,False,True,False,True,False,True,False,False,False,True,False
row_00757,PRD-XSDJWS,18.175,0.0916,frozen foods,194.24,STORE-AGY,45,2277.44,False,True,False,False,True,False,False,False,False,False,True
row_00758,PRD-6RX35U,13.953,0.0739,Frozen Foods,195.46,STORE-AGY,45,3892.22,False,True,False,False,True,False,False,True,False,False,True
row_00759,PRD-LJZEJB,6.637,0.1505,dairy,195.11,STORE-JOR,34,786.44,False,False,False,False,True,True,False,False,False,False,True
row_00761,PRD-UMPYO0,7.945,0.0451,Baking Goods,92.5,STORE-OYG,25,2472.68,False,True,False,True,False,True,False,False,False,False,False
row_00762,PRD-PUWBWJ,12.41,0.0727,dairy,249.22,STORE-89Z,33,4746.17,False,True,False,False,False,True,False,True,False,False,True
row_00763,PRD-G52EFU,16.303,0.0569,Fruits and Vegetables,125.82,STORE-9RG,28,1363.35,False,True,False,True,False,False,True,False,True,False,False
row_00765,PRD-F7NY03,16.462,0.051,Frozen Foods,113.96,STORE-OYG,25,2366.31,False,True,False,True,False,True,False,True,True,False,False
row_00766,PRD-R08XCC,18.64,0.1774,Meat,49.14,STORE-89Z,33,1344.96,False,True,False,False,False,True,False,True,False,False,False
row_00767,PRD-W3QN3T,15.905,0.0411,snack foods,139.32,STORE-89Z,33,2716.92,False,True,False,False,False,True,False,False,True,False,False
row_00768,PRD-41CMGC,12.850875916323977,0.0428,fruits and vegetables,234.03,STORE-7WS,47,7040.21,True,False,False,False,True,True,False,False,False,False,True
row_00769,PRD-1HOH9O,14.242,0.045,Household,195.56,STORE-JOR,34,609.92,False,False,False,False,True,True,False,False,False,False,True
row_00772,PRD-6AOBHT,20.36,0.0407,Household,130.53,STORE-89Z,33,2780.83,False,True,False,False,False,True,False,False,True,False,False
row_00773,PRD-PCHMB2,13.895,0.0327,Canned,97.29,STORE-9RG,28,2475.13,False,True,False,True,False,False,True,True,True,False,False
row_00775,PRD-UIB5SQ,10.227,0.0284,Meat,74.84,STORE-YLW,35,796.06,False,True,False,False,False,False,True,False,False,False,False
row_00776,PRD-RD47WO,15.834,0.1032,Snack Foods,168.23,STORE-9RG,28,3838.22,False,True,False,True,False,False,True,True,False,True,False
row_00777,PRD-AANYGU,12.850875916323977,0.0608,Snack Foods,174.54,STORE-T5G,47,537.6,False,False,False,False,False,False,True,False,False,True,False
row_00778,PRD-C3Y7HA,16.796,0.0205,Fruits and Vegetables,53.71,STORE-DKU,30,749.17,False,True,False,True,False,True,False,False,False,False,False
row_00779,PRD-HYF9SX,16.85,0.0246,soft drinks,39.94,STORE-9RG,28,755.13,False,True,False,True,False,False,True,True,False,False,False
row_00780,PRD-KTGBTY,12.850875916323977,0.0,Hard Drinks,38.47,STORE-7WS,47,1062.53,True,False,False,False,True,True,False,False,False,False,False
row_00781,PRD-YOZV8C,17.832,0.1692,HOUSEHOLD,170.96,STORE-YLW,35,2886.59,False,True,False,False,False,False,True,False,False,True,False
row_00782,PRD-95CTT5,7.889,0.0708,Fruits and Vegetables,188.85,STORE-OYG,25,2633.33,False,True,False,True,False,True,False,False,False,False,True
row_00784,PRD-MQEEB6,12.850875916323977,0.0743,CANNED,78.45,STORE-7WS,47,2346.04,True,False,False,False,True,True,False,False,False,False,False
row_00785,PRD-NAMSQE,12.264,0.1865,Baking Goods,76.95,STORE-DKU,30,1414.03,False,True,False,True,False,True,False,True,False,False,False
row_00786,PRD-VDCG3B,21.056,0.1317,seafood,236.27,STORE-89Z,33,2425.92,False,True,False,False,False,True,False,True,False,False,True
row_00787,PRD-L9CYMT,19.84,0.0441,Dairy,87.7,STORE-AGY,45,1168.45,False,True,False,False,True,False,False,False,False,False,False
row_00788,PRD-U2HRJK,5.261,0.0253,Breads,95.01,STORE-89Z,33,1206.16,False,True,False,False,False,True,False,True,True,False,False
row_00789,PRD-NMRS5Y,12.850875916323977,0.0325,baking goods,91.04,STORE-7WS,47,1068.64,True,False,False,False,True,True,False,False,False,False,False
row_00790,PRD-6AOBHT,20.187,0.0394,Household,128.18,STORE-AGY,45,1014.32,False,True,False,False,True,False,False,False,True,False,False
row_00791,PRD-UM4ULZ,13.375,0.0749,Fruits and Vegetables,61.37,STORE-OYG,25,1334.95,False,True,False,True,False,True,False,True,False,False,False
row_00792,PRD-0YLTZ9,12.850875916323977,0.0913,dairy,76.01,STORE-7WS,47,2571.71,True,False,False,False,True,True,False,False,False,False,False
row_00793,PRD-SIIAEB,12.383,0.0949,Snack Foods,119.68,STORE-9RG,28,2485.64,False,True,False,True,False,False,True,False,True,False,False
row_00794,PRD-1LWNLR,12.850875916323977,0.055,BAKING GOODS,247.55,STORE-7WS,47,5858.87,True,False,False,False,True,True,False,False,False,False,True
row_00795,PRD-S2MXCB,12.850875916323977,0.0849,Household,180.41,STORE-7WS,47,4021.64,True,False,False,False,True,True,False,False,False,True,False
row_00797,PRD-OONR06,9.753,0.0609,frozen foods,227.46,STORE-9RG,28,3302.82,False,True,False,True,False,False,True,True,False,False,True
row_00798,PRD-E42X6G,12.850875916323977,0.1117,Dairy,86.25,STORE-T5G,47,357.83,False,False,False,False,False,False,True,True,False,False,False
row_00799,PRD-UT6HR4,12.850875916323977,0.0517,Health and Hygiene,127.46,STORE-T5G,47,130.32,False,False,False,False,False,False,True,False,True,False,False
row_00800,PRD-1NG2QG,7.831,0.2425,frozen foods,154.16,STORE-JOR,34,627.58,False,False,False,False,True,True,False,True,False,True,False
row_00801,PRD-OEM1VZ,12.850875916323977,0.0792,dairy,192.25,STORE-7WS,47,7986.05,True,False,False,False,True,True,False,True,False,False,True
row_00802,PRD-6HEP2U,18.427,0.0126,Snack Foods,144.76,STORE-89Z,33,3509.4,False,True,False,False,False,True,False,False,False,True,False
row_00803,PRD-FUDM7O,20.004,0.0226,Fruits and Vegetables,219.2,STORE-AGY,45,3676.06,False,True,False,False,True,False,False,True,False,False,True
row_00805,PRD-30D7TU,19.21,0.0128,FRUITS AND VEGETABLES,191.2,STORE-OYG,25,4870.76,False,True,False,True,False,True,False,False,False,False,True
row_00806,PRD-HCW81X,8.419,0.0106,Hard Drinks,147.17,STORE-AGY,45,2920.53,False,True,False,False,True,False,False,False,False,True,False
row_00807,PRD-N6HW1H,12.850875916323977,0.1099,starchy foods,90.82,STORE-T5G,47,187.45,False,False,False,False,False,False,True,True,False,False,False
row_00809,PRD-F1RCAV,12.850875916323977,0.083,Hard Drinks,151.62,STORE-7WS,47,2348.45,True,False,False,False,True,True,False,False,False,True,False
row_00810,PRD-V5WMKZ,6.302,0.1041,Breakfast,131.18,STORE-JOR,34,125.69,False,False,False,False,True,True,False,False,True,False,False
row_00811,PRD-UE8YM7,20.701,0.0439,Dairy,174.54,STORE-AGY,45,2562.45,False,True,False,False,True,False,False,False,False,True,False
row_00813,PRD-CPCMJT,19.744,0.0944,HOUSEHOLD,250.94,STORE-89Z,33,3440.94,False,True,False,False,False,True,False,False,False,False,True
row_00816,PRD-YW8YG4,5.525,0.0687,FROZEN FOODS,255.71,STORE-OYG,25,8894.14,False,True,False,True,False,True,False,False,False,False,True
row_00817,PRD-BH7RPX,5.048,0.0353,Household,164.77,STORE-9RG,28,2159.77,False,True,False,True,False,False,True,False,False,True,False
row_00818,PRD-ORDJGF,19.873,0.0052,DAIRY,267.26,STORE-YLW,35,2684.64,False,True,False,False,False,False,True,False,False,False,True
row_00820,PRD-ATSN1U,19.542,0.0239,SOFT DRINKS,84.8,STORE-AGY,45,1061.92,False,True,False,False,True,False,False,False,False,False,False
row_00821,PRD-VRHX1Z,7.815,0.1224,Fruits and Vegetables,116.6,STORE-YLW,35,961.76,False,True,False,False,False,False,True,False,True,False,False
row_00822,PRD-1ZL2WT,13.213,0.0441,Fruits and Vegetables,158.74,STORE-YLW,35,3640.81,False,True,False,False,False,False,True,True,False,True,False
row_00823,PRD-W10HOA,6.686,0.0421,snack foods,93.54,STORE-YLW,35,2319.44,False,True,False,False,False,False,True,False,True,False,False
row_00824,PRD-BVGKP7,15.891,0.0246,FRUITS AND VEGETABLES,100.54,STORE-DKU,30,1310.35,False,True,False,True,False,True,False,True,True,False,False
row_00827,PRD-PD4RXB,16.024,0.127,Baking Goods,61.96,STORE-YLW,35,2700.15,False,True,False,False,False,False,True,True,False,False,False
row_00828,PRD-25OW9Y,12.375,0.0366,Meat,65.54,STORE-9RG,28,895.71,False,True,False,True,False,False,True,False,False,False,False
row_00829,PRD-8KQGUY,12.850875916323977,0.0503,Household,118.99,STORE-T5G,47,370.2,False,False,False,False,False,False,True,False,True,False,False
row_00830,PRD-Y7T0DJ,12.850875916323977,0.1269,FRUITS AND VEGETABLES,90.47,STORE-7WS,47,3088.47,True,False,False,False,True,True,False,False,False,False,False
row_00831,PRD-UMPYO0,7.858,0.042,BAKING GOODS,90.4,STORE-HL7,23,1389.62,False,False,True,False,True,True,False,False,False,False,False
row_00833,PRD-ZJZCZV,8.539,0.0377,snack foods,100.58,STORE-OYG,25,1234.84,False,True,False,True,False,True,False,False,True,False,False
row_00834,PRD-W103DG,8.305,0.0172,soft drinks,192.85,STORE-AGY,45,3639.69,False,True,False,False,True,False,False,False,False,False,True
row_00836,PRD-639BCP,21.375,0.0607,Baking Goods,92.34,STORE-AGY,45,643.14,False,True,False,False,True,False,False,True,False,False,False
row_00837,PRD-TUWAR7,11.013,0.0658,household,35.86,STORE-HL7,23,374.96,False,False,True,False,True,True,False,False,False,False,False
row_00838,PRD-KGPPR8,19.631,0.0639,BAKING GOODS,163.55,STORE-9RG,28,3160.56,False,True,False,True,False,False,True,True,False,True,False
row_00839,PRD-Z8TUBC,20.385,0.0217,household,79.51,STORE-9RG,28,1191.92,False,True,False,True,False,False,True,False,False,False,False
row_00841,PRD-GLI4UP,13.99,0.0384,Starchy Foods,128.78,STORE-9RG,28,2648.51,False,True,False,True,False,False,True,False,True,False,False
row_00842,PRD-GZGU9E,12.850875916323977,0.1801,Dairy,234.1,STORE-T5G,47,953.76,False,False,False,False,False,False,True,False,False,False,True
row_00843,PRD-3MS556,17.835,0.0646,baking goods,159.27,STORE-JOR,34,320.8,False,False,False,False,True,True,False,True,False,True,False
row_00846,PRD-THVKB8,8.863,0.0902,DAIRY,266.31,STORE-9RG,28,1909.61,False,True,False,True,False,False,True,True,False,False,True
row_00847,PRD-7MBAPO,9.935,0.0,fruits and vegetables,218.78,STORE-AGY,45,3476.3,False,True,False,False,True,False,False,True,False,False,True
row_00848,PRD-HFVMHX,8.136,0.0186,Health and Hygiene,239.38,STORE-YLW,35,7438.99,False,True,False,False,False,False,True,False,False,False,True
row_00849,PRD-9WWKQF,17.659,0.0703,Canned,156.37,STORE-89Z,33,4055.98,False,True,False,False,False,True,False,False,False,True,False
row_00850,PRD-MDLMQ0,15.981,0.0574,health and hygiene,146.53,STORE-AGY,45,2501.31,False,True,False,False,True,False,False,False,False,True,False
row_00852,PRD-F26B46,18.425,0.0592,Dairy,84.01,STORE-89Z,33,1799.56,False,True,False,False,False,True,False,False,False,False,False
row_00853,PRD-Y0PRZV,12.850875916323977,0.0774,Breads,142.81,STORE-7WS,47,3771.48,True,False,False,False,True,True,False,True,False,True,False
row_00854,PRD-PCUYHY,15.264,0.0923,Baking Goods,157.45,STORE-OYG,25,2685.4,False,True,False,True,False,True,False,False,False,True,False
row_00855,PRD-ZE8YM4,10.892,0.0732,Others,68.17,STORE-HL7,23,132.57,False,False,True,False,True,True,False,False,False,False,False
row_00857,PRD-EDLQ9E,7.947,0.0524,breads,251.84,STORE-JOR,34,245.96,False,False,False,False,True,True,False,True,False,False,True
row_00858,PRD-HBRPOI,11.709,0.0,SOFT DRINKS,141.31,STORE-DKU,30,3892.63,False,True,False,True,False,True,False,False,True,False,False
row_00859,PRD-N5F3DX,16.697,0.0159,SNACK FOODS,232.44,STORE-HL7,23,2669.97,False,False,True,False,True,True,False,True,False,False,True
row_00860,PRD-VDV7PE,11.155,0.0379,Health and Hygiene,39.61,STORE-DKU,30,507.16,False,True,False,True,False,True,False,False,False,False,False
row_00861,PRD-0KDULB,20.448,0.0708,Household,90.54,STORE-DKU,30,2006.03,False,True,False,True,False,True,False,False,False,False,False
row_00862,PRD-CX9J1I,14.264,0.0961,Soft Drinks,174.16,STORE-YLW,35,2340.15,False,True,False,False,False,False,True,False,False,True,False
row_00863,PRD-VRURQT,16.496,0.0606,DAIRY,178.39,STORE-AGY,45,2257.32,False,True,False,False,True,False,False,True,False,True,False
row_00864,PRD-UH8IUN,7.956,0.0415,MEAT,84.75,STORE-DKU,30,1026.32,False,True,False,True,False,True,False,True,False,False,False
row_00865,PRD-ZGIUDT,15.117,0.0928,Health and Hygiene,114.08,STORE-OYG,25,782.62,False,True,False,True,False,True,False,False,True,False,False
row_00866,PRD-25OW9Y,12.850875916323977,0.0388,Meat,66.1,STORE-7WS,47,2497.7,True,False,False,False,True,True,False,False,False,False,False
row_00867,PRD-3A1DU1,5.793,0.0769,household,164.68,STORE-9RG,28,1166.65,False,True,False,True,False,False,True,False,False,True,False
row_00869,PRD-ZLVU35,13.88,0.0159,breads,232.11,STORE-9RG,28,6740.09,False,True,False,True,False,False,True,False,False,False,True
row_00870,PRD-A0G7G2,16.389,0.0348,FRUITS AND VEGETABLES,264.33,STORE-DKU,30,4258.64,False,True,False,True,False,True,False,False,False,False,True
row_00871,PRD-R2JCPS,8.76,0.0219,Canned,52.08,STORE-DKU,30,955.99,False,True,False,True,False,True,False,False,False,False,False
row_00872,PRD-40V1GK,17.654,0.0266,Snack Foods,252.2,STORE-HL7,23,3744.86,False,False,True,False,True,True,False,False,False,False,True
row_00873,PRD-29S85M,19.61,0.0663,snack foods,175.34,STORE-OYG,25,2701.68,False,True,False,True,False,True,False,False,False,True,False
row_00876,PRD-44P39J,11.569,0.0696,frozen foods,254.98,STORE-AGY,45,4925.05,False,True,False,False,True,False,False,True,False,False,True
row_00877,PRD-UZET1P,13.389,0.036,FRUITS AND VEGETABLES,179.71,STORE-YLW,35,2452.83,False,True,False,False,False,False,True,False,False,True,False
row_00878,PRD-W4Z56R,5.606,0.0825,Fruits and Vegetables,161.16,STORE-OYG,25,1464.63,False,True,False,True,False,True,False,False,False,True,False
row_00879,PRD-ILAZCL,8.079,0.0101,SNACK FOODS,244.47,STORE-9RG,28,3738.98,False,True,False,True,False,False,True,False,False,False,True
row_00881,PRD-FYZF7M,14.225,0.0903,HEALTH AND HYGIENE,165.03,STORE-89Z,33,2916.01,False,True,False,False,False,True,False,False,False,True,False
row_00883,PRD-BLMMDP,15.996,0.007,SNACK FOODS,41.36,STORE-9RG,28,489.78,False,True,False,True,False,False,True,True,False,False,False
row_00885,PRD-7IOABT,7.479,0.0861,Frozen Foods,151.48,STORE-AGY,45,2911.83,False,True,False,False,True,False,False,False,False,True,False
row_00886,PRD-7SMC67,12.850875916323977,0.2503,Breakfast,126.5,STORE-T5G,47,388.65,False,False,False,False,False,False,True,False,True,False,False
row_00887,PRD-18NL4I,18.937,0.0207,Fruits and Vegetables,118.93,STORE-OYG,25,1719.64,False,True,False,True,False,True,False,True,True,False,False
row_00888,PRD-33VFUM,12.850875916323977,0.0908,health and hygiene,120.63,STORE-T5G,47,355.53,False,False,False,False,False,False,True,False,True,False,False
row_00889,PRD-A8C4XU,12.850875916323977,0.1409,MEAT,234.3,STORE-T5G,47,681.7,False,False,False,False,False,False,True,True,False,False,True
row_00890,PRD-VD6XDH,20.624,0.1158,snack foods,169.85,STORE-JOR,34,541.36,False,False,False,False,True,True,False,False,False,True,False
row_00892,PRD-WCAQ6Y,12.239,0.1049,fruits and vegetables,82.93,STORE-89Z,33,1368.23,False,True,False,False,False,True,False,True,False,False,False
row_00893,PRD-7MBAPO,9.975,0.0523,Fruits and Vegetables,223.91,STORE-89Z,33,637.83,False,True,False,False,False,True,False,True,False,False,True
row_00894,PRD-D5KXKQ,12.850875916323977,0.0538,seafood,198.8,STORE-7WS,47,3667.14,True,False,False,False,True,True,False,False,False,False,True
row_00895,PRD-HVVZBL,18.775,0.065,Dairy,118.6,STORE-HL7,23,1596.69,False,False,True,False,True,True,False,True,True,False,False
row_00896,PRD-U0J0N0,8.838,0.0256,Frozen Foods,207.26,STORE-OYG,25,6377.33,False,True,False,True,False,True,False,False,False,False,True
row_00897,PRD-AVC2UI,14.904,0.1118,Fruits and Vegetables,195.23,STORE-9RG,28,3754.19,False,True,False,True,False,False,True,True,False,False,True
row_00898,PRD-DZQ5YW,17.552,0.0782,Snack Foods,101.86,STORE-JOR,34,101.16,False,False,False,False,True,True,False,True,True,False,False
row_00900,PRD-25OW9Y,12.850875916323977,0.0661,Meat,65.64,STORE-T5G,47,187.01,False,False,False,False,False,False,True,False,False,False,False
row_00901,PRD-BOVVPN,9.806,0.0571,HEALTH AND HYGIENE,199.89,STORE-OYG,25,3358.0,False,True,False,True,False,True,False,False,False,False,True
row_00902,PRD-1GXI9D,13.539,0.0354,Frozen Foods,182.29,STORE-AGY,45,6366.33,False,True,False,False,True,False,False,False,False,True,False
row_00903,PRD-MU6FGK,16.267,0.0276,FROZEN FOODS,56.12,STORE-YLW,35,1016.28,False,True,False,False,False,False,True,False,False,False,False
row_00904,PRD-C1HY2U,20.045,0.0752,DAIRY,110.56,STORE-AGY,45,637.45,False,True,False,False,True,False,False,False,True,False,False
row_00907,PRD-3KEGH5,6.006,0.0,canned,228.53,STORE-DKU,30,5307.24,False,True,False,True,False,True,False,False,False,False,True
row_00908,PRD-FP4E8T,12.850875916323977,0.0259,FRUITS AND VEGETABLES,118.0,STORE-7WS,47,4334.99,True,False,False,False,True,True,False,False,True,False,False
row_00909,PRD-TE0XFZ,7.573,0.0,FROZEN FOODS,219.84,STORE-9RG,28,4129.45,False,True,False,True,False,False,True,True,False,False,True
row_00910,PRD-NSLK6R,12.850875916323977,0.0698,Baking Goods,187.76,STORE-7WS,47,3572.72,True,False,False,False,True,True,False,True,False,False,True
row_00911,PRD-N3QXKH,13.832,0.0,dairy,234.73,STORE-89Z,33,1835.48,False,True,False,False,False,True,False,False,False,False,True
row_00912,PRD-WJRNZT,17.39,0.0405,household,162.42,STORE-AGY,45,2311.02,False,True,False,False,True,False,False,False,False,True,False
row_00913,PRD-1ZUYZY,8.935,0.0468,fruits and vegetables,170.32,STORE-YLW,35,3065.07,False,True,False,False,False,False,True,True,False,True,False
row_00915,PRD-0Y2EFZ,15.534,0.1121,CANNED,116.23,STORE-HL7,23,757.68,False,False,True,False,True,True,False,True,True,False,False
row_00916,PRD-AG1OL7,15.635,0.0208,SOFT DRINKS,211.29,STORE-OYG,25,5283.57,False,True,False,True,False,True,False,False,False,False,True
row_00917,PRD-ONUBR9,8.848,0.0,canned,47.6,STORE-AGY,45,576.32,False,True,False,False,True,False,False,False,False,False,False
row_00918,PRD-CXN22P,15.794,0.144,Dairy,93.76,STORE-JOR,34,184.8,False,False,False,False,True,True,False,False,True,False,False
row_00919,PRD-KL9Z6V,12.850875916323977,0.1679,fruits and vegetables,36.93,STORE-7WS,47,1311.18,True,False,False,False,True,True,False,False,False,False,False
row_00920,PRD-LCSXU1,11.725,0.0568,Baking Goods,168.4,STORE-9RG,28,3064.62,False,True,False,True,False,False,True,True,False,True,False
row_00921,PRD-C2MU46,17.704,0.0152,SNACK FOODS,194.47,STORE-YLW,35,3114.22,False,True,False,False,False,False,True,False,False,False,True
row_00922,PRD-30DM7X,9.378,0.1051,SOFT DRINKS,41.99,STORE-9RG,28,445.6,False,True,False,True,False,False,True,True,False,False,False
row_00923,PRD-7N4YTU,17.963,0.1286,Snack Foods,264.82,STORE-JOR,34,498.71,False,False,False,False,True,True,False,False,False,False,True
row_00925,PRD-95CTT5,7.791,0.1202,fruits and vegetables,192.89,STORE-JOR,34,389.8,False,False,False,False,True,True,False,False,False,False,True
row_00926,PRD-AQA355,17.481,0.1121,FROZEN FOODS,39.93,STORE-OYG,25,317.38,False,True,False,True,False,True,False,False,False,False,False
row_00927,PRD-6NJX8K,12.850875916323977,0.0375,household,236.23,STORE-7WS,47,7581.74,True,False,False,False,True,True,False,False,False,False,True
row_00928,PRD-78ZC9Y,17.041,0.0532,Dairy,223.65,STORE-YLW,35,4440.05,False,True,False,False,False,False,True,False,False,False,True
row_00929,PRD-G7TBTN,12.850875916323977,0.0586,Snack Foods,53.61,STORE-9RG,28,586.48,False,True,False,True,False,False,True,False,False,False,False
row_00930,PRD-NI9NWR,12.325,0.0779,HEALTH AND HYGIENE,37.54,STORE-DKU,30,616.42,False,True,False,True,False,True,False,False,False,False,False
row_00931,PRD-4EYNIN,7.027,0.0806,Household,120.14,STORE-9RG,28,1877.94,False,True,False,True,False,False,True,False,True,False,False
row_00932,PRD-1APTC7,20.326,0.0601,HEALTH AND HYGIENE,111.29,STORE-OYG,25,1543.07,False,True,False,True,False,True,False,False,True,False,False
row_00933,PRD-CM8SJU,20.752,0.0221,Others,152.95,STORE-DKU,30,4105.27,False,True,False,True,False,True,False,False,False,True,False
row_00934,PRD-PLE5H3,10.43,0.0284,FRUITS AND VEGETABLES,102.37,STORE-9RG,28,1286.3,False,True,False,True,False,False,True,False,True,False,False
row_00935,PRD-CFZYY9,12.850875916323977,0.1494,FROZEN FOODS,210.6,STORE-T5G,47,1086.27,False,False,False,False,False,False,True,False,False,False,True
row_00936,PRD-5YE8T5,14.587,0.0364,FRUITS AND VEGETABLES,158.56,STORE-9RG,28,2256.78,False,True,False,True,False,False,True,True,False,True,False
row_00937,PRD-I379U2,19.112,0.0572,Soft Drinks,55.25,STORE-JOR,34,158.4,False,False,False,False,True,True,False,False,False,False,False
row_00938,PRD-1AS2YU,18.776,0.0897,Baking Goods,134.25,STORE-JOR,34,262.69,False,False,False,False,True,True,False,False,True,False,False
row_00939,PRD-YX3CXX,12.942,0.0466,breads,61.94,STORE-HL7,23,634.26,False,False,True,False,True,True,False,False,False,False,False
row_00940,PRD-VKXTUF,21.069,0.0411,Fruits and Vegetables,96.97,STORE-JOR,34,94.69,False,False,False,False,True,True,False,False,True,False,False
row_00941,PRD-3D9PH3,18.601,0.1327,hard drinks,160.34,STORE-OYG,25,1465.85,False,True,False,True,False,True,False,False,False,True,False
row_00942,PRD-P6SDYY,19.752,0.1044,MEAT,161.84,STORE-JOR,34,691.36,False,False,False,False,True,True,False,True,False,True,False
row_00943,PRD-24SCOS,12.850875916323977,0.0062,HARD DRINKS,155.81,STORE-T5G,47,454.4,False,False,False,False,False,False,True,False,False,True,False
row_00944,PRD-D4K7YJ,18.021,0.0,Starchy Foods,187.78,STORE-YLW,35,4370.77,False,True,False,False,False,False,True,True,False,False,True
row_00945,PRD-ATSWZZ,11.075,0.0301,Household,116.45,STORE-DKU,30,708.31,False,True,False,True,False,True,False,False,True,False,False
row_00949,PRD-Y4II63,17.07,0.1318,Household,128.37,STORE-OYG,25,2532.31,False,True,False,True,False,True,False,False,True,False,False
row_00950,PRD-JN3LYX,13.966,0.1288,DAIRY,117.54,STORE-HL7,23,2016.51,False,False,True,False,True,True,False,False,True,False,False
row_00951,PRD-QEYOOU,19.158,0.0,Frozen Foods,235.02,STORE-9RG,28,3221.02,False,True,False,True,False,False,True,True,False,False,True
row_00952,PRD-GJ1QQ8,20.548,0.1431,Baking Goods,119.19,STORE-JOR,34,119.57,False,False,False,False,True,True,False,False,True,False,False
row_00953,PRD-S6KFRX,19.035,0.2884,household,169.54,STORE-JOR,34,1010.2,False,False,False,False,True,True,False,False,False,True,False
row_00954,PRD-BFDNHH,12.850875916323977,0.09,Snack Foods,152.75,STORE-7WS,47,3675.02,True,False,False,False,True,True,False,True,False,True,False
row_00955,PRD-ZKHI80,13.399,0.025,Household,173.34,STORE-AGY,45,2704.68,False,True,False,False,True,False,False,False,False,True,False
row_00956,PRD-SVH3EJ,6.292,0.0128,meat,39.55,STORE-OYG,25,1101.33,False,True,False,True,False,True,False,False,False,False,False
row_00957,PRD-9AHW2P,13.704,0.056,SNACK FOODS,225.07,STORE-YLW,35,5328.78,False,True,False,False,False,False,True,True,False,False,True
row_00958,PRD-5AH9WE,12.850875916323977,0.0928,Household,194.63,STORE-7WS,47,5919.06,True,False,False,False,True,True,False,False,False,False,True
row_00959,PRD-299PG3,8.648,0.0409,Canned,187.17,STORE-89Z,33,1637.3,False,True,False,False,False,True,False,True,False,False,True
row_00960,PRD-BJPI4H,6.901,0.0148,Soft Drinks,125.68,STORE-OYG,25,1662.16,False,True,False,True,False,True,False,False,True,False,False
row_00961,PRD-THVKB8,12.850875916323977,0.0859,dairy,257.16,STORE-7WS,47,9523.15,True,False,False,False,True,True,False,True,False,False,True
row_00962,PRD-VKXTUF,12.850875916323977,0.0394,FRUITS AND VEGETABLES,96.17,STORE-T5G,47,183.69,False,False,False,False,False,False,True,False,True,False,False
row_00964,PRD-L6HYC1,7.152,0.1481,SNACK FOODS,101.88,STORE-HL7,23,1887.24,False,False,True,False,True,True,False,True,True,False,False
row_00965,PRD-SIY7PG,14.325,0.0421,Household,42.56,STORE-JOR,34,41.85,False,False,False,False,True,True,False,False,False,False,False
row_00966,PRD-FYZF7M,14.402,0.0901,health and hygiene,156.49,STORE-OYG,25,2280.52,False,True,False,True,False,True,False,False,False,True,False
row_00967,PRD-1K1QT6,14.001,0.0164,HOUSEHOLD,180.54,STORE-JOR,34,341.3,False,False,False,False,True,True,False,False,False,True,False
row_00968,PRD-O15RRZ,12.656,0.102,Frozen Foods,39.76,STORE-OYG,25,1316.09,False,True,False,True,False,True,False,False,False,False,False
row_00969,PRD-BLMMDP,15.878,0.0074,snack foods,39.02,STORE-DKU,30,703.95,False,True,False,True,False,True,False,True,False,False,False
row_00970,PRD-JEDKTS,12.850875916323977,0.087,Soft Drinks,93.44,STORE-T5G,47,95.14,False,False,False,False,False,False,True,False,True,False,False
row_00971,PRD-5WVO01,5.036,0.0316,Health and Hygiene,35.83,STORE-AGY,45,391.36,False,True,False,False,True,False,False,False,False,False,False
row_00972,PRD-OI4J3X,12.850875916323977,0.166,Fruits and Vegetables,63.64,STORE-7WS,47,2400.73,True,False,False,False,True,True,False,True,False,False,False
row_00973,PRD-H4PNZP,17.932,0.0124,Fruits and Vegetables,58.62,STORE-89Z,33,1697.28,False,True,False,False,False,True,False,True,False,False,False
row_00974,PRD-C5BV1L,15.487,0.0227,household,100.43,STORE-HL7,23,998.09,False,False,True,False,True,True,False,False,True,False,False
row_00975,PRD-JQHUCI,7.825,0.1487,Canned,51.22,STORE-DKU,30,1163.15,False,True,False,True,False,True,False,True,False,False,False
row_00976,PRD-1LYFSP,12.850875916323977,0.3201,Fruits and Vegetables,228.19,STORE-T5G,47,850.7,False,False,False,False,False,False,True,False,False,False,True
row_00978,PRD-UVYP1N,14.85,0.0976,Snack Foods,161.95,STORE-DKU,30,4133.37,False,True,False,True,False,True,False,True,False,True,False
row_00979,PRD-7R37F7,10.51,0.0262,fruits and vegetables,219.0,STORE-YLW,35,2960.09,False,True,False,False,False,False,True,True,False,False,True
row_00982,PRD-VTAQXP,6.1,0.0998,DAIRY,44.51,STORE-AGY,45,344.63,False,True,False,False,True,False,False,True,False,False,False
row_00983,PRD-QYXGO4,19.573,0.0559,Fruits and Vegetables,56.65,STORE-89Z,33,835.29,False,True,False,False,False,True,False,False,False,False,False
row_00985,PRD-TKW2J2,7.235,0.0537,BREADS,229.82,STORE-9RG,28,5897.21,False,True,False,True,False,False,True,True,False,False,True
row_00986,PRD-NZLAXA,18.392,0.041,Household,248.52,STORE-AGY,45,6413.1,False,True,False,False,True,False,False,False,False,False,True
row_00987,PRD-V33B4H,14.085,0.0854,Meat,121.43,STORE-YLW,35,2099.6,False,True,False,False,False,False,True,True,True,False,False
row_00988,PRD-YC4OM3,12.171,0.0111,DAIRY,161.8,STORE-YLW,35,2267.19,False,True,False,False,False,False,True,False,False,True,False
row_00989,PRD-X272HP,4.664,0.0,Soft Drinks,113.24,STORE-DKU,30,1195.4,False,True,False,True,False,True,False,False,True,False,False
row_00990,PRD-1IQXZX,12.850875916323977,0.0749,Frozen Foods,41.83,STORE-T5G,47,40.83,False,False,False,False,False,False,True,False,False,False,False
row_00991,PRD-6HEP2U,17.795,0.0128,snack foods,141.77,STORE-HL7,23,2565.8,False,False,True,False,True,True,False,False,True,False,False
row_00992,PRD-6O3NRD,11.567,0.0073,Meat,198.69,STORE-DKU,30,944.09,False,True,False,True,False,True,False,False,False,False,True
row_00993,PRD-LF7XE7,15.543,0.1798,Fruits and Vegetables,115.89,STORE-AGY,45,664.83,False,True,False,False,True,False,False,False,True,False,False
row_00994,PRD-TS5BJJ,6.194,0.0352,HOUSEHOLD,253.78,STORE-JOR,34,248.12,False,False,False,False,True,True,False,False,False,False,True
row_00995,PRD-8CX8FG,14.392,0.0881,FROZEN FOODS,231.06,STORE-YLW,35,3106.47,False,True,False,False,False,False,True,True,False,False,True
row_01000,PRD-YCKVJK,13.255,0.1916,canned,219.26,STORE-OYG,25,3068.13,False,True,False,True,False,True,False,True,False,False,True
row_01002,PRD-3I603D,17.627,0.0274,Frozen Foods,259.49,STORE-AGY,45,4924.98,False,True,False,False,True,False,False,False,False,False,True
row_01003,PRD-59JSU0,15.469,0.0958,meat,135.65,STORE-DKU,30,1458.32,False,True,False,True,False,True,False,True,True,False,False
row_01004,PRD-R3PE29,5.498,0.1802,Soft Drinks,142.75,STORE-AGY,45,1941.78,False,True,False,False,True,False,False,False,False,True,False
row_01005,PRD-Q8V88B,12.850875916323977,0.1036,Canned,230.09,STORE-7WS,47,5621.86,True,False,False,False,True,True,False,True,False,False,True
row_01006,PRD-LUX745,16.269,0.0363,Health and Hygiene,94.33,STORE-DKU,30,849.55,False,True,False,True,False,True,False,False,True,False,False
row_01007,PRD-45H02C,13.195,0.0307,CANNED,60.64,STORE-HL7,23,557.61,False,False,True,False,True,True,False,True,False,False,False
row_01008,PRD-X497W1,10.296,0.046,HARD DRINKS,157.33,STORE-89Z,33,1868.1,False,True,False,False,False,True,False,False,False,True,False
row_01009,PRD-WEPXSK,14.482,0.0453,Soft Drinks,77.46,STORE-9RG,28,1570.36,False,True,False,True,False,False,True,False,False,False,False
row_01010,PRD-UUSRZR,12.850875916323977,0.0592,FROZEN FOODS,152.17,STORE-7WS,47,6025.88,True,False,False,False,True,True,False,True,False,True,False
row_01011,PRD-49DBZ7,10.883,0.1566,Snack Foods,104.58,STORE-9RG,28,772.27,False,True,False,True,False,False,True,False,True,False,False
row_01012,PRD-V94X2H,13.957,0.0351,Snack Foods,236.31,STORE-AGY,45,3159.67,False,True,False,False,True,False,False,False,False,False,True
row_01013,PRD-JDXA1F,9.996,0.0266,MEAT,124.39,STORE-AGY,45,2212.8,False,True,False,False,True,False,False,False,True,False,False
row_01014,PRD-MLWBFJ,6.363,0.0311,baking goods,92.41,STORE-AGY,45,1186.64,False,True,False,False,True,False,False,False,False,False,False
row_01015,PRD-ZE84LM,7.18,0.0235,frozen foods,98.46,STORE-89Z,33,1450.95,False,True,False,False,False,True,False,False,True,False,False
row_01016,PRD-7Y6KY9,20.418,0.0313,BAKING GOODS,176.74,STORE-9RG,28,4760.87,False,True,False,True,False,False,True,False,False,True,False
row_01018,PRD-6O0HUH,20.674,0.0,Fruits and Vegetables,228.53,STORE-DKU,30,1403.32,False,True,False,True,False,True,False,True,False,False,True
row_01019,PRD-BJPI4H,6.978,0.0,soft drinks,127.94,STORE-AGY,45,2417.12,False,True,False,False,True,False,False,False,True,False,False
row_01020,PRD-N3R81D,18.588,0.0918,Frozen Foods,181.84,STORE-DKU,30,1790.52,False,True,False,True,False,True,False,True,False,True,False
row_01021,PRD-0JGL4C,12.850875916323977,0.2399,Canned,40.6,STORE-T5G,47,78.58,False,False,False,False,False,False,True,True,False,False,False
row_01022,PRD-JLD0TT,12.352,0.0239,DAIRY,34.47,STORE-9RG,28,487.03,False,True,False,True,False,False,True,False,False,False,False
row_01023,PRD-I85FVO,20.403,0.0646,Household,60.79,STORE-DKU,30,1184.24,False,True,False,True,False,True,False,False,False,False,False
row_01024,PRD-VLTBHO,17.394,0.1516,Meat,163.49,STORE-HL7,23,2016.06,False,False,True,False,True,True,False,False,False,True,False
row_01027,PRD-WT29FN,17.627,0.0086,Baking Goods,80.54,STORE-HL7,23,665.74,False,False,True,False,True,True,False,False,False,False,False
row_01028,PRD-W4Z56R,5.81,0.0853,FRUITS AND VEGETABLES,161.42,STORE-DKU,30,1800.57,False,True,False,True,False,True,False,False,False,True,False
row_01029,PRD-299PG3,8.823,0.0393,Canned,187.35,STORE-AGY,45,3781.74,False,True,False,False,True,False,False,True,False,False,True
row_01030,PRD-00CVW9,7.55,0.0776,breads,78.82,STORE-YLW,35,1932.29,False,True,False,False,False,False,True,True,False,False,False
row_01033,PRD-KTGBTY,11.575,0.0196,hard drinks,39.24,STORE-89Z,33,569.64,False,True,False,False,False,True,False,False,False,False,False
row_01035,PRD-EGC2DP,6.991,0.0593,Snack Foods,220.23,STORE-DKU,30,1990.24,False,True,False,True,False,True,False,False,False,False,True
row_01036,PRD-KSF4HT,12.850875916323977,0.0576,Seafood,109.19,STORE-T5G,47,329.09,False,False,False,False,False,False,True,False,True,False,False
row_01037,PRD-AY7R54,17.761,0.0773,Household,229.03,STORE-AGY,45,4492.77,False,True,False,False,True,False,False,False,False,False,True
row_01038,PRD-NY1QEG,9.161,0.0398,Frozen Foods,62.72,STORE-DKU,30,793.55,False,True,False,True,False,True,False,False,False,False,False
row_01039,PRD-2UHCIN,20.807,0.0253,Household,176.54,STORE-YLW,35,2457.26,False,True,False,False,False,False,True,False,False,True,False
row_01040,PRD-2YAZQT,15.069,0.0816,frozen foods,48.36,STORE-AGY,45,293.74,False,True,False,False,True,False,False,True,False,False,False
row_01041,PRD-P8192C,8.527,0.0683,Household,214.94,STORE-9RG,28,2444.19,False,True,False,True,False,False,True,False,False,False,True
row_01042,PRD-KK5FI1,12.252,0.0758,canned,88.05,STORE-OYG,25,1395.85,False,True,False,True,False,True,False,True,False,False,False
row_01045,PRD-HYF9SX,17.02,0.0243,SOFT DRINKS,38.43,STORE-89Z,33,595.56,False,True,False,False,False,True,False,True,False,False,False
row_01047,PRD-ILCMG5,12.850875916323977,0.0865,FRUITS AND VEGETABLES,141.96,STORE-T5G,47,292.33,False,False,False,False,False,False,True,True,True,False,False
row_01048,PRD-JDXA1F,9.708,0.027,Meat,130.07,STORE-89Z,33,3176.82,False,True,False,False,False,True,False,False,True,False,False
row_01049,PRD-9LB7L5,18.642,0.1735,Dairy,155.93,STORE-89Z,33,2062.6,False,True,False,False,False,True,False,True,False,True,False
row_01051,PRD-JZ2N82,12.723,0.0963,Household,45.24,STORE-AGY,45,665.14,False,True,False,False,True,False,False,False,False,False,False
row_01052,PRD-0948NP,9.451,0.036,Fruits and Vegetables,139.39,STORE-OYG,25,1756.1,False,True,False,True,False,True,False,False,True,False,False
row_01053,PRD-ZFV8YU,7.737,0.0885,fruits and vegetables,132.0,STORE-JOR,34,128.56,False,False,False,False,True,True,False,False,True,False,False
row_01054,PRD-2I8L31,19.989,0.0369,Fruits and Vegetables,120.8,STORE-YLW,35,2310.73,False,True,False,False,False,False,True,False,True,False,False
row_01055,PRD-3UEA3G,15.285,0.1643,Dairy,37.06,STORE-HL7,23,255.72,False,False,True,False,True,True,False,False,False,False,False
row_01056,PRD-53JSJC,12.850875916323977,0.0606,household,232.56,STORE-7WS,47,2636.98,True,False,False,False,True,True,False,False,False,False,True
row_01057,PRD-HYF9SX,17.162,0.0,SOFT DRINKS,40.13,STORE-YLW,35,350.12,False,True,False,False,False,False,True,True,False,False,False
row_01058,PRD-AVC2UI,15.454,0.1185,fruits and vegetables,191.97,STORE-YLW,35,1762.73,False,True,False,False,False,False,True,True,False,False,True
row_01059,PRD-6GKHNX,8.674,0.0492,Health and Hygiene,128.26,STORE-AGY,45,642.85,False,True,False,False,True,False,False,False,True,False,False
row_01060,PRD-ESG687,17.819,0.1779,Dairy,153.2,STORE-OYG,25,1525.28,False,True,False,True,False,True,False,False,False,True,False
row_01061,PRD-WT29FN,12.850875916323977,0.0086,baking goods,83.07,STORE-7WS,47,1463.19,True,False,False,False,True,True,False,False,False,False,False
row_01062,PRD-M5VWIP,5.913,0.0735,FROZEN FOODS,122.5,STORE-89Z,33,1113.74,False,True,False,False,False,True,False,False,True,False,False
row_01063,PRD-MHZN3M,17.459,0.0279,MEAT,145.97,STORE-JOR,34,428.4,False,False,False,False,True,True,False,False,False,True,False
row_01065,PRD-994LX9,7.631,0.1413,Dairy,105.03,STORE-YLW,35,419.73,False,True,False,False,False,False,True,False,True,False,False
row_01066,PRD-P2S2O8,10.543,0.0241,Fruits and Vegetables,56.66,STORE-HL7,23,544.69,False,False,True,False,True,True,False,False,False,False,False
row_01067,PRD-MQEEB6,17.296,0.0733,Canned,76.14,STORE-89Z,33,635.99,False,True,False,False,False,True,False,False,False,False,False
row_01068,PRD-AK2WNJ,12.850875916323977,0.1363,Baking Goods,175.13,STORE-T5G,47,356.21,False,False,False,False,False,False,True,False,False,True,False
row_01069,PRD-ANNREG,12.850875916323977,0.0337,Canned,139.18,STORE-7WS,47,2513.6,True,False,False,False,True,True,False,True,True,False,False
row_01070,PRD-83UJSO,12.850875916323977,0.0186,health and hygiene,129.38,STORE-7WS,47,3479.85,True,False,False,False,True,True,False,False,True,False,False
row_01071,PRD-GH9N12,10.972,0.1028,Baking Goods,100.05,STORE-YLW,35,1012.58,False,True,False,False,False,False,True,True,True,False,False
row_01072,PRD-V82DIB,11.842,0.0107,meat,107.75,STORE-HL7,23,339.82,False,False,True,False,True,True,False,True,True,False,False
row_01073,PRD-BAZHAK,12.850875916323977,0.0989,frozen foods,112.32,STORE-7WS,47,4189.22,True,False,False,False,True,True,False,False,True,False,False
row_01074,PRD-AVC2UI,15.153,0.0,fruits and vegetables,198.04,STORE-89Z,33,2426.43,False,True,False,False,False,True,False,True,False,False,True
row_01075,PRD-LYF3YR,6.507,0.0062,household,163.72,STORE-9RG,28,2658.56,False,True,False,True,False,False,True,False,False,True,False
row_01076,PRD-97XGCK,15.53,0.0,Baking Goods,109.94,STORE-HL7,23,1445.81,False,False,True,False,True,True,False,False,True,False,False
row_01079,PRD-Q7U1KU,12.911,0.0219,Dairy,118.65,STORE-DKU,30,1993.58,False,True,False,True,False,True,False,False,True,False,False
row_01080,PRD-AAFH5J,20.276,0.0197,Fruits and Vegetables,86.78,STORE-HL7,23,722.79,False,False,True,False,True,True,False,False,False,False,False
row_01081,PRD-R2JCPS,8.901,0.0211,Canned,52.01,STORE-89Z,33,704.49,False,True,False,False,False,True,False,False,False,False,False
row_01082,PRD-71SD9E,13.97,0.0671,Snack Foods,200.97,STORE-DKU,30,2132.34,False,True,False,True,False,True,False,False,False,False,True
row_01083,PRD-444NK0,5.028,0.0624,Meat,124.17,STORE-YLW,35,3335.59,False,True,False,False,False,False,True,True,True,False,False
row_01084,PRD-8KYLHT,9.162,0.1762,SNACK FOODS,106.92,STORE-89Z,33,1946.23,False,True,False,False,False,True,False,False,True,False,False
row_01086,PRD-GZ0C99,12.850875916323977,0.0255,Meat,245.33,STORE-T5G,47,1035.23,False,False,False,False,False,False,True,True,False,False,True
row_01087,PRD-KINNDW,19.917,0.0,FROZEN FOODS,81.41,STORE-OYG,25,1105.66,False,True,False,True,False,True,False,True,False,False,False
row_01088,PRD-KYKE9F,13.614,0.0367,SNACK FOODS,241.15,STORE-DKU,30,2219.25,False,True,False,True,False,True,False,False,False,False,True
row_01089,PRD-M2PZNT,12.850875916323977,0.0186,Others,159.66,STORE-7WS,47,5805.06,True,False,False,False,True,True,False,False,False,True,False
row_01091,PRD-JB3VCF,13.415,0.0124,SNACK FOODS,58.32,STORE-9RG,28,940.42,False,True,False,True,False,False,True,True,False,False,False
row_01092,PRD-4EYNIN,7.053,0.0769,Household,115.54,STORE-AGY,45,2428.48,False,True,False,False,True,False,False,False,True,False,False
row_01094,PRD-83UJSO,18.336,0.0185,health and hygiene,132.65,STORE-9RG,28,3258.1,False,True,False,True,False,False,True,False,True,False,False
row_01095,PRD-OQTFZN,11.971,0.1311,Fruits and Vegetables,182.82,STORE-AGY,45,2517.62,False,True,False,False,True,False,False,True,False,True,False
row_01096,PRD-N7XY43,16.02,0.0806,Canned,92.77,STORE-AGY,45,1881.33,False,True,False,False,True,False,False,False,False,False,False
row_01097,PRD-9IT02F,17.268,0.0,HOUSEHOLD,117.97,STORE-HL7,23,1402.5,False,False,True,False,True,True,False,False,True,False,False
row_01098,PRD-XWMUWB,18.833,0.0343,Snack Foods,179.66,STORE-OYG,25,3264.93,False,True,False,True,False,True,False,False,False,True,False
row_01099,PRD-FNO6B9,8.097,0.1309,soft drinks,191.56,STORE-HL7,23,4633.09,False,False,True,False,True,True,False,True,False,False,True
row_01100,PRD-V3OJ57,12.850875916323977,0.0417,Frozen Foods,54.66,STORE-7WS,47,991.18,True,False,False,False,True,True,False,False,False,False,False
row_01101,PRD-N7P05D,11.666,0.0226,Dairy,183.09,STORE-OYG,25,1636.5,False,True,False,True,False,True,False,True,False,True,False
row_01102,PRD-TFZHI9,8.833,0.1481,Health and Hygiene,93.33,STORE-HL7,23,1018.13,False,False,True,False,True,True,False,False,True,False,False
row_01103,PRD-BA4ILA,12.850875916323977,0.2044,Fruits and Vegetables,110.85,STORE-T5G,47,348.41,False,False,False,False,False,False,True,True,True,False,False
row_01106,PRD-QP2PX3,7.061,0.0395,Dairy,99.88,STORE-DKU,30,587.57,False,True,False,True,False,True,False,True,True,False,False
row_01109,PRD-J0G50R,20.025,0.0627,Canned,89.05,STORE-YLW,35,1802.93,False,True,False,False,False,False,True,False,False,False,False
row_01110,PRD-AG1OL7,15.075,0.0193,Soft Drinks,212.44,STORE-AGY,45,3080.48,False,True,False,False,True,False,False,False,False,False,True
row_01112,PRD-SILU2D,6.408,0.0104,CANNED,118.05,STORE-YLW,35,1735.96,False,True,False,False,False,False,True,False,True,False,False
row_01113,PRD-MLWBFJ,6.355,0.0299,Baking Goods,93.28,STORE-YLW,35,998.61,False,True,False,False,False,False,True,False,False,False,False
row_01114,PRD-YUG5GN,12.078,0.1259,FRUITS AND VEGETABLES,47.25,STORE-OYG,25,280.22,False,True,False,True,False,True,False,False,False,False,False
row_01116,PRD-F88JRF,18.099,0.0631,Frozen Foods,150.53,STORE-YLW,35,2076.77,False,True,False,False,False,False,True,True,False,True,False
row_01117,PRD-1GXI9D,12.850875916323977,0.0366,FROZEN FOODS,183.23,STORE-7WS,47,5924.51,True,False,False,False,True,True,False,False,False,True,False
row_01118,PRD-25OW9Y,12.436,0.0636,MEAT,64.22,STORE-JOR,34,268.44,False,False,False,False,True,True,False,False,False,False,False
row_01120,PRD-BOVVPN,10.109,0.0546,Health and Hygiene,200.38,STORE-AGY,45,574.07,False,True,False,False,True,False,False,False,False,False,True
row_01121,PRD-4JP18M,18.345,0.0516,SNACK FOODS,125.23,STORE-YLW,35,820.09,False,True,False,False,False,False,True,False,True,False,False
row_01122,PRD-1UBYH8,7.673,0.0589,Breakfast,166.77,STORE-89Z,33,1169.5,False,True,False,False,False,True,False,False,False,True,False
row_01125,PRD-0X3FG6,21.078,0.1652,Fruits and Vegetables,126.05,STORE-JOR,34,242.43,False,False,False,False,True,True,False,True,True,False,False
row_01127,PRD-ZHWW3L,12.356,0.0197,Meat,96.89,STORE-89Z,33,1553.42,False,True,False,False,False,True,False,True,True,False,False
row_01128,PRD-NNQFKP,14.928,0.1142,Soft Drinks,34.87,STORE-89Z,33,611.68,False,True,False,False,False,True,False,False,False,False,False
row_01130,PRD-NHLLA9,13.735,0.077,Health and Hygiene,55.62,STORE-9RG,28,503.96,False,True,False,True,False,False,True,False,False,False,False
row_01131,PRD-T4BXVH,8.804,0.0344,FRUITS AND VEGETABLES,113.2,STORE-JOR,34,328.27,False,False,False,False,True,True,False,False,True,False,False
row_01132,PRD-K2W2CW,16.723,0.0487,CANNED,118.75,STORE-DKU,30,3322.17,False,True,False,True,False,True,False,False,True,False,False
row_01133,PRD-T6MJXK,19.135,0.0232,Dairy,97.88,STORE-OYG,25,697.42,False,True,False,True,False,True,False,False,True,False,False
row_01134,PRD-4AAL09,12.850875916323977,0.1471,Others,37.41,STORE-T5G,47,107.15,False,False,False,False,False,False,True,False,False,False,False
row_01135,PRD-WV98Y3,20.108,0.0,Snack Foods,124.35,STORE-89Z,33,1480.89,False,True,False,False,False,True,False,False,True,False,False
row_01136,PRD-X7CODR,19.268,0.0141,Household,100.71,STORE-HL7,23,1465.72,False,False,True,False,True,True,False,False,True,False,False
row_01137,PRD-6YLBXP,17.45,0.1353,canned,259.36,STORE-HL7,23,6564.05,False,False,True,False,True,True,False,True,False,False,True
row_01138,PRD-EFRJYJ,5.403,0.1377,Seafood,174.79,STORE-89Z,33,3154.64,False,True,False,False,False,True,False,True,False,True,False
row_01139,PRD-V2V1IT,10.294,0.0452,Frozen Foods,135.78,STORE-AGY,45,1462.39,False,True,False,False,True,False,False,False,True,False,False
row_01140,PRD-I4J38V,13.631,0.061,Frozen Foods,147.13,STORE-9RG,28,1300.98,False,True,False,True,False,False,True,False,False,True,False
row_01141,PRD-202SK1,19.741,0.0852,canned,184.71,STORE-OYG,25,5154.93,False,True,False,True,False,True,False,False,False,True,False
row_01142,PRD-U3BDL2,8.796,0.0541,Breads,131.12,STORE-YLW,35,1575.99,False,True,False,False,False,False,True,True,True,False,False
row_01143,PRD-OAEDOE,13.226,0.0,DAIRY,76.57,STORE-YLW,35,975.84,False,True,False,False,False,False,True,False,False,False,False
row_01144,PRD-FTNWN0,17.678,0.1424,breads,94.25,STORE-OYG,25,1667.5,False,True,False,True,False,True,False,False,True,False,False
row_01147,PRD-Y20K05,12.850875916323977,0.0093,MEAT,118.77,STORE-7WS,47,2849.27,True,False,False,False,True,True,False,False,True,False,False
row_01149,PRD-0V6RAS,11.748,0.0478,fruits and vegetables,165.8,STORE-YLW,35,1298.91,False,True,False,False,False,False,True,True,False,True,False
row_01150,PRD-H56OB4,9.172,0.0465,HOUSEHOLD,108.46,STORE-DKU,30,2017.93,False,True,False,True,False,True,False,False,True,False,False
row_01151,PRD-TFZHI9,8.612,0.1488,health and hygiene,97.71,STORE-YLW,35,1933.58,False,True,False,False,False,False,True,False,True,False,False
row_01152,PRD-KJ6I53,7.75,0.1781,Household,37.16,STORE-DKU,30,430.13,False,True,False,True,False,True,False,False,False,False,False
row_01153,PRD-WJIQXP,12.850875916323977,0.1313,Frozen Foods,195.42,STORE-T5G,47,187.33,False,False,False,False,False,False,True,True,False,False,True
row_01154,PRD-LQY3T3,16.022,0.0889,Household,191.68,STORE-AGY,45,2595.9,False,True,False,False,True,False,False,False,False,False,True
row_01155,PRD-KE6H76,8.421,0.0295,Baking Goods,99.89,STORE-YLW,35,485.14,False,True,False,False,False,False,True,True,True,False,False
row_01156,PRD-PUWBWJ,12.342,0.0736,Dairy,262.3,STORE-OYG,25,10130.9,False,True,False,True,False,True,False,True,False,False,True
row_01157,PRD-CJ2XX2,8.415,0.0345,Fruits and Vegetables,36.56,STORE-OYG,25,825.6,False,True,False,True,False,True,False,False,False,False,False
row_01158,PRD-DFNIAJ,12.850875916323977,0.0885,breads,117.48,STORE-7WS,47,3648.76,True,False,False,False,True,True,False,False,True,False,False
row_01159,PRD-Y54CLR,12.850875916323977,0.133,Snack Foods,167.39,STORE-7WS,47,1009.24,True,False,False,False,True,True,False,True,False,True,False
row_01160,PRD-75E78H,7.255,0.0304,household,178.27,STORE-89Z,33,6440.14,False,True,False,False,False,True,False,False,False,True,False
row_01161,PRD-2G9O9Y,12.850875916323977,0.157,Canned,248.67,STORE-T5G,47,1019.68,False,False,False,False,False,False,True,True,False,False,True
row_01163,PRD-3OZLL1,6.415,0.1369,snack foods,131.2,STORE-89Z,33,3152.92,False,True,False,False,False,True,False,False,True,False,False
row_01164,PRD-TGIQHG,6.241,0.1375,Hard Drinks,108.58,STORE-JOR,34,108.78,False,False,False,False,True,True,False,False,True,False,False
row_01166,PRD-RY40KH,12.171,0.0299,fruits and vegetables,101.08,STORE-AGY,45,316.53,False,True,False,False,True,False,False,False,True,False,False
row_01167,PRD-UC3160,17.435,0.1312,meat,114.21,STORE-JOR,34,352.01,False,False,False,False,True,True,False,True,True,False,False
row_01168,PRD-XQL9QP,5.533,0.0696,Breads,264.98,STORE-9RG,28,5174.6,False,True,False,True,False,False,True,True,False,False,True
row_01169,PRD-5OIBGD,16.599,0.1102,Snack Foods,154.26,STORE-DKU,30,2829.92,False,True,False,True,False,True,False,False,False,True,False
row_01170,PRD-QWRZFX,12.850875916323977,0.0065,Baking Goods,120.58,STORE-7WS,47,3617.78,True,False,False,False,True,True,False,True,True,False,False
row_01171,PRD-Q7U1KU,13.472,0.0,DAIRY,114.64,STORE-9RG,28,2632.69,False,True,False,True,False,False,True,False,True,False,False
row_01172,PRD-OS7E3D,9.383,0.03,Household,43.64,STORE-9RG,28,139.24,False,True,False,True,False,False,True,False,False,False,False
row_01173,PRD-0AB7R8,13.01,0.167,FRUITS AND VEGETABLES,169.31,STORE-9RG,28,3601.71,False,True,False,True,False,False,True,True,False,True,False
row_01174,PRD-6852FC,12.08,0.0161,Hard Drinks,178.69,STORE-AGY,45,4216.91,False,True,False,False,True,False,False,False,False,True,False
row_01175,PRD-9JRSNV,17.622,0.0358,SOFT DRINKS,160.84,STORE-9RG,28,5870.66,False,True,False,True,False,False,True,False,False,True,False
row_01176,PRD-1LYFSP,19.588,0.1761,fruits and vegetables,216.41,STORE-OYG,25,3535.86,False,True,False,True,False,True,False,False,False,False,True
row_01177,PRD-P45GAD,8.657,0.1212,HOUSEHOLD,94.09,STORE-9RG,28,860.32,False,True,False,True,False,False,True,False,True,False,False
row_01179,PRD-S1R8NF,13.865,0.0248,snack foods,80.37,STORE-DKU,30,551.73,False,True,False,True,False,True,False,True,False,False,False
row_01180,PRD-9QWB0H,12.850875916323977,0.0448,Breads,105.01,STORE-T5G,47,100.58,False,False,False,False,False,False,True,False,True,False,False
row_01181,PRD-CUZREN,13.867,0.0596,Dairy,242.61,STORE-9RG,28,5808.4,False,True,False,True,False,False,True,False,False,False,True
row_01182,PRD-JZETKP,7.807,0.0142,Baking Goods,85.69,STORE-DKU,30,2616.56,False,True,False,True,False,True,False,False,False,False,False
row_01184,PRD-UDD467,8.935,0.0283,dairy,154.76,STORE-HL7,23,1177.57,False,False,True,False,True,True,False,False,False,True,False
row_01185,PRD-9U47YU,11.219,0.0056,Fruits and Vegetables,168.72,STORE-AGY,45,2399.11,False,True,False,False,True,False,False,True,False,True,False
row_01186,PRD-MELISH,12.850875916323977,0.0491,Snack Foods,148.45,STORE-T5G,47,146.15,False,False,False,False,False,False,True,False,False,True,False
row_01187,PRD-BE4HW4,12.850875916323977,0.1299,baking goods,120.13,STORE-T5G,47,120.59,False,False,False,False,False,False,True,False,True,False,False
row_01188,PRD-WZMTFC,9.123,0.0,Household,114.11,STORE-OYG,25,2481.8,False,True,False,True,False,True,False,False,True,False,False
row_01189,PRD-IALDTG,5.534,0.0,Baking Goods,144.67,STORE-89Z,33,1191.9,False,True,False,False,False,True,False,False,False,True,False
row_01193,PRD-5UL5NW,7.167,0.0478,Dairy,81.58,STORE-AGY,45,2696.86,False,True,False,False,True,False,False,False,False,False,False
row_01194,PRD-3MS556,17.548,0.0368,Baking Goods,158.15,STORE-HL7,23,3371.52,False,False,True,False,True,True,False,True,False,True,False
row_01195,PRD-90E4B0,9.353,0.0455,Household,248.31,STORE-AGY,45,3098.24,False,True,False,False,True,False,False,False,False,False,True
row_01196,PRD-72AAVH,15.097,0.0,meat,246.31,STORE-DKU,30,3769.72,False,True,False,True,False,True,False,False,False,False,True
row_01198,PRD-LUSMF0,12.726,0.0814,meat,217.4,STORE-HL7,23,6735.8,False,False,True,False,True,True,False,False,False,False,True
row_01199,PRD-HYS3T2,6.288,0.0698,SNACK FOODS,121.34,STORE-89Z,33,1162.9,False,True,False,False,False,True,False,False,True,False,False
row_01200,PRD-1RUPFR,8.252,0.1222,Hard Drinks,40.24,STORE-JOR,34,72.24,False,False,False,False,True,True,False,False,False,False,False
row_01201,PRD-031L36,12.850875916323977,0.142,Baking Goods,95.61,STORE-7WS,47,2427.63,True,False,False,False,True,True,False,True,True,False,False
row_01203,PRD-ZBM21Y,20.549,0.0212,Baking Goods,158.83,STORE-9RG,28,1572.72,False,True,False,True,False,False,True,False,False,True,False
row_01204,PRD-2I8L31,21.025,0.0372,fruits and vegetables,118.62,STORE-AGY,45,2080.91,False,True,False,False,True,False,False,False,True,False,False
row_01206,PRD-IT7I1J,19.636,0.0734,Snack Foods,114.71,STORE-OYG,25,677.84,False,True,False,True,False,True,False,True,True,False,False
row_01208,PRD-IALDTG,5.478,0.1035,Baking Goods,149.62,STORE-DKU,30,1710.56,False,True,False,True,False,True,False,False,False,True,False
row_01210,PRD-7ZGA6X,15.056,0.0775,BAKING GOODS,92.19,STORE-89Z,33,2333.85,False,True,False,False,False,True,False,False,False,False,False
row_01214,PRD-B2HWYW,19.537,0.0251,household,48.93,STORE-HL7,23,581.04,False,False,True,False,True,True,False,False,False,False,False
row_01216,PRD-8CX8FG,14.026,0.0894,frozen foods,235.82,STORE-HL7,23,2309.9,False,False,True,False,True,True,False,True,False,False,True
row_01217,PRD-6HEP2U,18.6,0.0124,SNACK FOODS,142.8,STORE-OYG,25,854.36,False,True,False,True,False,True,False,False,False,True,False
row_01218,PRD-I379U2,20.028,0.0326,Soft Drinks,57.64,STORE-YLW,35,807.25,False,True,False,False,False,False,True,False,False,False,False
row_01219,PRD-HBRPOI,11.553,0.0432,Soft Drinks,142.15,STORE-OYG,25,2641.61,False,True,False,True,False,True,False,False,False,True,False
row_01220,PRD-7Y9HQQ,12.486,0.0297,starchy foods,252.56,STORE-AGY,45,2188.75,False,True,False,False,True,False,False,False,False,False,True
row_01221,PRD-J10FFD,8.258,0.0134,Household,147.01,STORE-HL7,23,1806.45,False,False,True,False,True,True,False,False,False,True,False
row_01222,PRD-OA9XM0,15.742,0.0172,MEAT,46.94,STORE-9RG,28,618.85,False,True,False,True,False,False,True,True,False,False,False
row_01223,PRD-0YLTZ9,20.906,0.0899,dairy,75.85,STORE-89Z,33,2279.94,False,True,False,False,False,True,False,False,False,False,False
row_01224,PRD-LUSMF0,12.847,0.0806,MEAT,215.74,STORE-89Z,33,3158.86,False,True,False,False,False,True,False,False,False,False,True
row_01225,PRD-IFY7O0,12.850875916323977,0.0,Fruits and Vegetables,181.95,STORE-T5G,47,189.23,False,False,False,False,False,False,True,True,False,True,False
row_01226,PRD-57923T,11.679,0.1092,Dairy,227.39,STORE-DKU,30,3011.06,False,True,False,True,False,True,False,True,False,False,True
row_01227,PRD-V4B1K1,7.223,0.0074,Baking Goods,50.32,STORE-OYG,25,332.09,False,True,False,True,False,True,False,False,False,False,False
row_01228,PRD-YOZV8C,17.864,0.168,household,176.37,STORE-AGY,45,3074.15,False,True,False,False,True,False,False,False,False,True,False
row_01229,PRD-IUYATD,10.938,0.0328,Household,118.76,STORE-89Z,33,2322.23,False,True,False,False,False,True,False,False,True,False,False
row_01230,PRD-3818YO,5.141,0.0411,frozen foods,192.61,STORE-89Z,33,2873.83,False,True,False,False,False,True,False,False,False,False,True
row_01231,PRD-XSDJWS,17.943,0.0856,Frozen Foods,190.58,STORE-HL7,23,4705.47,False,False,True,False,True,True,False,False,False,False,True
row_01232,PRD-V5WMKZ,6.616,0.0642,breakfast,135.28,STORE-9RG,28,2091.0,False,True,False,True,False,False,True,False,True,False,False
row_01233,PRD-MECOSF,12.850875916323977,0.0198,Soft Drinks,49.22,STORE-7WS,47,1052.13,True,False,False,False,True,True,False,True,False,False,False
row_01234,PRD-VQ553K,14.494,0.0598,fruits and vegetables,169.95,STORE-89Z,33,3352.53,False,True,False,False,False,True,False,True,False,True,False
row_01235,PRD-0JL6QK,19.492,0.124,snack foods,104.7,STORE-OYG,25,1187.08,False,True,False,True,False,True,False,False,True,False,False
row_01236,PRD-U2HRJK,5.395,0.0253,breads,96.78,STORE-DKU,30,2326.03,False,True,False,True,False,True,False,True,True,False,False
row_01238,PRD-SVH3EJ,12.850875916323977,0.0128,meat,37.88,STORE-7WS,47,1062.12,True,False,False,False,True,True,False,False,False,False,False
row_01239,PRD-1N8MTZ,19.037,0.0248,dairy,44.63,STORE-DKU,30,583.91,False,True,False,True,False,True,False,False,False,False,False
row_01240,PRD-0ZYCMV,12.850875916323977,0.0119,Fruits and Vegetables,161.71,STORE-7WS,47,5384.21,True,False,False,False,True,True,False,False,False,True,False
row_01241,PRD-MRKSQJ,12.850875916323977,0.1286,snack foods,95.05,STORE-7WS,47,2362.83,True,False,False,False,True,True,False,True,True,False,False
row_01242,PRD-JD2GVF,9.514,0.0293,baking goods,188.9,STORE-9RG,28,3045.03,False,True,False,True,False,False,True,False,False,False,True
row_01243,PRD-1L8SUG,12.850875916323977,0.054,starchy foods,62.54,STORE-7WS,47,960.82,True,False,False,False,True,True,False,True,False,False,False
row_01244,PRD-WTIGY6,11.425,0.1414,snack foods,166.5,STORE-JOR,34,165.72,False,False,False,False,True,True,False,True,False,True,False
row_01245,PRD-1RUPFR,8.564,0.0724,hard drinks,36.84,STORE-9RG,28,730.63,False,True,False,True,False,False,True,False,False,False,False
row_01247,PRD-58B6PJ,15.639,0.0679,DAIRY,78.23,STORE-AGY,45,899.02,False,True,False,False,True,False,False,True,False,False,False
row_01248,PRD-55LOSM,7.432,0.0204,SNACK FOODS,252.73,STORE-89Z,33,3083.5,False,True,False,False,False,True,False,False,False,False,True
row_01249,PRD-X7Z97Z,8.718,0.0947,HOUSEHOLD,53.05,STORE-YLW,35,1079.8,False,True,False,False,False,False,True,False,False,False,False
row_01250,PRD-A46JZO,14.895,0.0198,Health and Hygiene,50.44,STORE-JOR,34,202.48,False,False,False,False,True,True,False,False,False,False,False
row_01251,PRD-53EF9P,12.263,0.0289,Household,151.24,STORE-HL7,23,3711.24,False,False,True,False,True,True,False,False,False,True,False
row_01252,PRD-JLQFJT,19.776,0.0432,Household,129.83,STORE-9RG,28,3761.37,False,True,False,True,False,False,True,False,True,False,False
row_01253,PRD-S1R8NF,13.538,0.0426,Snack Foods,81.64,STORE-JOR,34,81.21,False,False,False,False,True,True,False,True,False,False,False
row_01255,PRD-JMV47T,6.101,0.0096,meat,152.03,STORE-OYG,25,3642.19,False,True,False,True,False,True,False,True,False,True,False
row_01256,PRD-6JKLOQ,11.266,0.1715,BAKING GOODS,155.45,STORE-DKU,30,2919.24,False,True,False,True,False,True,False,False,False,True,False
row_01257,PRD-AQ6L6G,6.281,0.0777,soft drinks,114.58,STORE-HL7,23,2351.48,False,False,True,False,True,True,False,False,True,False,False
row_01258,PRD-WOLYTS,12.255,0.043,fruits and vegetables,124.2,STORE-HL7,23,1428.47,False,False,True,False,True,True,False,True,True,False,False
row_01259,PRD-G8F1CB,12.850875916323977,0.0676,Soft Drinks,164.47,STORE-T5G,47,493.93,False,False,False,False,False,False,True,True,False,True,False
row_01260,PRD-7TV5ZK,12.850875916323977,0.139,Canned,107.96,STORE-7WS,47,3260.23,True,False,False,False,True,True,False,True,True,False,False
row_01261,PRD-F3G3T3,15.468,0.0187,Snack Foods,241.87,STORE-9RG,28,4608.7,False,True,False,True,False,False,True,False,False,False,True
row_01262,PRD-VHS1K3,13.891,0.0539,SOFT DRINKS,142.18,STORE-JOR,34,137.1,False,False,False,False,True,True,False,False,False,True,False
row_01264,PRD-8UHW94,5.84,0.0319,frozen foods,99.55,STORE-HL7,23,1885.14,False,False,True,False,True,True,False,True,True,False,False
row_01265,PRD-C5OAOO,12.850875916323977,0.1255,Others,143.19,STORE-7WS,47,3565.41,True,False,False,False,True,True,False,False,False,True,False
row_01267,PRD-1FO2WB,8.605,0.0254,FROZEN FOODS,111.16,STORE-OYG,25,2773.33,False,True,False,True,False,True,False,True,True,False,False
row_01269,PRD-74AVMI,15.648,0.157,snack foods,226.84,STORE-JOR,34,453.03,False,False,False,False,True,True,False,False,False,False,True
row_01270,PRD-MJ7PDZ,12.850875916323977,0.0111,FROZEN FOODS,93.37,STORE-7WS,47,1679.73,True,False,False,False,True,True,False,False,True,False,False
row_01271,PRD-UDA2RN,7.992,0.0926,BREAKFAST,107.65,STORE-YLW,35,1852.93,False,True,False,False,False,False,True,True,True,False,False
row_01272,PRD-9VW3RT,18.105,0.015,HARD DRINKS,104.33,STORE-AGY,45,1558.18,False,True,False,False,True,False,False,False,True,False,False
row_01273,PRD-1HSPTH,15.622,0.1243,Canned,134.08,STORE-AGY,45,2846.8,False,True,False,False,True,False,False,False,True,False,False
row_01274,PRD-7135HO,11.383,0.0406,Snack Foods,231.96,STORE-89Z,33,4651.52,False,True,False,False,False,True,False,False,False,False,True
row_01275,PRD-DYYVDQ,12.850875916323977,0.142,canned,154.68,STORE-T5G,47,151.09,False,False,False,False,False,False,True,True,False,True,False
row_01276,PRD-GVJICS,15.597,0.1778,Snack Foods,154.83,STORE-HL7,23,2989.59,False,False,True,False,True,True,False,True,False,True,False
row_01278,PRD-RD47WO,15.462,0.173,Snack Foods,170.62,STORE-JOR,34,527.0,False,False,False,False,True,True,False,True,False,True,False
row_01279,PRD-1Q3TMY,7.08,0.113,Fruits and Vegetables,172.27,STORE-9RG,28,2907.1,False,True,False,True,False,False,True,False,False,True,False
row_01280,PRD-HP5E7A,10.945,0.0875,Snack Foods,224.71,STORE-89Z,33,3783.96,False,True,False,False,False,True,False,True,False,False,True
row_01281,PRD-NY1QEG,9.399,0.0393,FROZEN FOODS,61.81,STORE-YLW,35,1141.92,False,True,False,False,False,False,True,False,False,False,False
row_01282,PRD-MGCY57,6.923,0.0,Fruits and Vegetables,226.89,STORE-89Z,33,3597.06,False,True,False,False,False,True,False,True,False,False,True
row_01283,PRD-Z565OD,9.819,0.0926,Household,119.14,STORE-JOR,34,220.32,False,False,False,False,True,True,False,False,True,False,False
row_01284,PRD-YOZV8C,16.855,0.1653,Household,173.22,STORE-HL7,23,1174.52,False,False,True,False,True,True,False,False,False,True,False
row_01285,PRD-MQC1A7,12.850875916323977,0.307,Hard Drinks,54.61,STORE-T5G,47,107.66,False,False,False,False,False,False,True,False,False,False,False
row_01286,PRD-PQNOMP,17.284,0.0561,Baking Goods,98.18,STORE-9RG,28,606.74,False,True,False,True,False,False,True,False,True,False,False
row_01287,PRD-YZSJHT,9.409,0.0232,Breads,101.85,STORE-HL7,23,1311.61,False,False,True,False,True,True,False,True,True,False,False
row_01288,PRD-0DTSNL,8.748,0.0315,household,99.3,STORE-89Z,33,1455.02,False,True,False,False,False,True,False,False,True,False,False
row_01289,PRD-1GN81E,12.850875916323977,0.1252,snack foods,254.06,STORE-7WS,47,5683.68,True,False,False,False,True,True,False,True,False,False,True
row_01290,PRD-3BD4Z1,6.107,0.0304,FRUITS AND VEGETABLES,160.27,STORE-HL7,23,1710.95,False,False,True,False,True,True,False,False,False,True,False
row_01291,PRD-52DNR9,8.746,0.1151,Soft Drinks,119.53,STORE-89Z,33,1176.54,False,True,False,False,False,True,False,True,True,False,False
row_01292,PRD-0MUOHU,16.865,0.0559,BREADS,86.55,STORE-HL7,23,981.21,False,False,True,False,True,True,False,False,False,False,False
row_01296,PRD-3NP4VY,12.184,0.042,Health and Hygiene,36.0,STORE-OYG,25,543.11,False,True,False,True,False,True,False,False,False,False,False
row_01297,PRD-N0RSKQ,12.850875916323977,0.2931,Snack Foods,196.58,STORE-T5G,47,597.11,False,False,False,False,False,False,True,False,False,False,True
row_01298,PRD-LQK65V,17.334,0.0462,snack foods,125.7,STORE-AGY,45,1929.22,False,True,False,False,True,False,False,False,True,False,False
row_01299,PRD-D9146L,18.728,0.0777,Snack Foods,165.01,STORE-89Z,33,1628.27,False,True,False,False,False,True,False,False,False,True,False
row_01301,PRD-DSN8CW,12.850875916323977,0.0433,Snack Foods,173.37,STORE-7WS,47,4690.7,True,False,False,False,True,True,False,True,False,True,False
row_01302,PRD-OBR9GP,5.409,0.0357,health and hygiene,99.65,STORE-DKU,30,941.95,False,True,False,True,False,True,False,False,True,False,False
row_01303,PRD-WDSS7E,12.850875916323977,0.0699,Frozen Foods,48.84,STORE-T5G,47,183.44,False,False,False,False,False,False,True,True,False,False,False
row_01305,PRD-VLTBHO,16.685,0.1574,MEAT,155.83,STORE-9RG,28,3078.44,False,True,False,True,False,False,True,False,False,True,False
row_01306,PRD-XBXTLN,20.073,0.1374,STARCHY FOODS,91.5,STORE-YLW,35,1105.55,False,True,False,False,False,False,True,False,False,False,False
row_01307,PRD-TCFV3C,16.574,0.0984,fruits and vegetables,115.63,STORE-DKU,30,898.9,False,True,False,True,False,True,False,False,True,False,False
row_01308,PRD-9LB7L5,18.525,0.167,DAIRY,150.31,STORE-9RG,28,2110.5,False,True,False,True,False,False,True,True,False,True,False
row_01309,PRD-HFH2XF,14.597,0.0446,Breads,109.45,STORE-HL7,23,1389.87,False,False,True,False,True,True,False,True,True,False,False
row_01310,PRD-T2XRGI,12.850875916323977,0.0122,Starchy Foods,173.2,STORE-T5G,47,342.06,False,False,False,False,False,False,True,True,False,True,False
row_01312,PRD-V77G1P,14.786,0.026,FROZEN FOODS,146.02,STORE-9RG,28,2282.7,False,True,False,True,False,False,True,False,False,True,False
row_01313,PRD-5JN7BS,12.850875916323977,0.0313,Snack Foods,217.11,STORE-7WS,47,6386.34,True,False,False,False,True,True,False,True,False,False,True
row_01316,PRD-6Z6CCC,12.850875916323977,0.2198,Canned,93.25,STORE-T5G,47,482.26,False,False,False,False,False,False,True,False,False,False,False
row_01317,PRD-7FS31F,10.998,0.0589,fruits and vegetables,239.04,STORE-HL7,23,2029.04,False,False,True,False,True,True,False,True,False,False,True
row_01318,PRD-QIRRQA,10.782,0.0848,Dairy,195.23,STORE-9RG,28,4613.34,False,True,False,True,False,False,True,False,False,False,True
row_01319,PRD-XYXASW,15.031,0.0456,Breads,120.18,STORE-DKU,30,1323.22,False,True,False,True,False,True,False,False,True,False,False
row_01320,PRD-T93K2H,11.214,0.0637,HOUSEHOLD,195.76,STORE-DKU,30,1293.64,False,True,False,True,False,True,False,False,False,False,True
row_01321,PRD-JJTFPH,12.850875916323977,0.0683,HARD DRINKS,178.41,STORE-7WS,47,5954.03,True,False,False,False,True,True,False,False,False,True,False
row_01322,PRD-9TK51I,11.809,0.0423,frozen foods,188.13,STORE-DKU,30,3705.39,False,True,False,True,False,True,False,True,False,False,True
row_01323,PRD-4JXFPK,11.953,0.1694,dairy,51.76,STORE-AGY,45,268.49,False,True,False,False,True,False,False,False,False,False,False
row_01324,PRD-TCFV3C,16.982,0.1084,fruits and vegetables,118.32,STORE-HL7,23,1151.48,False,False,True,False,True,True,False,False,True,False,False
row_01325,PRD-KJ6I53,7.77,0.1894,household,35.37,STORE-AGY,45,439.62,False,True,False,False,True,False,False,False,False,False,False
row_01326,PRD-IF1HEB,19.383,0.098,Fruits and Vegetables,238.58,STORE-OYG,25,5162.98,False,True,False,True,False,True,False,False,False,False,True
row_01327,PRD-00CVW9,7.545,0.0781,BREADS,80.47,STORE-DKU,30,1122.13,False,True,False,True,False,True,False,True,False,False,False
row_01328,PRD-W3QN3T,15.567,0.0408,snack foods,144.92,STORE-OYG,25,3126.45,False,True,False,True,False,True,False,False,False,True,False
row_01329,PRD-TFZHI9,8.764,0.1484,HEALTH AND HYGIENE,96.6,STORE-OYG,25,3240.07,False,True,False,True,False,True,False,False,True,False,False
row_01331,PRD-0U2BL3,15.899,0.1057,snack foods,141.16,STORE-89Z,33,1448.31,False,True,False,False,False,True,False,False,True,False,False
row_01333,PRD-DRIIPJ,12.531,0.0375,Snack Foods,115.32,STORE-DKU,30,1932.36,False,True,False,True,False,True,False,False,True,False,False
row_01335,PRD-F26B46,18.556,0.0578,DAIRY,87.84,STORE-HL7,23,597.85,False,False,True,False,True,True,False,False,False,False,False
row_01336,PRD-4R1F1X,17.321,0.0083,dairy,174.7,STORE-YLW,35,2780.99,False,True,False,False,False,False,True,False,False,True,False
row_01337,PRD-ZOID71,15.304,0.0851,Fruits and Vegetables,225.78,STORE-DKU,30,6176.16,False,True,False,True,False,True,False,True,False,False,True
row_01338,PRD-9AHEJ8,9.0,0.1012,Dairy,39.17,STORE-89Z,33,665.82,False,True,False,False,False,True,False,False,False,False,False
row_01339,PRD-59JSU0,12.850875916323977,0.0997,MEAT,129.58,STORE-7WS,47,3036.54,True,False,False,False,True,True,False,True,True,False,False
row_01340,PRD-CZ2O8N,12.850875916323977,0.0254,BAKING GOODS,79.91,STORE-7WS,47,3462.11,True,False,False,False,True,True,False,True,False,False,False
row_01341,PRD-U02KQN,19.755,0.0242,health and hygiene,154.39,STORE-9RG,28,3009.85,False,True,False,True,False,False,True,False,False,True,False
row_01342,PRD-CJ2XX2,8.4,0.0351,fruits and vegetables,35.49,STORE-89Z,33,845.85,False,True,False,False,False,True,False,False,False,False,False
row_01343,PRD-Y0PRZV,6.597,0.0773,Breads,146.25,STORE-89Z,33,3143.56,False,True,False,False,False,True,False,True,False,True,False
row_01344,PRD-VG0CH2,12.742,0.0644,frozen foods,107.09,STORE-AGY,45,1877.0,False,True,False,False,True,False,False,True,True,False,False
row_01346,PRD-T0VKG3,18.251,0.0472,Household,127.83,STORE-9RG,28,1119.73,False,True,False,True,False,False,True,False,True,False,False
row_01347,PRD-DL52AM,12.850875916323977,0.087,Baking Goods,53.41,STORE-AGY,45,2296.92,False,True,False,False,True,False,False,True,False,False,False
row_01348,PRD-5WVO01,5.271,0.0291,HEALTH AND HYGIENE,33.07,STORE-HL7,23,659.02,False,False,True,False,True,True,False,False,False,False,False
row_01349,PRD-MQC1A7,14.537,0.1732,Hard Drinks,54.53,STORE-AGY,45,747.21,False,True,False,False,True,False,False,False,False,False,False
row_01351,PRD-L9KV91,10.469,0.05,Seafood,157.45,STORE-JOR,34,150.9,False,False,False,False,True,True,False,False,False,True,False
row_01352,PRD-T5HGP8,10.468,0.1208,BAKING GOODS,164.38,STORE-AGY,45,1792.98,False,True,False,False,True,False,False,True,False,True,False
row_01353,PRD-BPCIKI,15.181,0.0133,Frozen Foods,62.29,STORE-89Z,33,980.49,False,True,False,False,False,True,False,False,False,False,False
row_01354,PRD-MQEEB6,16.774,0.0765,canned,78.37,STORE-HL7,23,976.24,False,False,True,False,True,True,False,False,False,False,False
row_01358,PRD-VN11V8,11.104,0.0605,fruits and vegetables,154.38,STORE-AGY,45,1050.79,False,True,False,False,True,False,False,False,False,True,False
row_01359,PRD-FSOZPT,19.662,0.0773,Soft Drinks,237.07,STORE-9RG,28,2913.12,False,True,False,True,False,False,True,True,False,False,True
row_01360,PRD-082UAZ,6.439,0.0266,HOUSEHOLD,168.86,STORE-OYG,25,2095.54,False,True,False,True,False,True,False,False,False,True,False
row_01361,PRD-E8N6QI,11.078,0.0524,Soft Drinks,229.95,STORE-OYG,25,5286.42,False,True,False,True,False,True,False,False,False,False,True
row_01363,PRD-6RNJLK,19.645,0.0351,Baking Goods,43.28,STORE-YLW,35,883.94,False,True,False,False,False,False,True,False,False,False,False
row_01364,PRD-HYF9SX,16.533,0.041,Soft Drinks,41.07,STORE-JOR,34,157.46,False,False,False,False,True,True,False,True,False,False,False
row_01365,PRD-BZNC9Q,12.850875916323977,0.1319,Meat,185.52,STORE-7WS,47,5896.47,True,False,False,False,True,True,False,True,False,True,False
row_01366,PRD-6YLBXP,17.387,0.1399,Canned,258.88,STORE-DKU,30,4046.33,False,True,False,True,False,True,False,True,False,False,True
row_01367,PRD-Q8DDGB,8.392,0.0351,Frozen Foods,75.71,STORE-YLW,35,1595.19,False,True,False,False,False,False,True,True,False,False,False
row_01369,PRD-YFXOBU,12.850875916323977,0.072,Fruits and Vegetables,193.58,STORE-7WS,47,7420.04,True,False,False,False,True,True,False,True,False,False,True
row_01370,PRD-GU1UQX,10.969,0.137,dairy,266.13,STORE-9RG,28,4122.7,False,True,False,True,False,False,True,False,False,False,True
row_01371,PRD-Z565OD,9.814,0.0538,Household,113.35,STORE-DKU,30,575.68,False,True,False,True,False,True,False,False,True,False,False
row_01372,PRD-W4Z56R,5.781,0.1368,Fruits and Vegetables,172.4,STORE-JOR,34,161.18,False,False,False,False,True,True,False,False,False,True,False
row_01373,PRD-OWOT0V,12.375,0.0425,canned,128.36,STORE-HL7,23,1750.74,False,False,True,False,True,True,False,True,True,False,False
row_01374,PRD-71SD9E,14.385,0.0672,SNACK FOODS,202.28,STORE-AGY,45,4969.15,False,True,False,False,True,False,False,False,False,False,True
row_01376,PRD-T0HICC,12.850875916323977,0.1221,snack foods,198.22,STORE-7WS,47,6026.7,True,False,False,False,True,True,False,False,False,False,True
row_01377,PRD-U1YBPE,10.198,0.0111,Household,240.93,STORE-89Z,33,4610.2,False,True,False,False,False,True,False,False,False,False,True
row_01378,PRD-V56VKT,9.284,0.1726,Fruits and Vegetables,138.05,STORE-DKU,30,1619.16,False,True,False,True,False,True,False,True,True,False,False
row_01379,PRD-ON4O79,16.261,0.0162,household,98.52,STORE-AGY,45,781.31,False,True,False,False,True,False,False,False,True,False,False
row_01381,PRD-3IFU71,9.084,0.1006,BAKING GOODS,146.15,STORE-YLW,35,4453.16,False,True,False,False,False,False,True,False,False,True,False
row_01382,PRD-SCSFW2,9.325,0.1332,frozen foods,223.58,STORE-9RG,28,4085.15,False,True,False,True,False,False,True,True,False,False,True
row_01383,PRD-NCP2VI,12.850875916323977,0.0181,health and hygiene,234.63,STORE-7WS,47,5519.07,True,False,False,False,True,True,False,False,False,False,True
row_01384,PRD-U58FLM,4.643,0.1352,BREADS,125.14,STORE-YLW,35,1859.94,False,True,False,False,False,False,True,False,True,False,False
row_01385,PRD-SYOY6G,16.654,0.0241,snack foods,46.02,STORE-DKU,30,315.95,False,True,False,True,False,True,False,True,False,False,False
row_01386,PRD-EPWUKF,8.943,0.0973,baking goods,47.36,STORE-9RG,28,935.71,False,True,False,True,False,False,True,False,False,False,False
row_01387,PRD-444NK0,5.207,0.0615,Meat,128.69,STORE-89Z,33,1699.32,False,True,False,False,False,True,False,True,True,False,False
row_01388,PRD-N8W9UR,6.973,0.154,Canned,106.15,STORE-HL7,23,633.73,False,False,True,False,True,True,False,False,True,False,False
row_01389,PRD-V0T5X3,16.312,0.0373,dairy,108.02,STORE-JOR,34,214.24,False,False,False,False,True,True,False,False,True,False,False
row_01391,PRD-N2D7GY,17.26,0.031,Others,175.22,STORE-HL7,23,2492.43,False,False,True,False,True,True,False,False,False,True,False
row_01392,PRD-SUDBCI,13.135,0.0728,Snack Foods,178.05,STORE-JOR,34,522.38,False,False,False,False,True,True,False,False,False,True,False
row_01393,PRD-MNUTT1,8.478,0.1799,Canned,147.67,STORE-89Z,33,2471.81,False,True,False,False,False,True,False,False,False,True,False
row_01394,PRD-63RMAJ,19.615,0.015,Household,178.52,STORE-OYG,25,2923.23,False,True,False,True,False,True,False,False,False,True,False
row_01395,PRD-12310X,8.262,0.0146,Health and Hygiene,180.34,STORE-YLW,35,705.3,False,True,False,False,False,False,True,False,False,True,False
row_01398,PRD-EWQGAD,5.467,0.0321,CANNED,189.83,STORE-OYG,25,3218.2,False,True,False,True,False,True,False,True,False,False,True
row_01399,PRD-C1B3EU,19.016,0.0928,Frozen Foods,46.66,STORE-9RG,28,1056.42,False,True,False,True,False,False,True,True,False,False,False
row_01400,PRD-I4J38V,13.626,0.0648,frozen foods,154.07,STORE-DKU,30,1808.92,False,True,False,True,False,True,False,False,False,True,False
row_01401,PRD-UE8YM7,21.01,0.0734,Dairy,180.32,STORE-JOR,34,521.05,False,False,False,False,True,True,False,False,False,True,False
row_01402,PRD-E42X6G,11.071,0.0639,dairy,91.36,STORE-OYG,25,1188.47,False,True,False,True,False,True,False,True,False,False,False
row_01403,PRD-1RXIV4,17.989,0.0291,SNACK FOODS,168.34,STORE-DKU,30,1914.9,False,True,False,True,False,True,False,False,False,True,False
row_01405,PRD-GJ1QQ8,20.473,0.0866,Baking Goods,122.05,STORE-YLW,35,1118.89,False,True,False,False,False,False,True,False,True,False,False
row_01406,PRD-C3Y7HA,16.226,0.0201,fruits and vegetables,49.17,STORE-9RG,28,255.66,False,True,False,True,False,False,True,False,False,False,False
row_01408,PRD-HYS3T2,6.138,0.0734,SNACK FOODS,123.08,STORE-DKU,30,2893.95,False,True,False,True,False,True,False,False,True,False,False
row_01409,PRD-4ILMK5,18.127,0.0825,Health and Hygiene,157.32,STORE-OYG,25,3642.08,False,True,False,True,False,True,False,False,False,True,False
row_01410,PRD-OIT2UR,8.15,0.0512,Canned,156.84,STORE-JOR,34,318.1,False,False,False,False,True,True,False,True,False,True,False
row_01411,PRD-8WJAI7,8.995,0.0684,snack foods,173.07,STORE-89Z,33,3192.66,False,True,False,False,False,True,False,False,False,True,False
row_01413,PRD-MHBMBN,10.108,0.0392,Snack Foods,130.52,STORE-HL7,23,1377.88,False,False,True,False,True,True,False,True,True,False,False
row_01414,PRD-XQFXKD,13.741,0.0884,CANNED,137.69,STORE-OYG,25,2739.97,False,True,False,True,False,True,False,False,True,False,False
row_01415,PRD-9K044M,7.228,0.0448,STARCHY FOODS,57.83,STORE-AGY,45,728.94,False,True,False,False,True,False,False,True,False,False,False
row_01416,PRD-JT10UE,12.850875916323977,0.0804,Fruits and Vegetables,88.0,STORE-YLW,35,1307.91,False,True,False,False,False,False,True,True,False,False,False
row_01417,PRD-4RQYWN,12.850875916323977,0.035,HOUSEHOLD,127.15,STORE-7WS,47,2901.84,True,False,False,False,True,True,False,False,True,False,False
row_01419,PRD-QP5L7C,20.606,0.0387,frozen foods,195.91,STORE-DKU,30,2188.47,False,True,False,True,False,True,False,False,False,False,True
row_01420,PRD-GGO8YM,16.886,0.0682,Breakfast,189.71,STORE-AGY,45,2994.55,False,True,False,False,True,False,False,True,False,False,True
row_01421,PRD-ZMEPGT,7.819,0.0615,Soft Drinks,90.61,STORE-HL7,23,1300.38,False,False,True,False,True,True,False,False,False,False,False
row_01422,PRD-M2AOBR,18.638,0.0121,household,118.56,STORE-AGY,45,374.52,False,True,False,False,True,False,False,False,True,False,False
row_01423,PRD-EPMKVT,12.850875916323977,0.1341,Health and Hygiene,62.02,STORE-T5G,47,63.65,False,False,False,False,False,False,True,False,False,False,False
row_01425,PRD-88AENN,10.789,0.0563,fruits and vegetables,166.72,STORE-AGY,45,1541.11,False,True,False,False,True,False,False,True,False,True,False
row_01426,PRD-A0IOEJ,7.73,0.0115,Canned,192.81,STORE-OYG,25,2200.71,False,True,False,True,False,True,False,False,False,False,True
row_01427,PRD-ZE84LM,12.850875916323977,0.0216,FROZEN FOODS,101.11,STORE-7WS,47,2511.67,True,False,False,False,True,True,False,False,True,False,False
row_01428,PRD-FT3J41,12.850875916323977,0.1851,Baking Goods,169.74,STORE-T5G,47,694.12,False,False,False,False,False,False,True,True,False,True,False
row_01429,PRD-O15RRZ,13.099,0.0,Frozen Foods,38.12,STORE-9RG,28,525.53,False,True,False,True,False,False,True,False,False,False,False
row_01430,PRD-ANEC1W,6.224,0.0124,Fruits and Vegetables,37.94,STORE-9RG,28,810.46,False,True,False,True,False,False,True,False,False,False,False
row_01431,PRD-OFGVRE,6.572,0.0309,Baking Goods,64.92,STORE-89Z,33,1533.03,False,True,False,False,False,True,False,True,False,False,False
row_01432,PRD-639BCP,21.337,0.0599,BAKING GOODS,89.74,STORE-89Z,33,276.35,False,True,False,False,False,True,False,True,False,False,False
row_01434,PRD-UUTRXG,12.850875916323977,0.0408,fruits and vegetables,184.05,STORE-T5G,47,351.83,False,False,False,False,False,False,True,False,False,True,False
row_01435,PRD-ZE8YM4,10.839,0.0717,Others,65.73,STORE-OYG,25,956.44,False,True,False,True,False,True,False,False,False,False,False
row_01437,PRD-YHREVB,5.498,0.0473,health and hygiene,167.84,STORE-OYG,25,2191.66,False,True,False,True,False,True,False,False,False,True,False
row_01438,PRD-FYZF7M,12.850875916323977,0.1625,Health and Hygiene,161.2,STORE-T5G,47,323.67,False,False,False,False,False,False,True,False,False,True,False
row_01439,PRD-NMIC1F,11.493,0.0439,Snack Foods,100.6,STORE-DKU,30,2566.83,False,True,False,True,False,True,False,True,True,False,False
row_01440,PRD-U58FLM,4.722,0.1414,Breads,128.23,STORE-OYG,25,1780.02,False,True,False,True,False,True,False,False,True,False,False
row_01441,PRD-P3WJRM,12.899,0.0317,FRUITS AND VEGETABLES,199.05,STORE-89Z,33,5862.25,False,True,False,False,False,True,False,False,False,False,True
row_01442,PRD-HLJ2XL,12.850875916323977,0.0367,Meat,59.77,STORE-7WS,47,1088.27,True,False,False,False,True,True,False,False,False,False,False
row_01444,PRD-9AHEJ8,8.952,0.1015,DAIRY,41.9,STORE-YLW,35,710.03,False,True,False,False,False,False,True,False,False,False,False
row_01445,PRD-1J8NER,6.567,0.0,household,119.18,STORE-OYG,25,963.16,False,True,False,True,False,True,False,False,True,False,False
row_01446,PRD-A6X5Z0,19.122,0.0832,HEALTH AND HYGIENE,98.12,STORE-HL7,23,2836.29,False,False,True,False,True,True,False,False,True,False,False
row_01447,PRD-3SY670,7.016,0.0,SNACK FOODS,189.48,STORE-89Z,33,2593.75,False,True,False,False,False,True,False,True,False,False,True
row_01448,PRD-YROQ4H,12.850875916323977,0.0388,Health and Hygiene,181.03,STORE-T5G,47,862.23,False,False,False,False,False,False,True,False,False,True,False
row_01449,PRD-ZCF0TU,11.302,0.1384,canned,222.88,STORE-89Z,33,2567.89,False,True,False,False,False,True,False,True,False,False,True
row_01450,PRD-199BRB,13.908,0.032,Canned,53.27,STORE-DKU,30,739.34,False,True,False,True,False,True,False,True,False,False,False
row_01451,PRD-1HOH9O,12.850875916323977,0.0251,household,195.23,STORE-7WS,47,5545.07,True,False,False,False,True,True,False,False,False,False,True
row_01452,PRD-MAA7H7,14.789,0.0944,Snack Foods,49.65,STORE-89Z,33,564.71,False,True,False,False,False,True,False,True,False,False,False
row_01453,PRD-BXIITA,12.850875916323977,0.0122,OTHERS,118.58,STORE-T5G,47,252.94,False,False,False,False,False,False,True,False,True,False,False
row_01454,PRD-VDV7PE,10.992,0.0383,HEALTH AND HYGIENE,41.84,STORE-AGY,45,332.8,False,True,False,False,True,False,False,False,False,False,False
row_01455,PRD-I1NNSM,10.387,0.0452,Baking Goods,142.73,STORE-JOR,34,142.98,False,False,False,False,True,True,False,True,False,True,False
row_01457,PRD-AFT69N,12.078,0.0138,frozen foods,176.77,STORE-HL7,23,558.42,False,False,True,False,True,True,False,True,False,True,False
row_01458,PRD-97XGCK,12.850875916323977,0.0771,BAKING GOODS,114.09,STORE-7WS,47,3441.06,True,False,False,False,True,True,False,False,True,False,False
row_01459,PRD-H4CI9H,6.855,0.0377,meat,179.58,STORE-HL7,23,1457.6,False,False,True,False,True,True,False,True,False,True,False
row_01460,PRD-8LMN4R,15.088,0.0532,soft drinks,42.55,STORE-89Z,33,540.49,False,True,False,False,False,True,False,False,False,False,False
row_01461,PRD-G0OA3Y,11.046,0.0285,Others,51.25,STORE-HL7,23,808.7,False,False,True,False,True,True,False,False,False,False,False
row_01462,PRD-T14KTM,11.225,0.0334,health and hygiene,165.42,STORE-89Z,33,958.95,False,True,False,False,False,True,False,False,False,True,False
row_01463,PRD-LMEYSN,8.906,0.01,OTHERS,217.42,STORE-YLW,35,1042.43,False,True,False,False,False,False,True,False,False,False,True
row_01464,PRD-RHA96G,4.879,0.0462,Baking Goods,190.93,STORE-89Z,33,3792.07,False,True,False,False,False,True,False,False,False,False,True
row_01466,PRD-VP8H4N,8.497,0.0939,Canned,51.62,STORE-89Z,33,891.81,False,True,False,False,False,True,False,False,False,False,False
row_01467,PRD-M82I1L,9.188,0.1645,Soft Drinks,227.34,STORE-9RG,28,3891.37,False,True,False,True,False,False,True,False,False,False,True
row_01468,PRD-02NFGI,6.0,0.0359,canned,179.44,STORE-89Z,33,1644.84,False,True,False,False,False,True,False,False,False,True,False
row_01469,PRD-QWRZFX,6.697,0.0064,Baking Goods,124.44,STORE-OYG,25,2635.28,False,True,False,True,False,True,False,True,True,False,False
row_01470,PRD-ZWW54A,20.723,0.1059,Snack Foods,160.4,STORE-HL7,23,4710.78,False,False,True,False,True,True,False,False,False,True,False
row_01471,PRD-OAEDOE,12.850875916323977,0.0169,Dairy,76.22,STORE-7WS,47,1264.09,True,False,False,False,True,True,False,False,False,False,False
row_01472,PRD-41ZE8O,7.63,0.0678,snack foods,41.09,STORE-9RG,28,1024.03,False,True,False,True,False,False,True,True,False,False,False
row_01473,PRD-FHKP7I,17.53,0.0115,CANNED,166.77,STORE-89Z,33,1164.82,False,True,False,False,False,True,False,True,False,True,False
row_01474,PRD-AWPUBL,9.939,0.0285,CANNED,179.29,STORE-DKU,30,2898.67,False,True,False,True,False,True,False,True,False,True,False
row_01476,PRD-9KE7J2,16.037,0.136,breads,179.85,STORE-JOR,34,543.19,False,False,False,False,True,True,False,False,False,True,False
row_01477,PRD-4DAKF5,6.985,0.0362,Frozen Foods,248.74,STORE-HL7,23,2748.27,False,False,True,False,True,True,False,True,False,False,True
row_01479,PRD-2WLNC8,8.677,0.0154,Household,197.95,STORE-DKU,30,2380.36,False,True,False,True,False,True,False,False,False,False,True
row_01480,PRD-TVSXA7,7.385,0.0682,Health and Hygiene,141.41,STORE-OYG,25,2497.5,False,True,False,True,False,True,False,False,True,False,False
row_01481,PRD-7N4YTU,17.973,0.0772,snack foods,260.83,STORE-AGY,45,989.41,False,True,False,False,True,False,False,False,False,False,True
row_01482,PRD-R3PE29,12.850875916323977,0.3183,Soft Drinks,151.54,STORE-T5G,47,283.74,False,False,False,False,False,False,True,False,False,True,False
row_01483,PRD-LF7XE7,15.294,0.1772,fruits and vegetables,112.33,STORE-OYG,25,2484.86,False,True,False,True,False,True,False,False,True,False,False
row_01484,PRD-6DXZJ1,12.657,0.0695,Snack Foods,66.23,STORE-9RG,28,2139.85,False,True,False,True,False,False,True,True,False,False,False
row_01485,PRD-EMI6QW,12.323,0.0,Household,115.65,STORE-OYG,25,2405.17,False,True,False,True,False,True,False,False,True,False,False
row_01486,PRD-AQHIU3,18.9,0.0276,HEALTH AND HYGIENE,63.63,STORE-89Z,33,1555.18,False,True,False,False,False,True,False,False,False,False,False
row_01487,PRD-F7NY03,16.705,0.0512,FROZEN FOODS,116.16,STORE-DKU,30,717.02,False,True,False,True,False,True,False,True,True,False,False
row_01488,PRD-VHT24B,7.264,0.0,DAIRY,155.36,STORE-OYG,25,1367.19,False,True,False,True,False,True,False,False,False,True,False
row_01489,PRD-0FOH3H,14.085,0.0311,Dairy,145.6,STORE-YLW,35,1569.5,False,True,False,False,False,False,True,True,False,True,False
row_01490,PRD-V3EOYY,15.523,0.0712,breads,214.29,STORE-YLW,35,4306.04,False,True,False,False,False,False,True,False,False,False,True
row_01491,PRD-RYI0M7,10.683,0.0709,FROZEN FOODS,121.92,STORE-9RG,28,1262.44,False,True,False,True,False,False,True,False,True,False,False
row_01492,PRD-8S2XEM,12.850875916323977,0.0367,fruits and vegetables,110.62,STORE-7WS,47,4658.84,True,False,False,False,True,True,False,True,True,False,False
row_01493,PRD-5BFZ63,18.709,0.1424,Canned,171.42,STORE-9RG,28,1919.89,False,True,False,True,False,False,True,False,False,True,False
row_01495,PRD-4PZT3E,16.28,0.0725,Dairy,211.93,STORE-YLW,35,5069.62,False,True,False,False,False,False,True,False,False,False,True
row_01496,PRD-Q7U1KU,12.850875916323977,0.0212,Dairy,120.74,STORE-7WS,47,2839.6,True,False,False,False,True,True,False,False,True,False,False
row_01498,PRD-SVH3EJ,6.346,0.0128,Meat,38.81,STORE-89Z,33,365.97,False,True,False,False,False,True,False,False,False,False,False
row_01500,PRD-O69WEZ,17.674,0.0076,dairy,147.4,STORE-89Z,33,1861.32,False,True,False,False,False,True,False,True,False,True,False
row_01502,PRD-ZN1N5R,12.092,0.0337,Meat,194.92,STORE-DKU,30,2657.23,False,True,False,True,False,True,False,True,False,False,True
row_01503,PRD-0KDULB,12.850875916323977,0.0706,Household,92.14,STORE-7WS,47,1851.54,True,False,False,False,True,True,False,False,False,False,False
row_01504,PRD-UPZ5JR,19.792,0.0837,baking goods,191.23,STORE-YLW,35,3357.61,False,True,False,False,False,False,True,True,False,False,True
row_01505,PRD-53JSJC,14.831,0.0619,Household,233.03,STORE-89Z,33,2089.24,False,True,False,False,False,True,False,False,False,False,True
row_01506,PRD-6RDQYB,10.385,0.012,MEAT,189.74,STORE-DKU,30,2613.6,False,True,False,True,False,True,False,True,False,False,True
row_01507,PRD-0AB7R8,13.143,0.0,FRUITS AND VEGETABLES,173.96,STORE-OYG,25,2298.03,False,True,False,True,False,True,False,True,False,True,False
row_01509,PRD-NMIC1F,11.318,0.0448,snack foods,102.98,STORE-AGY,45,2512.39,False,True,False,False,True,False,False,True,True,False,False
row_01510,PRD-QWRZFX,6.544,0.0,Baking Goods,120.34,STORE-DKU,30,2644.75,False,True,False,True,False,True,False,True,True,False,False
row_01511,PRD-IQSUHA,19.833,0.0275,CANNED,158.91,STORE-HL7,23,2647.01,False,False,True,False,True,True,False,True,False,True,False
row_01512,PRD-NKZGGE,12.979,0.0952,snack foods,148.84,STORE-9RG,28,4462.85,False,True,False,True,False,False,True,False,False,True,False
row_01514,PRD-J2E42T,12.958,0.1472,Frozen Foods,147.48,STORE-OYG,25,2669.85,False,True,False,True,False,True,False,False,False,True,False
row_01515,PRD-4JP18M,17.465,0.0505,SNACK FOODS,120.73,STORE-89Z,33,2424.68,False,True,False,False,False,True,False,False,True,False,False
row_01516,PRD-ZJZCZV,8.393,0.0389,Snack Foods,99.59,STORE-YLW,35,1062.53,False,True,False,False,False,False,True,False,True,False,False
row_01517,PRD-0JL6QK,19.149,0.1321,Snack Foods,106.4,STORE-9RG,28,1906.64,False,True,False,True,False,False,True,False,True,False,False
row_01518,PRD-FKR26J,8.115,0.0527,Frozen Foods,106.0,STORE-YLW,35,1826.82,False,True,False,False,False,False,True,False,True,False,False
row_01519,PRD-J28SY2,15.739,0.0736,baking goods,257.91,STORE-9RG,28,4414.96,False,True,False,True,False,False,True,True,False,False,True
row_01520,PRD-PLCL5F,18.467,0.0449,Baking Goods,126.32,STORE-JOR,34,129.51,False,False,False,False,True,True,False,False,True,False,False
row_01521,PRD-F4B8DW,20.522,0.0347,DAIRY,214.98,STORE-AGY,45,1119.35,False,True,False,False,True,False,False,False,False,False,True
row_01522,PRD-AK5W77,8.409,0.0319,canned,224.92,STORE-DKU,30,2675.57,False,True,False,True,False,True,False,True,False,False,True
row_01523,PRD-QWRZFX,6.755,0.0061,BAKING GOODS,119.84,STORE-89Z,33,2069.44,False,True,False,False,False,True,False,True,True,False,False
row_01524,PRD-EDLQ9E,12.850875916323977,0.0315,breads,244.17,STORE-7WS,47,3471.23,True,False,False,False,True,True,False,True,False,False,True
row_01525,PRD-O84W6T,15.647,0.0368,SNACK FOODS,126.97,STORE-OYG,25,1927.16,False,True,False,True,False,True,False,False,True,False,False
row_01526,PRD-VLTBHO,17.641,0.1587,MEAT,162.97,STORE-AGY,45,3520.63,False,True,False,False,True,False,False,False,False,True,False
row_01527,PRD-2BSMEB,6.797,0.0375,baking goods,48.18,STORE-9RG,28,301.33,False,True,False,True,False,False,True,False,False,False,False
row_01528,PRD-MGCY57,12.850875916323977,0.1449,Fruits and Vegetables,224.63,STORE-T5G,47,234.88,False,False,False,False,False,False,True,True,False,False,True
row_01529,PRD-1LYFSP,19.615,0.1772,Fruits and Vegetables,220.92,STORE-AGY,45,2000.92,False,True,False,False,True,False,False,False,False,False,True
row_01530,PRD-DFNIAJ,4.791,0.0894,BREADS,121.15,STORE-HL7,23,1990.51,False,False,True,False,True,True,False,False,True,False,False
row_01531,PRD-KE6H76,8.459,0.0315,BAKING GOODS,96.28,STORE-89Z,33,2247.62,False,True,False,False,False,True,False,True,True,False,False
row_01533,PRD-49DBZ7,10.751,0.1565,snack foods,110.0,STORE-YLW,35,1075.44,False,True,False,False,False,False,True,False,True,False,False
row_01535,PRD-0T2RJM,7.773,0.0526,canned,111.72,STORE-JOR,34,120.16,False,False,False,False,True,True,False,False,True,False,False
row_01536,PRD-Q8SB7X,21.505,0.0199,Breakfast,133.64,STORE-YLW,35,2117.56,False,True,False,False,False,False,True,True,True,False,False
row_01537,PRD-BTN76M,12.850875916323977,0.2933,FRUITS AND VEGETABLES,117.44,STORE-T5G,47,479.97,False,False,False,False,False,False,True,False,True,False,False
row_01538,PRD-FL1299,8.763,0.0528,Canned,84.95,STORE-89Z,33,1672.16,False,True,False,False,False,True,False,True,False,False,False
row_01539,PRD-KL9Z6V,17.659,0.1548,Fruits and Vegetables,37.81,STORE-HL7,23,568.9,False,False,True,False,True,True,False,False,False,False,False
row_01541,PRD-UPQZIT,12.850875916323977,0.1264,SOFT DRINKS,111.9,STORE-T5G,47,114.88,False,False,False,False,False,False,True,False,True,False,False
row_01542,PRD-JZZGKE,10.729,0.049,Dairy,48.33,STORE-HL7,23,540.75,False,False,True,False,True,True,False,True,False,False,False
row_01543,PRD-43Z5TX,6.164,0.0262,Fruits and Vegetables,160.47,STORE-HL7,23,5487.3,False,False,True,False,True,True,False,False,False,True,False
row_01544,PRD-T2XRGI,20.94,0.007,Starchy Foods,175.68,STORE-YLW,35,3066.09,False,True,False,False,False,False,True,True,False,True,False
row_01545,PRD-5OIBGD,16.274,0.106,Snack Foods,156.14,STORE-89Z,33,1699.7,False,True,False,False,False,True,False,False,False,True,False
row_01546,PRD-V14WZZ,18.192,0.031,HEALTH AND HYGIENE,195.82,STORE-OYG,25,2110.64,False,True,False,True,False,True,False,False,False,False,True
row_01547,PRD-88O5OR,12.764,0.0619,Soft Drinks,156.48,STORE-DKU,30,2078.05,False,True,False,True,False,True,False,False,False,True,False
row_01548,PRD-RMB8Q9,10.866,0.0351,HEALTH AND HYGIENE,85.03,STORE-DKU,30,416.59,False,True,False,True,False,True,False,False,False,False,False
row_01549,PRD-TS3K1S,8.731,0.0053,FROZEN FOODS,104.97,STORE-OYG,25,2675.72,False,True,False,True,False,True,False,False,True,False,False
row_01550,PRD-741NWE,9.927,0.2282,Baking Goods,50.04,STORE-JOR,34,98.12,False,False,False,False,True,True,False,True,False,False,False
row_01551,PRD-SBYDKN,6.034,0.0105,Meat,63.62,STORE-HL7,23,737.4,False,False,True,False,True,True,False,False,False,False,False
row_01554,PRD-SB61LG,20.788,0.0484,FRUITS AND VEGETABLES,189.14,STORE-YLW,35,4054.08,False,True,False,False,False,False,True,True,False,False,True
row_01555,PRD-EVYY91,14.577,0.0282,Health and Hygiene,108.62,STORE-JOR,34,221.86,False,False,False,False,True,True,False,False,True,False,False
row_01556,PRD-MHZN3M,12.850875916323977,0.0294,Meat,138.7,STORE-T5G,47,144.94,False,False,False,False,False,False,True,False,True,False,False
row_01557,PRD-CX9J1I,14.049,0.0943,Soft Drinks,175.32,STORE-DKU,30,4149.83,False,True,False,True,False,True,False,False,False,True,False
row_01558,PRD-ON4O79,12.850875916323977,0.0165,HOUSEHOLD,95.03,STORE-7WS,47,1475.84,True,False,False,False,True,True,False,False,True,False,False
row_01559,PRD-LXLIM5,12.598,0.0643,HEALTH AND HYGIENE,123.15,STORE-DKU,30,1497.05,False,True,False,True,False,True,False,False,True,False,False
row_01560,PRD-7SMC67,15.924,0.1372,breakfast,129.4,STORE-HL7,23,2125.82,False,False,True,False,True,True,False,False,True,False,False
row_01561,PRD-M5VWIP,5.749,0.0722,Frozen Foods,117.79,STORE-AGY,45,1681.39,False,True,False,False,True,False,False,False,True,False,False
row_01562,PRD-QCMSWD,8.82,0.0088,FROZEN FOODS,97.97,STORE-HL7,23,284.55,False,False,True,False,True,True,False,False,True,False,False
row_01566,PRD-UJG7IN,6.023,0.0969,frozen foods,127.8,STORE-HL7,23,3606.19,False,False,True,False,True,True,False,False,True,False,False
row_01568,PRD-E4XLA5,9.459,0.1231,Baking Goods,231.2,STORE-DKU,30,4648.65,False,True,False,True,False,True,False,True,False,False,True
row_01569,PRD-S4MGBN,16.31,0.0,fruits and vegetables,178.36,STORE-YLW,35,2029.35,False,True,False,False,False,False,True,False,False,True,False
row_01570,PRD-0YF9P7,5.961,0.0982,Fruits and Vegetables,55.4,STORE-89Z,33,527.07,False,True,False,False,False,True,False,False,False,False,False
row_01571,PRD-YLXYXL,7.446,0.0366,Baking Goods,75.39,STORE-OYG,25,1991.34,False,True,False,True,False,True,False,False,False,False,False
row_01574,PRD-8NY9QX,12.850875916323977,0.2352,Snack Foods,149.29,STORE-T5G,47,143.44,False,False,False,False,False,False,True,False,False,True,False
row_01575,PRD-HR8X8C,13.225,0.124,Starchy Foods,93.47,STORE-AGY,45,1892.77,False,True,False,False,True,False,False,True,True,False,False
row_01578,PRD-NAMSQE,12.06,0.1766,BAKING GOODS,79.65,STORE-9RG,28,683.23,False,True,False,True,False,False,True,True,False,False,False
row_01579,PRD-XYXASW,12.850875916323977,0.0806,breads,118.67,STORE-T5G,47,374.23,False,False,False,False,False,False,True,False,True,False,False
row_01580,PRD-RD47WO,15.621,0.1066,Snack Foods,171.33,STORE-HL7,23,2881.42,False,False,True,False,True,True,False,True,False,True,False
row_01581,PRD-S4SJ2V,12.850875916323977,0.0,Dairy,55.47,STORE-T5G,47,111.4,False,False,False,False,False,False,True,True,False,False,False
row_01582,PRD-28T7A9,12.850875916323977,0.0613,Dairy,151.19,STORE-7WS,47,5406.77,True,False,False,False,True,True,False,False,False,True,False
row_01584,PRD-MW0SKC,12.850875916323977,0.1639,MEAT,159.52,STORE-7WS,47,5771.5,True,False,False,False,True,True,False,True,False,True,False
row_01585,PRD-X36ZHB,10.51,0.0261,Baking Goods,171.36,STORE-DKU,30,5843.05,False,True,False,True,False,True,False,True,False,True,False
row_01587,PRD-VLHZZ3,9.894,0.167,FROZEN FOODS,141.7,STORE-AGY,45,808.61,False,True,False,False,True,False,False,False,True,False,False
row_01588,PRD-BFDNHH,8.493,0.1562,snack foods,155.84,STORE-JOR,34,433.81,False,False,False,False,True,True,False,True,False,True,False
row_01589,PRD-T6T18U,12.248,0.0314,canned,76.44,STORE-89Z,33,1454.81,False,True,False,False,False,True,False,False,False,False,False
row_01590,PRD-CP4E30,12.850875916323977,0.0,Dairy,178.17,STORE-7WS,47,3706.42,True,False,False,False,True,True,False,False,False,True,False
row_01591,PRD-64V0WS,17.92,0.0737,snack foods,124.79,STORE-AGY,45,2289.92,False,True,False,False,True,False,False,False,True,False,False
row_01592,PRD-WJIQXP,12.656,0.0736,Frozen Foods,189.5,STORE-HL7,23,1127.33,False,False,True,False,True,True,False,True,False,False,True
row_01593,PRD-RVRRGQ,12.850875916323977,0.0768,dairy,110.17,STORE-7WS,47,3272.96,True,False,False,False,True,True,False,True,True,False,False
row_01595,PRD-6V1JZP,16.628,0.0261,household,247.95,STORE-AGY,45,4275.14,False,True,False,False,True,False,False,False,False,False,True
row_01597,PRD-8669BY,17.006,0.1306,FRUITS AND VEGETABLES,175.42,STORE-9RG,28,2070.2,False,True,False,True,False,False,True,False,False,True,False
row_01599,PRD-DOYWLL,12.803,0.1099,CANNED,119.99,STORE-OYG,25,2263.59,False,True,False,True,False,True,False,False,True,False,False
row_01600,PRD-OSKK9O,15.762,0.0136,Fruits and Vegetables,109.89,STORE-AGY,45,338.74,False,True,False,False,True,False,False,True,True,False,False
row_01601,PRD-AQNCDZ,13.595,0.0141,CANNED,208.48,STORE-DKU,30,2347.77,False,True,False,True,False,True,False,True,False,False,True
row_01602,PRD-UHT6T0,15.727,0.0,soft drinks,75.18,STORE-AGY,45,2119.34,False,True,False,False,True,False,False,False,False,False,False
row_01603,PRD-3BD4Z1,5.934,0.0,FRUITS AND VEGETABLES,162.57,STORE-9RG,28,1640.54,False,True,False,True,False,False,True,False,False,True,False
row_01604,PRD-V0T5X3,16.627,0.0215,Dairy,108.52,STORE-HL7,23,969.84,False,False,True,False,True,True,False,False,True,False,False
row_01606,PRD-X272HP,4.621,0.0732,Soft Drinks,113.23,STORE-9RG,28,794.21,False,True,False,True,False,False,True,False,True,False,False
row_01607,PRD-QKDZ1Q,16.646,0.0622,FRUITS AND VEGETABLES,224.32,STORE-89Z,33,5652.01,False,True,False,False,False,True,False,True,False,False,True
row_01608,PRD-IV473J,20.042,0.0174,Frozen Foods,179.95,STORE-DKU,30,2439.46,False,True,False,True,False,True,False,True,False,True,False
row_01609,PRD-MX6K0J,19.927,0.0,Health and Hygiene,124.9,STORE-HL7,23,1801.53,False,False,True,False,True,True,False,False,True,False,False
row_01610,PRD-PJGDSY,12.850875916323977,0.1456,SNACK FOODS,151.24,STORE-7WS,47,3372.29,True,False,False,False,True,True,False,False,False,True,False
row_01611,PRD-7G23CP,9.072,0.0,Canned,77.97,STORE-9RG,28,1729.69,False,True,False,True,False,False,True,False,False,False,False
row_01612,PRD-M0ZQ63,10.398,0.0722,DAIRY,259.88,STORE-89Z,33,3277.58,False,True,False,False,False,True,False,False,False,False,True
row_01613,PRD-91ZPKY,16.894,0.1242,frozen foods,246.25,STORE-AGY,45,2968.2,False,True,False,False,True,False,False,False,False,False,True
row_01614,PRD-SQ8X3A,17.168,0.066,Baking Goods,88.2,STORE-DKU,30,1703.54,False,True,False,True,False,True,False,True,False,False,False
row_01615,PRD-TS3K1S,12.850875916323977,0.0055,Frozen Foods,104.46,STORE-7WS,47,3446.9,True,False,False,False,True,True,False,False,True,False,False
row_01617,PRD-AQHIU3,19.788,0.0284,HEALTH AND HYGIENE,66.29,STORE-HL7,23,371.77,False,False,True,False,True,True,False,False,False,False,False
row_01618,PRD-2GKFSF,12.850875916323977,0.0249,HOUSEHOLD,151.63,STORE-7WS,47,3322.34,True,False,False,False,True,True,False,False,False,True,False
row_01619,PRD-0XPJ70,6.76,0.0963,Household,192.71,STORE-AGY,45,4340.35,False,True,False,False,True,False,False,False,False,False,True
row_01620,PRD-RJX4XT,12.850875916323977,0.0258,Canned,145.89,STORE-7WS,47,2850.51,True,False,False,False,True,True,False,True,False,True,False
row_01622,PRD-J28SY2,15.527,0.0737,BAKING GOODS,259.73,STORE-HL7,23,2120.03,False,False,True,False,True,True,False,True,False,False,True
row_01623,PRD-T5HGP8,10.385,0.0,Baking Goods,158.3,STORE-DKU,30,1310.37,False,True,False,True,False,True,False,True,False,True,False
row_01627,PRD-SILU2D,6.373,0.0105,Canned,114.75,STORE-89Z,33,1436.13,False,True,False,False,False,True,False,False,True,False,False
row_01628,PRD-6O0HUH,20.606,0.0151,Fruits and Vegetables,238.51,STORE-YLW,35,4321.44,False,True,False,False,False,False,True,True,False,False,True
row_01629,PRD-RHZPAC,9.986,0.0297,Canned,117.0,STORE-HL7,23,1512.16,False,False,True,False,True,True,False,True,True,False,False
row_01631,PRD-AN63XD,12.850875916323977,0.0104,FROZEN FOODS,184.78,STORE-T5G,47,360.25,False,False,False,False,False,False,True,False,False,True,False
row_01632,PRD-40MGG1,13.549,0.0914,SOFT DRINKS,184.47,STORE-YLW,35,1371.66,False,True,False,False,False,False,True,False,False,True,False
row_01633,PRD-JH7XEX,7.052,0.0406,Canned,80.59,STORE-HL7,23,1006.85,False,False,True,False,True,True,False,False,False,False,False
row_01634,PRD-N0RSKQ,14.774,0.1711,snack foods,189.5,STORE-YLW,35,5057.28,False,True,False,False,False,False,True,False,False,False,True
row_01635,PRD-YGW5F2,10.081,0.1402,Meat,105.11,STORE-HL7,23,1591.98,False,False,True,False,True,True,False,False,True,False,False
row_01636,PRD-VXSN74,18.024,0.0563,SNACK FOODS,143.91,STORE-89Z,33,6220.45,False,True,False,False,False,True,False,False,False,True,False
row_01637,PRD-5WVO01,5.267,0.0296,Health and Hygiene,34.37,STORE-OYG,25,658.84,False,True,False,True,False,True,False,False,False,False,False
row_01638,PRD-U1OJA0,13.339,0.0489,BREADS,223.0,STORE-YLW,35,5613.97,False,True,False,False,False,False,True,False,False,False,True
row_01640,PRD-5GAS44,8.35,0.0273,soft drinks,151.48,STORE-YLW,35,904.67,False,True,False,False,False,False,True,False,False,True,False
row_01642,PRD-CEM9N4,12.049,0.1344,FROZEN FOODS,246.49,STORE-89Z,33,1228.84,False,True,False,False,False,True,False,False,False,False,True
row_01644,PRD-EMI6QW,12.850875916323977,0.0298,HOUSEHOLD,117.55,STORE-7WS,47,1826.4,True,False,False,False,True,True,False,False,True,False,False
row_01645,PRD-I3MWRM,16.649,0.0341,meat,167.55,STORE-AGY,45,1041.37,False,True,False,False,True,False,False,False,False,True,False
row_01646,PRD-LCSXU1,11.519,0.0609,Baking Goods,174.9,STORE-YLW,35,3538.91,False,True,False,False,False,False,True,True,False,True,False
row_01647,PRD-KL6CEV,6.581,0.0888,HOUSEHOLD,88.44,STORE-9RG,28,2029.56,False,True,False,True,False,False,True,False,False,False,False
row_01649,PRD-4RQYWN,16.129,0.0338,HOUSEHOLD,125.3,STORE-89Z,33,2984.27,False,True,False,False,False,True,False,False,True,False,False
row_01650,PRD-TVFDG0,5.886,0.0294,BREADS,189.38,STORE-YLW,35,3751.65,False,True,False,False,False,False,True,True,False,False,True
row_01651,PRD-S57TCO,5.393,0.0,Baking Goods,133.79,STORE-HL7,23,251.18,False,False,True,False,True,True,False,True,True,False,False
row_01652,PRD-HDPJSA,12.850875916323977,0.2276,Canned,259.97,STORE-T5G,47,1381.45,False,False,False,False,False,False,True,False,False,False,True
row_01653,PRD-U3BDL2,8.735,0.054,breads,130.52,STORE-DKU,30,1291.05,False,True,False,True,False,True,False,True,True,False,False
row_01657,PRD-C3DXMR,17.006,0.0347,SNACK FOODS,90.13,STORE-DKU,30,544.12,False,True,False,True,False,True,False,False,False,False,False
row_01658,PRD-0HHXSC,20.171,0.0,HOUSEHOLD,72.12,STORE-HL7,23,1894.78,False,False,True,False,True,True,False,False,False,False,False
row_01660,PRD-MVFBO1,9.794,0.0628,household,229.91,STORE-AGY,45,4204.65,False,True,False,False,True,False,False,False,False,False,True
row_01661,PRD-UPQZIT,7.125,0.0707,soft drinks,109.04,STORE-89Z,33,1125.12,False,True,False,False,False,True,False,False,True,False,False
row_01662,PRD-9WWKQF,17.608,0.0728,Canned,158.72,STORE-HL7,23,811.17,False,False,True,False,True,True,False,False,False,True,False
row_01663,PRD-41ZE8O,7.687,0.0,Snack Foods,40.93,STORE-DKU,30,882.62,False,True,False,True,False,True,False,True,False,False,False
row_01665,PRD-VN8NN8,9.42,0.0763,MEAT,106.46,STORE-YLW,35,2989.0,False,True,False,False,False,False,True,True,True,False,False
row_01667,PRD-L9CYMT,19.662,0.0438,Dairy,91.16,STORE-89Z,33,688.97,False,True,False,False,False,True,False,False,False,False,False
row_01668,PRD-3G4UNX,12.850875916323977,0.1119,canned,193.28,STORE-7WS,47,4841.17,True,False,False,False,True,True,False,False,False,False,True
row_01669,PRD-UBXCU2,8.907,0.02,Household,168.1,STORE-89Z,33,4075.94,False,True,False,False,False,True,False,False,False,True,False
row_01670,PRD-9IT02F,16.903,0.0695,household,117.74,STORE-9RG,28,2939.31,False,True,False,True,False,False,True,False,True,False,False
row_01671,PRD-F3G3T3,14.952,0.0195,Snack Foods,235.38,STORE-AGY,45,1722.57,False,True,False,False,True,False,False,False,False,False,True
row_01672,PRD-3IFU71,9.168,0.1752,baking goods,149.01,STORE-JOR,34,574.74,False,False,False,False,True,True,False,False,False,True,False
row_01673,PRD-LUJBU0,8.258,0.0485,Baking Goods,105.23,STORE-YLW,35,2955.03,False,True,False,False,False,False,True,True,True,False,False
row_01674,PRD-195DWY,16.755,0.0,Fruits and Vegetables,198.6,STORE-HL7,23,1419.58,False,False,True,False,True,True,False,False,False,False,True
row_01675,PRD-EGC2DP,6.914,0.0906,Snack Foods,211.07,STORE-JOR,34,418.9,False,False,False,False,True,True,False,False,False,False,True
row_01676,PRD-72AAVH,15.279,0.0516,meat,241.12,STORE-9RG,28,4405.99,False,True,False,True,False,False,True,False,False,False,True
row_01677,PRD-DP03EH,7.335,0.1573,Dairy,212.08,STORE-9RG,28,3817.32,False,True,False,True,False,False,True,False,False,False,True
row_01678,PRD-LQY3T3,16.838,0.0942,Household,195.85,STORE-OYG,25,3428.54,False,True,False,True,False,True,False,False,False,False,True
row_01679,PRD-Y7T0DJ,12.850875916323977,0.2288,fruits and vegetables,84.15,STORE-T5G,47,86.96,False,False,False,False,False,False,True,False,False,False,False
row_01680,PRD-N5F62D,17.407,0.0141,frozen foods,262.36,STORE-DKU,30,5934.69,False,True,False,True,False,True,False,False,False,False,True
row_01681,PRD-SCRO8S,12.850875916323977,0.1907,Fruits and Vegetables,42.61,STORE-T5G,47,128.1,False,False,False,False,False,False,True,True,False,False,False
row_01682,PRD-WFA6ZI,18.259,0.0347,Dairy,250.0,STORE-DKU,30,4833.13,False,True,False,True,False,True,False,False,False,False,True
row_01683,PRD-PXZYDW,14.99,0.0557,household,138.62,STORE-9RG,28,2714.6,False,True,False,True,False,False,True,False,True,False,False
row_01684,PRD-ZGIUDT,12.850875916323977,0.1012,Health and Hygiene,114.56,STORE-7WS,47,1664.32,True,False,False,False,True,True,False,False,True,False,False
row_01685,PRD-ZTKB9Z,18.671,0.0613,household,220.99,STORE-HL7,23,3144.3,False,False,True,False,True,True,False,False,False,False,True
row_01686,PRD-Q4MPR9,9.914,0.0491,Snack Foods,158.53,STORE-JOR,34,324.87,False,False,False,False,True,True,False,False,False,True,False
row_01688,PRD-93TBZQ,14.304,0.0662,FRUITS AND VEGETABLES,90.3,STORE-DKU,30,1780.59,False,True,False,True,False,True,False,True,False,False,False
row_01690,PRD-61J4BY,19.864,0.0123,Household,153.0,STORE-YLW,35,2009.47,False,True,False,False,False,False,True,False,False,True,False
row_01691,PRD-ANEC1W,6.239,0.0123,FRUITS AND VEGETABLES,38.67,STORE-AGY,45,501.31,False,True,False,False,True,False,False,False,False,False,False
row_01692,PRD-5BFZ63,18.891,0.1435,canned,171.72,STORE-OYG,25,4241.75,False,True,False,True,False,True,False,False,False,True,False
row_01694,PRD-1I4EOY,19.388,0.0383,Fruits and Vegetables,210.76,STORE-AGY,45,5348.9,False,True,False,False,True,False,False,False,False,False,True
row_01695,PRD-L5PBHR,13.324,0.0206,breads,87.48,STORE-OYG,25,1901.23,False,True,False,True,False,True,False,False,False,False,False
row_01696,PRD-8DPOY7,12.782,0.007,household,41.89,STORE-YLW,35,386.6,False,True,False,False,False,False,True,False,False,False,False
row_01697,PRD-Y20K05,11.15,0.0093,meat,118.21,STORE-OYG,25,1900.76,False,True,False,True,False,True,False,False,True,False,False
row_01699,PRD-K6I2KL,9.577,0.0138,SNACK FOODS,184.59,STORE-AGY,45,3175.66,False,True,False,False,True,False,False,True,False,True,False
row_01703,PRD-741NWE,9.793,0.14,Baking Goods,51.21,STORE-HL7,23,253.35,False,False,True,False,True,True,False,True,False,False,False
row_01704,PRD-FKR26J,8.006,0.054,frozen foods,106.24,STORE-DKU,30,954.07,False,True,False,True,False,True,False,False,True,False,False
row_01705,PRD-RMBF82,9.462,0.0358,Fruits and Vegetables,169.71,STORE-89Z,33,2443.51,False,True,False,False,False,True,False,True,False,True,False
row_01706,PRD-9H9FM8,17.49,0.0498,Household,169.14,STORE-DKU,30,3026.79,False,True,False,True,False,True,False,False,False,True,False
row_01707,PRD-UC3160,18.042,0.0766,meat,114.14,STORE-YLW,35,1174.77,False,True,False,False,False,False,True,True,True,False,False
row_01708,PRD-TQ9DZG,8.097,0.0298,fruits and vegetables,41.29,STORE-DKU,30,271.94,False,True,False,True,False,True,False,False,False,False,False
row_01709,PRD-FCYZ7S,12.852,0.1322,snack foods,156.21,STORE-YLW,35,4165.57,False,True,False,False,False,False,True,False,False,True,False
row_01710,PRD-NBDVPI,12.850875916323977,0.098,Fruits and Vegetables,221.5,STORE-T5G,47,447.61,False,False,False,False,False,False,True,True,False,False,True
row_01711,PRD-4R1F1X,12.850875916323977,0.014,DAIRY,169.28,STORE-T5G,47,884.9,False,False,False,False,False,False,True,False,False,True,False
row_01712,PRD-OQTFZN,12.081,0.1371,Fruits and Vegetables,194.04,STORE-OYG,25,2204.52,False,True,False,True,False,True,False,True,False,False,True
row_01713,PRD-WT8JJ4,13.692,0.0309,Others,40.18,STORE-YLW,35,649.83,False,True,False,False,False,False,True,False,False,False,False
row_01715,PRD-1UQKER,20.596,0.1019,Baking Goods,172.05,STORE-JOR,34,162.69,False,False,False,False,True,True,False,True,False,True,False
row_01716,PRD-F4D9ZQ,7.625,0.0839,meat,63.43,STORE-HL7,23,1178.71,False,False,True,False,True,True,False,False,False,False,False
row_01717,PRD-G9LC5B,19.413,0.1031,Household,34.56,STORE-AGY,45,315.75,False,True,False,False,True,False,False,False,False,False,False
row_01718,PRD-L9EKA0,5.939,0.0,SOFT DRINKS,42.79,STORE-89Z,33,693.16,False,True,False,False,False,True,False,True,False,False,False
row_01719,PRD-H8LBRN,16.507,0.03,Household,260.99,STORE-YLW,35,2106.82,False,True,False,False,False,False,True,False,False,False,True
row_01720,PRD-9C3FUQ,15.332,0.1346,Hard Drinks,246.9,STORE-AGY,45,3282.85,False,True,False,False,True,False,False,False,False,False,True
row_01721,PRD-OSKK9O,12.850875916323977,0.0129,Fruits and Vegetables,103.33,STORE-7WS,47,1375.83,True,False,False,False,True,True,False,True,True,False,False
row_01722,PRD-7JTKKU,17.251,0.039,Fruits and Vegetables,79.67,STORE-HL7,23,487.45,False,False,True,False,True,True,False,True,False,False,False
row_01723,PRD-JNNMAX,21.883,0.1092,Health and Hygiene,231.16,STORE-OYG,25,2955.86,False,True,False,True,False,True,False,False,False,False,True
row_01724,PRD-DZQ5YW,17.026,0.0455,Snack Foods,97.92,STORE-YLW,35,1800.68,False,True,False,False,False,False,True,True,True,False,False
row_01726,PRD-7XB2JA,7.875,0.0,Household,155.22,STORE-AGY,45,1684.53,False,True,False,False,True,False,False,False,False,True,False
row_01727,PRD-192YWO,11.993,0.0258,Canned,58.86,STORE-OYG,25,1312.73,False,True,False,True,False,True,False,False,False,False,False
row_01728,PRD-21BKSM,17.168,0.0338,health and hygiene,185.71,STORE-DKU,30,3000.06,False,True,False,True,False,True,False,False,False,True,False
row_01729,PRD-BH7RPX,5.021,0.036,household,166.15,STORE-YLW,35,2449.7,False,True,False,False,False,False,True,False,False,True,False
row_01730,PRD-PXZYDW,15.464,0.0569,Household,136.23,STORE-AGY,45,3778.5,False,True,False,False,True,False,False,False,True,False,False
row_01731,PRD-3OERXC,12.850875916323977,0.1314,Household,99.17,STORE-7WS,47,2557.05,True,False,False,False,True,True,False,False,True,False,False
row_01732,PRD-VP8H4N,8.544,0.1006,Canned,50.91,STORE-DKU,30,655.46,False,True,False,True,False,True,False,False,False,False,False
row_01733,PRD-OONR06,10.117,0.0652,FROZEN FOODS,229.34,STORE-AGY,45,466.12,False,True,False,False,True,False,False,True,False,False,True
row_01734,PRD-S4MGBN,17.041,0.1264,Fruits and Vegetables,175.98,STORE-9RG,28,1820.56,False,True,False,True,False,False,True,False,False,True,False
row_01735,PRD-PT4MX2,14.813,0.0415,fruits and vegetables,112.84,STORE-HL7,23,661.91,False,False,True,False,True,True,False,True,True,False,False
row_01736,PRD-GD8AFP,18.806,0.0722,Dairy,39.31,STORE-JOR,34,78.57,False,False,False,False,True,True,False,False,False,False,False
row_01737,PRD-VB2Y6O,14.456,0.0192,Health and Hygiene,197.41,STORE-9RG,28,3966.35,False,True,False,True,False,False,True,False,False,False,True
row_01738,PRD-3RA1PP,20.333,0.1241,SNACK FOODS,202.2,STORE-9RG,28,4315.32,False,True,False,True,False,False,True,False,False,False,True
row_01739,PRD-OZ9XFZ,15.582,0.0959,Frozen Foods,88.84,STORE-AGY,45,1701.66,False,True,False,False,True,False,False,True,False,False,False
row_01740,PRD-GOAVWS,12.850875916323977,0.045,SNACK FOODS,118.68,STORE-7WS,47,2753.97,True,False,False,False,True,True,False,False,True,False,False
row_01741,PRD-PX2TN7,12.304,0.0,Baking Goods,38.31,STORE-AGY,45,739.39,False,True,False,False,True,False,False,False,False,False,False
row_01742,PRD-0Y2EFZ,15.479,0.1144,CANNED,112.23,STORE-OYG,25,3092.05,False,True,False,True,False,True,False,True,True,False,False
row_01744,PRD-LUJBU0,8.614,0.0464,Baking Goods,114.49,STORE-89Z,33,3008.22,False,True,False,False,False,True,False,True,True,False,False
row_01745,PRD-UT6HR4,13.87,0.0288,Health and Hygiene,130.3,STORE-HL7,23,2010.65,False,False,True,False,True,True,False,False,True,False,False
row_01746,PRD-2YAZQT,15.775,0.0867,Frozen Foods,50.46,STORE-HL7,23,390.6,False,False,True,False,True,True,False,True,False,False,False
row_01747,PRD-L7R843,8.487,0.0721,Hard Drinks,246.37,STORE-OYG,25,7299.2,False,True,False,True,False,True,False,False,False,False,True
row_01748,PRD-S3EOQM,7.981,0.1568,hard drinks,144.35,STORE-YLW,35,1471.98,False,True,False,False,False,False,True,False,False,True,False
row_01749,PRD-L5PBHR,13.066,0.0217,breads,83.06,STORE-YLW,35,1319.23,False,True,False,False,False,False,True,False,False,False,False
row_01751,PRD-KS265G,15.256,0.1529,Household,60.56,STORE-YLW,35,834.15,False,True,False,False,False,False,True,False,False,False,False
row_01752,PRD-AFT69N,11.862,0.0143,frozen foods,181.25,STORE-DKU,30,3411.7,False,True,False,True,False,True,False,True,False,True,False
row_01753,PRD-MAA7H7,14.372,0.1025,Snack Foods,53.19,STORE-9RG,28,482.28,False,True,False,True,False,False,True,True,False,False,False
row_01754,PRD-F6ZM5U,18.425,0.0411,SNACK FOODS,149.31,STORE-OYG,25,2722.1,False,True,False,True,False,True,False,False,False,True,False
row_01755,PRD-ZDANTN,20.431,0.0233,BAKING GOODS,234.5,STORE-9RG,28,7720.12,False,True,False,True,False,False,True,True,False,False,True
row_01756,PRD-HC0BPN,10.276,0.0,fruits and vegetables,184.34,STORE-DKU,30,5080.85,False,True,False,True,False,True,False,True,False,True,False
row_01757,PRD-EFRJYJ,5.331,0.2413,Seafood,168.38,STORE-JOR,34,173.04,False,False,False,False,True,True,False,True,False,True,False
row_01758,PRD-1NG2QG,7.998,0.1533,FROZEN FOODS,156.52,STORE-AGY,45,1251.14,False,True,False,False,True,False,False,True,False,True,False
row_01759,PRD-FNO6B9,8.294,0.205,soft drinks,184.57,STORE-JOR,34,181.87,False,False,False,False,True,True,False,True,False,True,False
row_01760,PRD-U4W9RS,14.53,0.1529,BAKING GOODS,146.28,STORE-JOR,34,280.7,False,False,False,False,True,True,False,False,False,True,False
row_01761,PRD-RY40KH,12.461,0.0309,Fruits and Vegetables,104.87,STORE-89Z,33,2014.52,False,True,False,False,False,True,False,False,True,False,False
row_01763,PRD-HQ57UY,12.850875916323977,0.0,Frozen Foods,37.78,STORE-7WS,47,1006.35,True,False,False,False,True,True,False,True,False,False,False
row_01764,PRD-KB5FAA,9.466,0.0269,SNACK FOODS,262.55,STORE-YLW,35,1805.95,False,True,False,False,False,False,True,True,False,False,True
row_01765,PRD-3S195J,4.705,0.1208,Hard Drinks,175.94,STORE-OYG,25,3577.19,False,True,False,True,False,True,False,False,False,True,False
row_01766,PRD-10N229,19.751,0.0,household,143.65,STORE-AGY,45,3226.13,False,True,False,False,True,False,False,False,False,True,False
row_01767,PRD-WFA6ZI,18.254,0.0592,dairy,247.87,STORE-JOR,34,522.44,False,False,False,False,True,True,False,False,False,False,True
row_01768,PRD-4OOJQX,8.97,0.0857,Snack Foods,167.02,STORE-HL7,23,2167.68,False,False,True,False,True,True,False,False,False,True,False
row_01769,PRD-4KDSBS,12.850875916323977,0.0,BAKING GOODS,99.07,STORE-7WS,47,2891.15,True,False,False,False,True,True,False,False,True,False,False
row_01771,PRD-D4K7YJ,12.850875916323977,0.2343,Starchy Foods,187.8,STORE-T5G,47,185.36,False,False,False,False,False,False,True,True,False,False,True
row_01772,PRD-J4WCO5,14.964,0.0272,baking goods,223.53,STORE-HL7,23,1851.2,False,False,True,False,True,True,False,True,False,False,True
row_01774,PRD-7Q94JB,15.011,0.0632,FROZEN FOODS,141.45,STORE-DKU,30,3991.57,False,True,False,True,False,True,False,True,True,False,False
row_01775,PRD-SR6GI0,10.864,0.0611,fruits and vegetables,132.81,STORE-JOR,34,254.65,False,False,False,False,True,True,False,False,True,False,False
row_01776,PRD-NQ65QD,6.137,0.075,Dairy,60.6,STORE-89Z,33,1439.61,False,True,False,False,False,True,False,False,False,False,False
row_01777,PRD-KFS6VF,10.961,0.0,hard drinks,71.14,STORE-89Z,33,783.65,False,True,False,False,False,True,False,False,False,False,False
row_01778,PRD-26OC7T,12.850875916323977,0.0822,Frozen Foods,249.77,STORE-7WS,47,4656.13,True,False,False,False,True,True,False,False,False,False,True
row_01779,PRD-C2W953,17.945,0.0406,Snack Foods,99.65,STORE-HL7,23,642.98,False,False,True,False,True,True,False,True,True,False,False
row_01780,PRD-HZXGUJ,7.881,0.017,Dairy,48.65,STORE-AGY,45,149.33,False,True,False,False,True,False,False,False,False,False,False
row_01781,PRD-1K1QT6,13.197,0.0102,Household,180.29,STORE-HL7,23,2323.65,False,False,True,False,True,True,False,False,False,True,False
row_01783,PRD-OOQHSF,6.185,0.0309,household,108.59,STORE-OYG,25,2483.29,False,True,False,True,False,True,False,False,True,False,False
row_01785,PRD-J10FFD,8.314,0.0,HOUSEHOLD,140.14,STORE-DKU,30,1740.93,False,True,False,True,False,True,False,False,True,False,False
row_01786,PRD-X7RF1F,9.998,0.0433,Snack Foods,42.86,STORE-HL7,23,850.85,False,False,True,False,True,True,False,False,False,False,False
row_01787,PRD-RD47WO,12.850875916323977,0.1004,snack foods,171.82,STORE-7WS,47,1469.26,True,False,False,False,True,True,False,True,False,True,False
row_01788,PRD-KJ6I53,7.872,0.3124,HOUSEHOLD,33.01,STORE-JOR,34,137.94,False,False,False,False,True,True,False,False,False,False,False
row_01789,PRD-4JXFPK,11.736,0.1712,DAIRY,54.14,STORE-YLW,35,635.21,False,True,False,False,False,False,True,False,False,False,False
row_01791,PRD-NF4EK6,19.378,0.0681,household,39.87,STORE-OYG,25,370.66,False,True,False,True,False,True,False,False,False,False,False
row_01793,PRD-W10HOA,6.639,0.0,Snack Foods,92.13,STORE-HL7,23,1056.76,False,False,True,False,True,True,False,False,False,False,False
row_01794,PRD-5FVDDW,9.326,0.0335,Meat,153.9,STORE-OYG,25,624.09,False,True,False,True,False,True,False,True,False,True,False
row_01795,PRD-N7XY43,16.597,0.0,canned,88.01,STORE-HL7,23,1580.5,False,False,True,False,True,True,False,False,False,False,False
row_01796,PRD-KDGVNM,6.708,0.0543,Canned,150.98,STORE-DKU,30,298.44,False,True,False,True,False,True,False,False,False,True,False
row_01797,PRD-TVFDG0,6.066,0.0474,Breads,185.97,STORE-JOR,34,574.2,False,False,False,False,True,True,False,True,False,True,False
row_01798,PRD-FY9Z9U,19.756,0.1021,canned,106.13,STORE-89Z,33,1277.71,False,True,False,False,False,True,False,True,True,False,False
row_01799,PRD-IFY7O0,12.768,0.0464,fruits and vegetables,176.19,STORE-DKU,30,3074.93,False,True,False,True,False,True,False,True,False,True,False
row_01800,PRD-XQL9QP,12.850875916323977,0.0701,Breads,252.71,STORE-7WS,47,3176.23,True,False,False,False,True,True,False,True,False,False,True
row_01803,PRD-ZCF0TU,11.09,0.1347,canned,219.62,STORE-DKU,30,2172.47,False,True,False,True,False,True,False,True,False,False,True
row_01804,PRD-32CDXS,19.724,0.0191,Fruits and Vegetables,218.94,STORE-AGY,45,3149.33,False,True,False,False,True,False,False,True,False,False,True
row_01806,PRD-6625CS,10.541,0.0361,Meat,228.29,STORE-DKU,30,4404.76,False,True,False,True,False,True,False,True,False,False,True
row_01807,PRD-41CMGC,7.433,0.044,fruits and vegetables,231.23,STORE-9RG,28,3257.77,False,True,False,True,False,False,True,False,False,False,True
row_01809,PRD-UHT6T0,12.850875916323977,0.0588,SOFT DRINKS,72.67,STORE-T5G,47,220.17,False,False,False,False,False,False,True,False,False,False,False
row_01810,PRD-0948NP,12.850875916323977,0.0374,Fruits and Vegetables,141.94,STORE-7WS,47,4663.11,True,False,False,False,True,True,False,False,True,False,False
row_01811,PRD-0TRD9L,15.179,0.0209,Frozen Foods,134.41,STORE-89Z,33,941.77,False,True,False,False,False,True,False,True,True,False,False
row_01812,PRD-JFXKHA,20.298,0.1253,SNACK FOODS,95.29,STORE-89Z,33,1326.53,False,True,False,False,False,True,False,True,True,False,False
row_01813,PRD-YE19ES,10.42,0.1288,dairy,118.17,STORE-YLW,35,1982.32,False,True,False,False,False,False,True,True,True,False,False
row_01814,PRD-5K9MLE,12.333,0.1629,HOUSEHOLD,115.85,STORE-YLW,35,1615.49,False,True,False,False,False,False,True,False,True,False,False
row_01815,PRD-UMMSR8,11.339,0.0,Snack Foods,51.06,STORE-9RG,28,825.77,False,True,False,True,False,False,True,False,False,False,False
row_01816,PRD-8669BY,17.347,0.1398,FRUITS AND VEGETABLES,169.55,STORE-DKU,30,1781.59,False,True,False,True,False,True,False,False,False,True,False
row_01817,PRD-6D4HQC,7.072,0.0812,snack foods,108.77,STORE-YLW,35,1958.3,False,True,False,False,False,False,True,False,True,False,False
row_01818,PRD-JJTFPH,9.784,0.0734,Hard Drinks,179.8,STORE-OYG,25,1650.21,False,True,False,True,False,True,False,False,False,True,False
row_01819,PRD-58CEPS,6.77,0.0685,Fruits and Vegetables,186.33,STORE-9RG,28,5225.35,False,True,False,True,False,False,True,False,False,False,True
row_01820,PRD-2G2HFD,12.850875916323977,0.0067,Household,162.01,STORE-7WS,47,3817.88,True,False,False,False,True,True,False,False,False,True,False
row_01821,PRD-L6H2NL,9.028,0.1279,household,48.91,STORE-JOR,34,47.11,False,False,False,False,True,True,False,False,False,False,False
row_01823,PRD-L9KV91,12.850875916323977,0.0551,seafood,162.77,STORE-T5G,47,323.24,False,False,False,False,False,False,True,False,False,True,False
row_01824,PRD-V0T5X3,16.562,0.0227,DAIRY,113.89,STORE-OYG,25,3309.45,False,True,False,True,False,True,False,False,True,False,False
row_01825,PRD-NQ65QD,6.301,0.077,Dairy,62.05,STORE-DKU,30,810.42,False,True,False,True,False,True,False,False,False,False,False
row_01827,PRD-0YLTZ9,20.992,0.0935,DAIRY,78.32,STORE-AGY,45,305.59,False,True,False,False,True,False,False,False,False,False,False
row_01828,PRD-26OC7T,5.232,0.0803,FROZEN FOODS,250.21,STORE-YLW,35,1006.54,False,True,False,False,False,False,True,False,False,False,True
row_01830,PRD-GZ0C99,9.898,0.0149,MEAT,251.93,STORE-9RG,28,4106.18,False,True,False,True,False,False,True,True,False,False,True
row_01831,PRD-TUWAR7,10.439,0.061,HOUSEHOLD,36.96,STORE-9RG,28,770.94,False,True,False,True,False,False,True,False,False,False,False
row_01832,PRD-KDGVNM,6.847,0.0558,Canned,151.09,STORE-89Z,33,2589.45,False,True,False,False,False,True,False,False,False,True,False
row_01833,PRD-DE4M6H,12.850875916323977,0.0476,FROZEN FOODS,38.54,STORE-7WS,47,893.46,True,False,False,False,True,True,False,True,False,False,False
row_01834,PRD-EVFXVR,14.839,0.0,Household,162.73,STORE-JOR,34,341.08,False,False,False,False,True,True,False,False,False,True,False
row_01835,PRD-AWPUBL,12.850875916323977,0.0285,canned,180.2,STORE-7WS,47,6551.4,True,False,False,False,True,True,False,True,False,True,False
row_01837,PRD-LI16DH,11.844,0.0299,frozen foods,252.93,STORE-JOR,34,1044.75,False,False,False,False,True,True,False,False,False,False,True
row_01838,PRD-WOLYTS,12.850875916323977,0.0721,Fruits and Vegetables,117.32,STORE-T5G,47,127.88,False,False,False,False,False,False,True,True,True,False,False
row_01841,PRD-TIGUE8,15.463,0.0598,Household,127.41,STORE-HL7,23,2372.31,False,False,True,False,True,True,False,False,True,False,False
row_01842,PRD-8LXUM3,7.14,0.0562,Dairy,139.07,STORE-OYG,25,2591.8,False,True,False,True,False,True,False,False,True,False,False
row_01843,PRD-6KHXCY,11.627,0.0573,Meat,147.64,STORE-AGY,45,1305.77,False,True,False,False,True,False,False,True,False,True,False
row_01846,PRD-F3G3T3,14.838,0.0199,Snack Foods,238.89,STORE-89Z,33,3404.17,False,True,False,False,False,True,False,False,False,False,True
row_01847,PRD-3A1DU1,5.648,0.0812,household,170.28,STORE-YLW,35,2999.72,False,True,False,False,False,False,True,False,False,True,False
row_01848,PRD-5URYBL,8.563,0.1145,Household,165.55,STORE-9RG,28,2036.13,False,True,False,True,False,False,True,False,False,True,False
row_01849,PRD-77KXXS,8.427,0.071,dairy,190.68,STORE-89Z,33,3390.15,False,True,False,False,False,True,False,True,False,False,True
row_01850,PRD-A0G7G2,12.850875916323977,0.0344,fruits and vegetables,253.45,STORE-HL7,23,2459.51,False,False,True,False,True,True,False,False,False,False,True
row_01851,PRD-3HGG9C,19.645,0.0,Household,190.29,STORE-AGY,45,3057.47,False,True,False,False,True,False,False,False,False,False,True
row_01852,PRD-UMPYO0,7.726,0.0436,baking goods,92.4,STORE-YLW,35,1775.5,False,True,False,False,False,False,True,False,False,False,False
row_01854,PRD-EFRJYJ,12.850875916323977,0.1345,SEAFOOD,169.16,STORE-7WS,47,3598.6,True,False,False,False,True,True,False,True,False,True,False
row_01855,PRD-97XGCK,16.013,0.0849,Baking Goods,112.79,STORE-OYG,25,1063.0,False,True,False,True,False,True,False,False,True,False,False
row_01856,PRD-LK2C0X,12.850875916323977,0.0148,frozen foods,205.2,STORE-7WS,47,9263.0,True,False,False,False,True,True,False,False,False,False,True
row_01857,PRD-EQUA7O,11.549,0.0,meat,104.63,STORE-JOR,34,209.48,False,False,False,False,True,True,False,True,True,False,False
row_01858,PRD-WJIQXP,12.335,0.0789,Frozen Foods,186.32,STORE-OYG,25,1142.18,False,True,False,True,False,True,False,True,False,False,True
row_01859,PRD-IEIQO7,19.078,0.1214,others,58.07,STORE-HL7,23,848.69,False,False,True,False,True,True,False,False,False,False,False
row_01860,PRD-XMSTP3,14.634,0.0597,Snack Foods,44.55,STORE-AGY,45,658.62,False,True,False,False,True,False,False,False,False,False,False
row_01861,PRD-ZKEARJ,12.850875916323977,0.029,Health and Hygiene,110.29,STORE-T5G,47,630.36,False,False,False,False,False,False,True,False,True,False,False
row_01863,PRD-GJY1KD,14.402,0.0,Household,198.74,STORE-89Z,33,3622.37,False,True,False,False,False,True,False,False,False,False,True
row_01864,PRD-SBYDKN,6.151,0.0103,Meat,65.13,STORE-YLW,35,1129.44,False,True,False,False,False,False,True,False,False,False,False
row_01865,PRD-IFY7O0,12.850875916323977,0.0461,Fruits and Vegetables,181.5,STORE-7WS,47,2576.69,True,False,False,False,True,True,False,True,False,True,False
row_01866,PRD-HU814P,12.514,0.0093,Baking Goods,75.39,STORE-OYG,25,1207.88,False,True,False,True,False,True,False,False,False,False,False
row_01867,PRD-K15UL9,9.011,0.1162,Frozen Foods,93.99,STORE-AGY,45,2779.31,False,True,False,False,True,False,False,False,True,False,False
row_01868,PRD-OFJA5N,12.850875916323977,0.0532,CANNED,201.47,STORE-7WS,47,6290.91,True,False,False,False,True,True,False,True,False,False,True
row_01869,PRD-0KDULB,20.648,0.0756,HOUSEHOLD,94.85,STORE-AGY,45,981.38,False,True,False,False,True,False,False,False,True,False,False
row_01870,PRD-X272HP,4.527,0.0709,Soft Drinks,116.18,STORE-YLW,35,1221.34,False,True,False,False,False,False,True,False,True,False,False
row_01871,PRD-K82WU9,5.975,0.0,Fruits and Vegetables,128.29,STORE-JOR,34,264.3,False,False,False,False,True,True,False,True,True,False,False
row_01873,PRD-UT6Z84,11.174,0.0086,Dairy,147.95,STORE-OYG,25,2039.07,False,True,False,True,False,True,False,True,False,True,False
row_01874,PRD-N4RCER,17.757,0.152,Seafood,146.66,STORE-89Z,33,2287.7,False,True,False,False,False,True,False,True,False,True,False
row_01875,PRD-90XDR7,12.512,0.0197,Breads,194.41,STORE-YLW,35,5651.76,False,True,False,False,False,False,True,False,False,False,True
row_01876,PRD-V14WZZ,18.672,0.0292,health and hygiene,190.7,STORE-DKU,30,3196.97,False,True,False,True,False,True,False,False,False,False,True
row_01877,PRD-377V1I,16.389,0.117,BAKING GOODS,183.87,STORE-JOR,34,181.85,False,False,False,False,True,True,False,True,False,True,False
row_01878,PRD-Y6X573,5.914,0.0783,Others,140.01,STORE-HL7,23,1844.9,False,False,True,False,True,True,False,False,True,False,False
row_01879,PRD-GSEMU5,6.859,0.0304,FRUITS AND VEGETABLES,78.15,STORE-YLW,35,1414.07,False,True,False,False,False,False,True,True,False,False,False
row_01880,PRD-U9W2MB,13.175,0.158,fruits and vegetables,147.64,STORE-AGY,45,705.78,False,True,False,False,True,False,False,True,False,True,False
row_01881,PRD-5URYBL,8.641,0.1226,HOUSEHOLD,160.31,STORE-OYG,25,2692.52,False,True,False,True,False,True,False,False,False,True,False
row_01883,PRD-OBR9GP,5.421,0.0338,Health and Hygiene,99.98,STORE-OYG,25,1707.2,False,True,False,True,False,True,False,False,True,False,False
row_01884,PRD-LQY3T3,16.751,0.0907,Household,194.69,STORE-YLW,35,1949.76,False,True,False,False,False,False,True,False,False,False,True
row_01885,PRD-9AHW2P,13.744,0.0586,snack foods,226.31,STORE-AGY,45,4539.04,False,True,False,False,True,False,False,True,False,False,True
row_01887,PRD-O0V3Z0,20.277,0.104,Canned,95.79,STORE-9RG,28,2977.82,False,True,False,True,False,False,True,True,True,False,False
row_01889,PRD-74W4G2,16.157,0.0164,frozen foods,98.41,STORE-9RG,28,1190.39,False,True,False,True,False,False,True,True,True,False,False
row_01890,PRD-RZXHM8,11.001,0.0839,snack foods,152.79,STORE-9RG,28,3375.58,False,True,False,True,False,False,True,True,False,True,False
row_01891,PRD-Z16UFZ,18.05,0.0159,snack foods,153.78,STORE-OYG,25,437.56,False,True,False,True,False,True,False,False,False,True,False
row_01892,PRD-SILU2D,12.850875916323977,0.0176,canned,112.18,STORE-T5G,47,113.67,False,False,False,False,False,False,True,False,True,False,False
row_01893,PRD-JQMLJE,7.117,0.0393,dairy,60.8,STORE-YLW,35,833.17,False,True,False,False,False,False,True,False,False,False,False
row_01894,PRD-TE0XFZ,7.67,0.1502,FROZEN FOODS,210.64,STORE-OYG,25,3507.64,False,True,False,True,False,True,False,True,False,False,True
row_01896,PRD-WJIQXP,12.758,0.1315,Frozen Foods,186.22,STORE-JOR,34,370.08,False,False,False,False,True,True,False,True,False,False,True
row_01897,PRD-J0G50R,12.850875916323977,0.1098,Canned,86.51,STORE-T5G,47,170.79,False,False,False,False,False,False,True,False,False,False,False
row_01898,PRD-K8PK3Y,18.125,0.0237,Soft Drinks,153.93,STORE-HL7,23,2821.55,False,False,True,False,True,True,False,False,False,True,False
row_01899,PRD-48C6WZ,15.665,0.0191,FRUITS AND VEGETABLES,58.79,STORE-OYG,25,512.92,False,True,False,True,False,True,False,True,False,False,False
row_01900,PRD-JB3VCF,12.850875916323977,0.0,Snack Foods,59.01,STORE-T5G,47,416.51,False,False,False,False,False,False,True,True,False,False,False
row_01901,PRD-LFQG18,10.987,0.054,Meat,91.19,STORE-89Z,33,3008.59,False,True,False,False,False,True,False,True,False,False,False
row_01902,PRD-LI16DH,12.035,0.0187,frozen foods,260.06,STORE-HL7,23,1593.44,False,False,True,False,True,True,False,False,False,False,True
row_01903,PRD-1IQXZX,16.672,0.044,Frozen Foods,44.11,STORE-OYG,25,905.7,False,True,False,True,False,True,False,False,False,False,False
row_01904,PRD-0LMI8X,7.731,0.0564,Canned,125.26,STORE-HL7,23,2462.31,False,False,True,False,True,True,False,True,True,False,False
row_01905,PRD-C0AR0O,12.850875916323977,0.0518,Snack Foods,108.62,STORE-T5G,47,310.37,False,False,False,False,False,False,True,True,True,False,False
row_01906,PRD-UZS9IM,17.677,0.0427,Soft Drinks,165.34,STORE-OYG,25,3118.15,False,True,False,True,False,True,False,False,False,True,False
row_01907,PRD-J5S6R0,18.424,0.0,DAIRY,141.09,STORE-9RG,28,2099.47,False,True,False,True,False,False,True,True,True,False,False
row_01908,PRD-24SCOS,5.832,0.0037,Hard Drinks,157.59,STORE-HL7,23,1347.16,False,False,True,False,True,True,False,False,False,True,False
row_01909,PRD-OFJA5N,12.850875916323977,0.0928,Canned,200.82,STORE-T5G,47,404.15,False,False,False,False,False,False,True,True,False,False,True
row_01910,PRD-9QWB0H,6.638,0.024,BREADS,102.14,STORE-9RG,28,2664.86,False,True,False,True,False,False,True,False,True,False,False
row_01912,PRD-EGB41B,4.897,0.009,household,120.56,STORE-9RG,28,2693.78,False,True,False,True,False,False,True,False,True,False,False
row_01913,PRD-C1B3EU,19.113,0.0928,FROZEN FOODS,46.95,STORE-YLW,35,965.45,False,True,False,False,False,False,True,True,False,False,False
row_01914,PRD-F6ZM5U,18.32,0.0382,SNACK FOODS,152.22,STORE-AGY,45,2798.34,False,True,False,False,True,False,False,False,False,True,False
row_01916,PRD-C6G610,7.442,0.0715,snack foods,106.05,STORE-OYG,25,1356.86,False,True,False,True,False,True,False,False,True,False,False
row_01917,PRD-8KE2WT,16.104,0.0474,FROZEN FOODS,128.75,STORE-YLW,35,2275.28,False,True,False,False,False,False,True,True,True,False,False
row_01918,PRD-AK645K,11.485,0.0776,snack foods,83.48,STORE-DKU,30,484.78,False,True,False,True,False,True,False,True,False,False,False
row_01919,PRD-1GAGQO,12.371,0.0581,Seafood,52.48,STORE-OYG,25,464.02,False,True,False,True,False,True,False,False,False,False,False
row_01920,PRD-5GAS44,8.379,0.0275,Soft Drinks,154.16,STORE-DKU,30,1648.5,False,True,False,True,False,True,False,False,False,True,False
row_01921,PRD-8INI8M,12.850875916323977,0.1268,Snack Foods,88.29,STORE-AGY,45,993.49,False,True,False,False,True,False,False,True,False,False,False
row_01922,PRD-69JGC3,9.233,0.1704,Meat,146.8,STORE-OYG,25,2654.66,False,True,False,True,False,True,False,True,False,True,False
row_01923,PRD-87AU5B,9.794,0.0222,Soft Drinks,48.68,STORE-JOR,34,181.69,False,False,False,False,True,True,False,False,False,False,False
row_01924,PRD-49DBZ7,10.627,0.1578,Snack Foods,107.21,STORE-AGY,45,2140.6,False,True,False,False,True,False,False,False,True,False,False
row_01925,PRD-3SY670,7.001,0.1422,Snack Foods,189.24,STORE-HL7,23,2618.27,False,False,True,False,True,True,False,True,False,False,True
row_01927,PRD-UOG5JV,9.596,0.0264,snack foods,210.54,STORE-HL7,23,645.11,False,False,True,False,True,True,False,False,False,False,True
row_01928,PRD-TGVS38,12.850875916323977,0.0986,Dairy,64.13,STORE-7WS,47,2065.75,True,False,False,False,True,True,False,True,False,False,False
row_01929,PRD-HP1UAK,12.682,0.0304,baking goods,175.63,STORE-DKU,30,2217.58,False,True,False,True,False,True,False,True,False,True,False
row_01930,PRD-PCHMB2,13.633,0.0304,CANNED,101.78,STORE-HL7,23,287.35,False,False,True,False,True,True,False,True,True,False,False
row_01931,PRD-F7NY03,16.763,0.054,FROZEN FOODS,113.6,STORE-89Z,33,2415.55,False,True,False,False,False,True,False,True,True,False,False
row_01933,PRD-2MR4FX,18.123,0.0177,Health and Hygiene,99.4,STORE-DKU,30,2047.51,False,True,False,True,False,True,False,False,True,False,False
row_01934,PRD-NVJUUW,12.850875916323977,0.0897,Frozen Foods,107.25,STORE-7WS,47,2127.6,True,False,False,False,True,True,False,True,True,False,False
row_01935,PRD-DXQ6WH,16.227,0.0124,HEALTH AND HYGIENE,40.72,STORE-HL7,23,225.57,False,False,True,False,True,True,False,False,False,False,False
row_01936,PRD-Q8V88B,4.546,0.1004,CANNED,239.34,STORE-OYG,25,3832.71,False,True,False,True,False,True,False,True,False,False,True
row_01937,PRD-HP5E7A,10.442,0.0822,SNACK FOODS,230.01,STORE-OYG,25,2362.7,False,True,False,True,False,True,False,True,False,False,True
row_01938,PRD-R0T4EX,12.821,0.0699,Starchy Foods,257.66,STORE-HL7,23,3573.21,False,False,True,False,True,True,False,False,False,False,True
row_01939,PRD-KF9QCF,16.716,0.0737,health and hygiene,37.7,STORE-DKU,30,566.99,False,True,False,True,False,True,False,False,False,False,False
row_01940,PRD-J51IFI,12.505,0.022,Breads,168.1,STORE-89Z,33,3225.77,False,True,False,False,False,True,False,False,False,True,False
row_01941,PRD-3WTZL0,5.43,0.0461,others,98.23,STORE-AGY,45,2053.96,False,True,False,False,True,False,False,False,True,False,False
row_01942,PRD-3S195J,4.719,0.1256,Hard Drinks,172.8,STORE-HL7,23,2006.27,False,False,True,False,True,True,False,False,False,True,False
row_01943,PRD-OFS80Q,12.850875916323977,0.0257,Snack Foods,191.35,STORE-7WS,47,6478.84,True,False,False,False,True,True,False,True,False,False,True
row_01944,PRD-QLQCG1,8.4,0.0247,Soft Drinks,105.61,STORE-AGY,45,942.45,False,True,False,False,True,False,False,False,True,False,False
row_01945,PRD-5Z8FE8,18.857,0.01,HOUSEHOLD,206.57,STORE-89Z,33,2300.8,False,True,False,False,False,True,False,False,False,False,True
row_01947,PRD-4I42AF,7.545,0.1246,Starchy Foods,206.38,STORE-HL7,23,1681.97,False,False,True,False,True,True,False,False,False,False,True
row_01948,PRD-OI4J3X,16.852,0.153,Fruits and Vegetables,63.78,STORE-9RG,28,1619.96,False,True,False,True,False,False,True,True,False,False,False
row_01949,PRD-QIRRQA,10.585,0.1372,Dairy,190.71,STORE-JOR,34,575.83,False,False,False,False,True,True,False,False,False,False,True
row_01950,PRD-RUC70S,17.696,0.0213,household,162.77,STORE-JOR,34,161.41,False,False,False,False,True,True,False,False,False,True,False
row_01951,PRD-0YLTZ9,20.407,0.0,Dairy,77.37,STORE-YLW,35,1581.95,False,True,False,False,False,False,True,False,False,False,False
row_01953,PRD-B9OF3M,17.089,0.0779,fruits and vegetables,262.55,STORE-DKU,30,9388.15,False,True,False,True,False,True,False,False,False,False,True
row_01954,PRD-24Z860,6.049,0.0118,frozen foods,92.73,STORE-HL7,23,1633.56,False,False,True,False,True,True,False,True,False,False,False
row_01955,PRD-3D9PH3,18.804,0.1434,Hard Drinks,164.01,STORE-89Z,33,1588.12,False,True,False,False,False,True,False,False,False,True,False
row_01956,PRD-RP91YM,20.535,0.0,MEAT,83.46,STORE-YLW,35,1820.6,False,True,False,False,False,False,True,True,False,False,False
row_01957,PRD-M9RIT8,8.114,0.0152,snack foods,158.87,STORE-AGY,45,2331.14,False,True,False,False,True,False,False,False,False,True,False
row_01958,PRD-ITAZVY,13.339,0.0681,Frozen Foods,48.49,STORE-AGY,45,655.59,False,True,False,False,True,False,False,False,False,False,False
row_01959,PRD-1RUPFR,8.446,0.0697,Hard Drinks,38.2,STORE-DKU,30,966.35,False,True,False,True,False,True,False,False,False,False,False
row_01960,PRD-9L4UWN,12.850875916323977,0.2291,SNACK FOODS,215.24,STORE-T5G,47,214.02,False,False,False,False,False,False,True,False,False,False,True
row_01962,PRD-2BSMEB,6.877,0.0369,BAKING GOODS,49.99,STORE-YLW,35,202.8,False,True,False,False,False,False,True,False,False,False,False
row_01963,PRD-6AOBHT,20.943,0.0403,Household,128.07,STORE-HL7,23,3701.17,False,False,True,False,True,True,False,False,True,False,False
row_01964,PRD-U1YBPE,10.27,0.011,HOUSEHOLD,239.51,STORE-9RG,28,4348.44,False,True,False,True,False,False,True,False,False,False,True
row_01965,PRD-ONGWUL,12.962,0.0424,household,250.71,STORE-AGY,45,2559.66,False,True,False,False,True,False,False,False,False,False,True
row_01966,PRD-ILAZCL,7.965,0.0104,snack foods,256.24,STORE-AGY,45,5683.2,False,True,False,False,True,False,False,False,False,False,True
row_01967,PRD-DFNIAJ,4.692,0.0885,Breads,116.72,STORE-OYG,25,361.09,False,True,False,True,False,True,False,False,True,False,False
row_01968,PRD-RJ6GD2,12.850875916323977,0.0083,health and hygiene,113.85,STORE-7WS,47,2774.65,True,False,False,False,True,True,False,False,True,False,False
row_01969,PRD-KMIQD4,17.547,0.0179,STARCHY FOODS,181.91,STORE-HL7,23,3298.79,False,False,True,False,True,True,False,False,False,True,False
row_01970,PRD-L5PBHR,12.923,0.0212,breads,88.8,STORE-AGY,45,1056.77,False,True,False,False,True,False,False,False,False,False,False
row_01971,PRD-8SEN50,12.850875916323977,0.1674,Others,102.81,STORE-T5G,47,224.8,False,False,False,False,False,False,True,False,True,False,False
row_01972,PRD-WA5IMY,11.613,0.0804,Frozen Foods,82.57,STORE-OYG,25,1885.63,False,True,False,True,False,True,False,True,False,False,False
row_01974,PRD-ZIX69G,8.076,0.0,fruits and vegetables,259.28,STORE-AGY,45,5250.35,False,True,False,False,True,False,False,True,False,False,True
row_01975,PRD-U0CRF5,14.297,0.0241,Fruits and Vegetables,199.42,STORE-HL7,23,989.41,False,False,True,False,True,True,False,True,False,False,True
row_01976,PRD-U7MX3G,12.850875916323977,0.0891,Household,165.89,STORE-7WS,47,2666.09,True,False,False,False,True,True,False,False,False,True,False
row_01977,PRD-8S2XEM,12.43,0.0658,FRUITS AND VEGETABLES,112.87,STORE-JOR,34,218.3,False,False,False,False,True,True,False,True,True,False,False
row_01978,PRD-NVGFYG,8.832,0.0211,SOFT DRINKS,151.96,STORE-DKU,30,3981.4,False,True,False,True,False,True,False,False,False,True,False
row_01979,PRD-0JGL4C,8.235,0.1369,CANNED,39.07,STORE-89Z,33,913.09,False,True,False,False,False,True,False,True,False,False,False
row_01980,PRD-S57TCO,5.454,0.0507,Baking Goods,129.9,STORE-AGY,45,3484.08,False,True,False,False,True,False,False,True,True,False,False
row_01981,PRD-IZED1I,16.463,0.0384,SNACK FOODS,147.01,STORE-YLW,35,1752.48,False,True,False,False,False,False,True,True,False,True,False
row_01984,PRD-195DWY,16.294,0.0711,FRUITS AND VEGETABLES,202.13,STORE-AGY,45,1902.04,False,True,False,False,True,False,False,False,False,False,True
row_01985,PRD-0G6HSH,6.185,0.0,BAKING GOODS,154.67,STORE-DKU,30,1090.55,False,True,False,True,False,True,False,True,False,True,False
row_01986,PRD-K9LSG4,20.087,0.0533,SNACK FOODS,119.67,STORE-YLW,35,2374.17,False,True,False,False,False,False,True,False,True,False,False
row_01987,PRD-0RH735,19.504,0.188,others,239.11,STORE-89Z,33,3627.81,False,True,False,False,False,True,False,False,False,False,True
row_01988,PRD-A0IOEJ,12.850875916323977,0.0205,Canned,186.6,STORE-T5G,47,578.54,False,False,False,False,False,False,True,False,False,False,True
row_01989,PRD-0HHXSC,12.850875916323977,0.0279,Household,74.85,STORE-7WS,47,2367.21,True,False,False,False,True,True,False,False,False,False,False
row_01990,PRD-PL13YL,16.563,0.0,Health and Hygiene,184.13,STORE-89Z,33,3076.32,False,True,False,False,False,True,False,False,False,True,False
row_01992,PRD-ZGVTUI,10.875,0.1729,MEAT,97.31,STORE-JOR,34,97.3,False,False,False,False,True,True,False,False,True,False,False
row_01996,PRD-TV6685,17.708,0.0857,fruits and vegetables,144.89,STORE-JOR,34,282.58,False,False,False,False,True,True,False,False,False,True,False
row_01997,PRD-M9YX0J,11.778,0.0781,SNACK FOODS,33.82,STORE-9RG,28,778.78,False,True,False,True,False,False,True,True,False,False,False
row_02000,PRD-QIGCT2,12.850875916323977,0.0553,BAKING GOODS,121.63,STORE-7WS,47,3438.29,True,False,False,False,True,True,False,True,True,False,False
row_02001,PRD-199BRB,13.815,0.032,Canned,51.2,STORE-9RG,28,612.73,False,True,False,True,False,False,True,True,False,False,False
row_02002,PRD-N6HW1H,12.163,0.0645,Starchy Foods,90.31,STORE-YLW,35,1318.31,False,True,False,False,False,False,True,True,False,False,False
row_02003,PRD-FZX6AP,12.953,0.0397,SNACK FOODS,89.21,STORE-OYG,25,1172.43,False,True,False,True,False,True,False,True,False,False,False
row_02004,PRD-2OQEWF,18.154,0.0356,Others,134.7,STORE-9RG,28,1272.86,False,True,False,True,False,False,True,False,True,False,False
row_02006,PRD-V3EOYY,12.850875916323977,0.071,Breads,215.93,STORE-7WS,47,4262.89,True,False,False,False,True,True,False,False,False,False,True
row_02007,PRD-2I8L31,20.697,0.036,fruits and vegetables,123.23,STORE-HL7,23,2267.44,False,False,True,False,True,True,False,False,True,False,False
row_02008,PRD-1RXIV4,18.18,0.0298,Snack Foods,166.59,STORE-HL7,23,2033.62,False,False,True,False,True,True,False,False,False,True,False
row_02009,PRD-AHB3HN,12.850875916323977,0.1076,SNACK FOODS,59.2,STORE-7WS,47,1607.19,True,False,False,False,True,True,False,False,False,False,False
row_02010,PRD-HD96M8,12.071,0.0635,starchy foods,37.23,STORE-OYG,25,243.86,False,True,False,True,False,True,False,False,False,False,False
row_02012,PRD-93TBZQ,14.388,0.0633,Fruits and Vegetables,88.85,STORE-AGY,45,1340.9,False,True,False,False,True,False,False,True,False,False,False
row_02013,PRD-L9EKA0,6.1,0.1582,SOFT DRINKS,46.43,STORE-OYG,25,1056.56,False,True,False,True,False,True,False,True,False,False,False
row_02014,PRD-3U0H8W,12.256,0.0222,Frozen Foods,195.41,STORE-YLW,35,3105.57,False,True,False,False,False,False,True,False,False,False,True
row_02017,PRD-AQA355,17.182,0.1077,frozen foods,41.36,STORE-DKU,30,494.19,False,True,False,True,False,True,False,False,False,False,False
row_02019,PRD-YTXH8P,5.322,0.0467,Meat,185.29,STORE-89Z,33,4443.32,False,True,False,False,False,True,False,True,False,True,False
row_02020,PRD-21520R,15.013,0.0259,Snack Foods,84.89,STORE-89Z,33,1733.47,False,True,False,False,False,True,False,False,False,False,False
row_02021,PRD-9HXEG6,7.05,0.0717,HOUSEHOLD,62.3,STORE-JOR,34,292.35,False,False,False,False,True,True,False,False,False,False,False
row_02022,PRD-NSLK6R,17.478,0.0704,Baking Goods,179.56,STORE-AGY,45,1705.82,False,True,False,False,True,False,False,True,False,True,False
row_02023,PRD-U7MX3G,12.850875916323977,0.1536,HOUSEHOLD,163.13,STORE-T5G,47,334.76,False,False,False,False,False,False,True,False,False,True,False
row_02024,PRD-TVFDG0,6.013,0.0307,Breads,185.29,STORE-OYG,25,1892.8,False,True,False,True,False,True,False,True,False,True,False
row_02025,PRD-47VEYF,6.269,0.0902,Meat,218.71,STORE-89Z,33,3862.92,False,True,False,False,False,True,False,True,False,False,True
row_02026,PRD-JGLNR2,12.850875916323977,0.0109,Snack Foods,169.85,STORE-7WS,47,6571.94,True,False,False,False,True,True,False,True,False,True,False
row_02027,PRD-J51IFI,11.996,0.0209,Breads,165.74,STORE-AGY,45,3291.82,False,True,False,False,True,False,False,False,False,True,False
row_02028,PRD-S6KFRX,12.850875916323977,0.1787,HOUSEHOLD,176.36,STORE-7WS,47,1990.84,True,False,False,False,True,True,False,False,False,True,False
row_02029,PRD-CZD9MX,15.518,0.1081,fruits and vegetables,171.9,STORE-YLW,35,2531.05,False,True,False,False,False,False,True,True,False,True,False
row_02030,PRD-KYKE9F,12.961,0.0372,Snack Foods,238.11,STORE-OYG,25,2972.19,False,True,False,True,False,True,False,False,False,False,True
row_02031,PRD-M5VWIP,12.850875916323977,0.1324,Frozen Foods,124.28,STORE-T5G,47,122.36,False,False,False,False,False,False,True,False,True,False,False
row_02032,PRD-YCKVJK,13.513,0.1863,Canned,207.8,STORE-89Z,33,3898.01,False,True,False,False,False,True,False,True,False,False,True
row_02033,PRD-JFXKHA,19.913,0.1224,snack foods,97.21,STORE-AGY,45,924.47,False,True,False,False,True,False,False,True,True,False,False
row_02034,PRD-HU814P,12.850875916323977,0.0098,Baking Goods,73.83,STORE-7WS,47,1217.28,True,False,False,False,True,True,False,False,False,False,False
row_02035,PRD-5GAS44,8.367,0.0273,Soft Drinks,154.36,STORE-89Z,33,2417.91,False,True,False,False,False,True,False,False,False,True,False
row_02036,PRD-6D4HQC,7.242,0.1447,Snack Foods,109.67,STORE-JOR,34,108.15,False,False,False,False,True,True,False,False,True,False,False
row_02037,PRD-G8F1CB,12.850875916323977,0.0391,Soft Drinks,164.4,STORE-7WS,47,4727.82,True,False,False,False,True,True,False,True,False,True,False
row_02038,PRD-9JRSNV,16.81,0.0367,Soft Drinks,169.65,STORE-AGY,45,3861.71,False,True,False,False,True,False,False,False,False,True,False
row_02039,PRD-ZL5GJ8,17.961,0.0601,meat,157.19,STORE-YLW,35,2951.53,False,True,False,False,False,False,True,False,False,True,False
row_02040,PRD-2G73AJ,9.453,0.0159,Dairy,243.74,STORE-89Z,33,3636.61,False,True,False,False,False,True,False,False,False,False,True
row_02041,PRD-B2HWYW,19.639,0.0248,Household,47.0,STORE-9RG,28,1153.89,False,True,False,True,False,False,True,False,False,False,False
row_02042,PRD-ZE8YM4,12.850875916323977,0.075,others,68.42,STORE-7WS,47,2404.9,True,False,False,False,True,True,False,False,False,False,False
row_02043,PRD-QIRRQA,10.853,0.0788,dairy,197.21,STORE-YLW,35,4381.51,False,True,False,False,False,False,True,False,False,False,True
row_02044,PRD-TS3K1S,12.850875916323977,0.0097,frozen foods,102.06,STORE-T5G,47,103.7,False,False,False,False,False,False,True,False,True,False,False
row_02045,PRD-1Z14YA,12.58,0.1257,meat,107.88,STORE-OYG,25,2313.3,False,True,False,True,False,True,False,False,True,False,False
row_02046,PRD-1ZXOI6,12.048,0.0623,SOFT DRINKS,54.57,STORE-OYG,25,1491.22,False,True,False,True,False,True,False,True,False,False,False
row_02047,PRD-IWS48A,14.681,0.0336,BAKING GOODS,98.6,STORE-AGY,45,2260.06,False,True,False,False,True,False,False,True,True,False,False
row_02048,PRD-2PCM3G,19.032,0.0366,Fruits and Vegetables,106.84,STORE-9RG,28,1823.59,False,True,False,True,False,False,True,False,True,False,False
row_02049,PRD-U58FLM,12.850875916323977,0.2367,Breads,129.07,STORE-T5G,47,366.43,False,False,False,False,False,False,True,False,True,False,False
row_02050,PRD-4DAKF5,6.756,0.0349,FROZEN FOODS,250.64,STORE-OYG,25,4084.67,False,True,False,True,False,True,False,True,False,False,True
row_02051,PRD-8YT0FG,10.741,0.0219,Health and Hygiene,254.69,STORE-YLW,35,742.55,False,True,False,False,False,False,True,False,False,False,True
row_02052,PRD-C8MXAU,9.426,0.0465,Frozen Foods,51.81,STORE-9RG,28,613.74,False,True,False,True,False,False,True,True,False,False,False
row_02053,PRD-30D7TU,20.207,0.0131,Fruits and Vegetables,190.63,STORE-HL7,23,2394.77,False,False,True,False,True,True,False,False,False,False,True
row_02054,PRD-XH6DLO,17.586,0.1207,frozen foods,116.21,STORE-AGY,45,978.19,False,True,False,False,True,False,False,False,True,False,False
row_02057,PRD-PGDZ95,14.42,0.1272,Frozen Foods,84.54,STORE-DKU,30,876.38,False,True,False,True,False,True,False,False,False,False,False
row_02058,PRD-QCMSWD,8.801,0.0155,frozen foods,96.5,STORE-JOR,34,93.83,False,False,False,False,True,True,False,False,True,False,False
row_02060,PRD-V4B1K1,7.294,0.0075,Baking Goods,47.12,STORE-9RG,28,607.43,False,True,False,True,False,False,True,False,False,False,False
row_02061,PRD-TGIQHG,6.454,0.0842,HARD DRINKS,108.38,STORE-AGY,45,3310.98,False,True,False,False,True,False,False,False,True,False,False
row_02062,PRD-1RUPFR,8.4,0.0726,hard drinks,39.17,STORE-89Z,33,790.3,False,True,False,False,False,True,False,False,False,False,False
row_02063,PRD-CTXCWN,15.91,0.0202,SOFT DRINKS,153.46,STORE-AGY,45,1756.95,False,True,False,False,True,False,False,False,False,True,False
row_02064,PRD-ZDVAG1,12.850875916323977,0.1412,HOUSEHOLD,35.49,STORE-7WS,47,606.66,True,False,False,False,True,True,False,False,False,False,False
row_02065,PRD-88AENN,11.312,0.0529,Fruits and Vegetables,163.75,STORE-9RG,28,1876.17,False,True,False,True,False,False,True,True,False,True,False
row_02066,PRD-9WHSBP,19.43,0.0555,FROZEN FOODS,82.95,STORE-AGY,45,674.14,False,True,False,False,True,False,False,True,False,False,False
row_02067,PRD-7MX3JP,19.571,0.0401,fruits and vegetables,116.06,STORE-AGY,45,2455.19,False,True,False,False,True,False,False,False,True,False,False
row_02070,PRD-JFXKHA,20.437,0.1235,SNACK FOODS,97.7,STORE-HL7,23,1711.86,False,False,True,False,True,True,False,True,True,False,False
row_02071,PRD-VRURQT,15.711,0.0662,DAIRY,179.38,STORE-OYG,25,6089.05,False,True,False,True,False,True,False,True,False,True,False
row_02072,PRD-R04H5W,18.687,0.2204,Household,187.75,STORE-JOR,34,549.32,False,False,False,False,True,True,False,False,False,False,True
row_02073,PRD-KC97HQ,17.418,0.0104,Snack Foods,158.93,STORE-AGY,45,1867.54,False,True,False,False,True,False,False,False,False,True,False
row_02074,PRD-N64XL2,20.599,0.1163,DAIRY,96.65,STORE-HL7,23,948.2,False,False,True,False,True,True,False,True,True,False,False
row_02075,PRD-9RHIGZ,7.621,0.0565,Snack Foods,102.53,STORE-9RG,28,788.76,False,True,False,True,False,False,True,False,True,False,False
row_02077,PRD-2SLHIM,21.668,0.0175,meat,180.87,STORE-JOR,34,188.14,False,False,False,False,True,True,False,False,False,True,False
row_02078,PRD-31GVB3,7.497,0.0129,household,214.41,STORE-OYG,25,4394.31,False,True,False,True,False,True,False,False,False,False,True
row_02080,PRD-1UBYH8,8.098,0.063,breakfast,161.9,STORE-AGY,45,3527.34,False,True,False,False,True,False,False,False,False,True,False
row_02081,PRD-1XRZN0,15.116,0.0206,CANNED,219.84,STORE-DKU,30,5332.08,False,True,False,True,False,True,False,False,False,False,True
row_02082,PRD-S2II06,12.850875916323977,0.1938,BAKING GOODS,54.19,STORE-T5G,47,277.18,False,False,False,False,False,False,True,False,False,False,False
row_02084,PRD-OFJA5N,5.315,0.0547,canned,192.69,STORE-9RG,28,770.29,False,True,False,True,False,False,True,True,False,False,True
row_02085,PRD-8669BY,12.850875916323977,0.2487,FRUITS AND VEGETABLES,174.0,STORE-T5G,47,174.26,False,False,False,False,False,False,True,False,False,True,False
row_02087,PRD-F3G3T3,15.179,0.0194,Snack Foods,233.46,STORE-OYG,25,3171.03,False,True,False,True,False,True,False,False,False,False,True
row_02088,PRD-EQUA7O,11.53,0.0255,Meat,101.41,STORE-89Z,33,2522.58,False,True,False,False,False,True,False,True,True,False,False
row_02089,PRD-BPCIKI,14.964,0.0141,FROZEN FOODS,63.38,STORE-DKU,30,983.64,False,True,False,True,False,True,False,False,False,False,False
row_02090,PRD-LKS9L3,6.24,0.0485,Baking Goods,224.34,STORE-YLW,35,4525.58,False,True,False,False,False,False,True,True,False,False,True
row_02091,PRD-00EIUE,8.888,0.0693,Canned,180.86,STORE-9RG,28,2782.79,False,True,False,True,False,False,True,True,False,True,False
row_02092,PRD-98BNVW,19.335,0.0633,fruits and vegetables,187.52,STORE-HL7,23,1670.94,False,False,True,False,True,True,False,True,False,False,True
row_02093,PRD-3IFU71,9.146,0.1012,Baking Goods,141.15,STORE-89Z,33,2967.57,False,True,False,False,False,True,False,False,True,False,False
row_02094,PRD-PWKCZV,7.676,0.0171,Fruits and Vegetables,235.0,STORE-YLW,35,6231.32,False,True,False,False,False,False,True,False,False,False,True
row_02096,PRD-UZET1P,12.804,0.0374,Fruits and Vegetables,177.8,STORE-DKU,30,2923.12,False,True,False,True,False,True,False,False,False,True,False
row_02097,PRD-Y7084P,18.262,0.0261,MEAT,91.79,STORE-AGY,45,1606.42,False,True,False,False,True,False,False,False,False,False,False
row_02099,PRD-JTGE75,12.850875916323977,0.0615,Breads,156.06,STORE-T5G,47,455.86,False,False,False,False,False,False,True,True,False,True,False
row_02101,PRD-LFS04I,10.648,0.0118,snack foods,72.65,STORE-AGY,45,1065.07,False,True,False,False,True,False,False,True,False,False,False
row_02102,PRD-1Z0SHZ,6.534,0.0163,fruits and vegetables,212.65,STORE-DKU,30,878.66,False,True,False,True,False,True,False,False,False,False,True
row_02104,PRD-CETEN7,6.61,0.1267,BAKING GOODS,43.99,STORE-DKU,30,842.37,False,True,False,True,False,True,False,True,False,False,False
row_02105,PRD-8LXUM3,6.905,0.0607,DAIRY,139.71,STORE-HL7,23,1892.26,False,False,True,False,True,True,False,False,True,False,False
row_02108,PRD-IJVZYN,14.612,0.0594,Others,242.91,STORE-DKU,30,2182.82,False,True,False,True,False,True,False,False,False,False,True
row_02109,PRD-U2ROEM,12.850875916323977,0.0837,Canned,218.21,STORE-7WS,47,5040.61,True,False,False,False,True,True,False,True,False,False,True
row_02110,PRD-38JOEC,15.28,0.0102,Snack Foods,162.1,STORE-DKU,30,2762.49,False,True,False,True,False,True,False,True,False,True,False
row_02111,PRD-059SC5,21.174,0.0468,Health and Hygiene,152.25,STORE-OYG,25,3853.32,False,True,False,True,False,True,False,False,False,True,False
row_02113,PRD-UM4ULZ,13.626,0.0728,Fruits and Vegetables,62.66,STORE-9RG,28,1944.33,False,True,False,True,False,False,True,True,False,False,False
row_02114,PRD-COMXJF,9.2,0.2796,baking goods,127.1,STORE-JOR,34,119.6,False,False,False,False,True,True,False,False,True,False,False
row_02115,PRD-BOVVPN,9.882,0.0523,Health and Hygiene,193.42,STORE-HL7,23,2203.92,False,False,True,False,True,True,False,False,False,False,True
row_02116,PRD-LJKPHC,18.036,0.0916,fruits and vegetables,86.33,STORE-HL7,23,1621.55,False,False,True,False,True,True,False,True,False,False,False
row_02117,PRD-KFS6VF,10.961,0.0601,Hard Drinks,74.14,STORE-YLW,35,1017.12,False,True,False,False,False,False,True,False,False,False,False
row_02119,PRD-HYW1UI,8.606,0.0474,Dairy,43.92,STORE-DKU,30,401.79,False,True,False,True,False,True,False,True,False,False,False
row_02120,PRD-LI16DH,12.207,0.0185,frozen foods,251.61,STORE-AGY,45,6123.74,False,True,False,False,True,False,False,False,False,False,True
row_02121,PRD-T5J284,13.627,0.1479,snack foods,179.38,STORE-HL7,23,5751.94,False,False,True,False,True,True,False,True,False,True,False
row_02122,PRD-W103DG,8.243,0.0175,soft drinks,203.23,STORE-YLW,35,1226.67,False,True,False,False,False,False,True,False,False,False,True
row_02123,PRD-DOYWLL,12.850875916323977,0.2017,CANNED,121.29,STORE-T5G,47,470.25,False,False,False,False,False,False,True,False,True,False,False
row_02124,PRD-8WJAI7,8.9,0.0635,snack foods,176.9,STORE-9RG,28,7610.45,False,True,False,True,False,False,True,False,False,True,False
row_02125,PRD-2T1TDG,9.243,0.0416,HARD DRINKS,195.14,STORE-YLW,35,3180.0,False,True,False,False,False,False,True,False,False,False,True
row_02128,PRD-KYKIRT,8.314,0.1347,Fruits and Vegetables,213.85,STORE-DKU,30,5263.8,False,True,False,True,False,True,False,False,False,False,True
row_02129,PRD-1J8NER,6.393,0.0261,Household,116.28,STORE-89Z,33,2496.54,False,True,False,False,False,True,False,False,True,False,False
row_02131,PRD-H8LBRN,16.282,0.03,Household,251.36,STORE-HL7,23,508.69,False,False,True,False,True,True,False,False,False,False,True
row_02132,PRD-F075N4,15.344,0.0,Snack Foods,175.67,STORE-HL7,23,2973.08,False,False,True,False,True,True,False,True,False,True,False
row_02134,PRD-JZETKP,8.177,0.0146,Baking Goods,81.24,STORE-9RG,28,1295.13,False,True,False,True,False,False,True,False,False,False,False
row_02135,PRD-IEPXXY,19.37,0.0163,Frozen Foods,123.94,STORE-DKU,30,1749.64,False,True,False,True,False,True,False,False,True,False,False
row_02136,PRD-ZM7AEF,12.850875916323977,0.0586,Frozen Foods,111.97,STORE-T5G,47,115.36,False,False,False,False,False,False,True,True,True,False,False
row_02137,PRD-639BCP,20.75,0.0595,baking goods,90.34,STORE-9RG,28,1189.29,False,True,False,True,False,False,True,True,False,False,False
row_02138,PRD-YDT7CU,12.850875916323977,0.0645,breads,258.13,STORE-7WS,47,3439.3,True,False,False,False,True,True,False,True,False,False,True
row_02139,PRD-WJGHF5,19.956,0.1575,Canned,255.29,STORE-9RG,28,3538.64,False,True,False,True,False,False,True,True,False,False,True
row_02140,PRD-4TJITP,8.081,0.0372,fruits and vegetables,114.69,STORE-9RG,28,1564.99,False,True,False,True,False,False,True,False,True,False,False
row_02141,PRD-XQFXKD,14.387,0.0911,canned,146.48,STORE-89Z,33,3662.79,False,True,False,False,False,True,False,False,False,True,False
row_02142,PRD-ULF5VL,5.946,0.0744,snack foods,258.84,STORE-YLW,35,5086.87,False,True,False,False,False,False,True,True,False,False,True
row_02143,PRD-JLC90O,17.364,0.0264,canned,148.37,STORE-9RG,28,1849.95,False,True,False,True,False,False,True,True,False,True,False
row_02144,PRD-ZIX69G,7.925,0.0793,Fruits and Vegetables,251.46,STORE-HL7,23,3204.36,False,False,True,False,True,True,False,True,False,False,True
row_02145,PRD-1QW65X,5.888,0.1623,Household,131.4,STORE-JOR,34,672.78,False,False,False,False,True,True,False,False,True,False,False
row_02148,PRD-EVYY91,14.527,0.0178,health and hygiene,111.86,STORE-DKU,30,1705.59,False,True,False,True,False,True,False,False,True,False,False
row_02149,PRD-51TIWG,6.093,0.0649,Baking Goods,189.7,STORE-9RG,28,3804.45,False,True,False,True,False,False,True,True,False,False,True
row_02150,PRD-Y4II63,17.161,0.122,household,128.44,STORE-9RG,28,1205.83,False,True,False,True,False,False,True,False,True,False,False
row_02151,PRD-KDNQ4G,21.68,0.0199,Snack Foods,119.11,STORE-89Z,33,1413.24,False,True,False,False,False,True,False,False,True,False,False
row_02154,PRD-M0ZQ63,10.164,0.0682,DAIRY,258.1,STORE-9RG,28,6777.03,False,True,False,True,False,False,True,False,False,False,True
row_02155,PRD-9H9FM8,17.821,0.0486,Household,172.75,STORE-OYG,25,2980.6,False,True,False,True,False,True,False,False,False,True,False
row_02156,PRD-6RX35U,12.850875916323977,0.075,frozen foods,198.3,STORE-7WS,47,3644.4,True,False,False,False,True,True,False,True,False,False,True
row_02157,PRD-KINNDW,20.617,0.0201,frozen foods,83.89,STORE-HL7,23,1717.15,False,False,True,False,True,True,False,True,False,False,False
row_02158,PRD-MICMBP,12.850875916323977,0.15,Frozen Foods,34.98,STORE-T5G,47,129.74,False,False,False,False,False,False,True,True,False,False,False
row_02159,PRD-I7KBCW,14.985,0.0778,Meat,197.56,STORE-YLW,35,5291.6,False,True,False,False,False,False,True,False,False,False,True
row_02160,PRD-YP5JO3,7.689,0.0766,Dairy,213.98,STORE-9RG,28,4926.92,False,True,False,True,False,False,True,True,False,False,True
row_02161,PRD-ZEFKVO,12.850875916323977,0.0803,Meat,101.89,STORE-T5G,47,215.52,False,False,False,False,False,False,True,True,True,False,False
row_02163,PRD-2LYWBI,7.386,0.1656,Snack Foods,93.4,STORE-YLW,35,1245.78,False,True,False,False,False,False,True,False,True,False,False
row_02165,PRD-FHKP7I,12.850875916323977,0.0207,Canned,165.44,STORE-T5G,47,485.06,False,False,False,False,False,False,True,True,False,True,False
row_02166,PRD-1RXIV4,17.794,0.0306,SNACK FOODS,169.13,STORE-9RG,28,5214.81,False,True,False,True,False,False,True,False,False,True,False
row_02167,PRD-RHA96G,4.899,0.044,Baking Goods,198.46,STORE-AGY,45,2834.87,False,True,False,False,True,False,False,False,False,False,True
row_02168,PRD-EWQGAD,5.35,0.031,canned,191.68,STORE-89Z,33,1813.43,False,True,False,False,False,True,False,True,False,False,True
row_02169,PRD-MHJ45L,17.369,0.0152,Frozen Foods,74.67,STORE-AGY,45,734.33,False,True,False,False,True,False,False,False,False,False,False
row_02171,PRD-MH7GX8,18.886,0.0999,DAIRY,55.67,STORE-AGY,45,169.29,False,True,False,False,True,False,False,False,False,False,False
row_02172,PRD-IMV03J,14.993,0.0663,Snack Foods,265.27,STORE-AGY,45,5299.97,False,True,False,False,True,False,False,True,False,False,True
row_02173,PRD-6SCK8E,12.850875916323977,0.0837,Household,175.69,STORE-T5G,47,356.74,False,False,False,False,False,False,True,False,False,True,False
row_02174,PRD-6CJDKQ,18.662,0.0857,Fruits and Vegetables,197.71,STORE-9RG,28,3585.68,False,True,False,True,False,False,True,False,False,False,True
row_02175,PRD-8NY9QX,12.850875916323977,0.1404,Snack Foods,146.69,STORE-7WS,47,3221.56,True,False,False,False,True,True,False,False,False,True,False
row_02176,PRD-5OIBGD,17.168,0.0,Snack Foods,154.45,STORE-YLW,35,2733.2,False,True,False,False,False,False,True,False,False,True,False
row_02177,PRD-R1N6UV,18.48,0.0143,Household,227.39,STORE-OYG,25,1334.64,False,True,False,True,False,True,False,False,False,False,True
row_02178,PRD-83UJSO,18.163,0.0199,HEALTH AND HYGIENE,127.27,STORE-YLW,35,2996.67,False,True,False,False,False,False,True,False,True,False,False
row_02179,PRD-V33B4H,12.850875916323977,0.1438,Meat,117.73,STORE-T5G,47,564.75,False,False,False,False,False,False,True,True,True,False,False
row_02180,PRD-RJ6GD2,11.903,0.009,HEALTH AND HYGIENE,115.54,STORE-OYG,25,1392.7,False,True,False,True,False,True,False,False,True,False,False
row_02181,PRD-IQ9LVF,19.247,0.081,BAKING GOODS,50.18,STORE-YLW,35,353.83,False,True,False,False,False,False,True,True,False,False,False
row_02182,PRD-IPH6H7,5.997,0.0457,Fruits and Vegetables,146.97,STORE-89Z,33,1696.3,False,True,False,False,False,True,False,False,False,True,False
row_02183,PRD-IFY7O0,13.037,0.0,fruits and vegetables,177.65,STORE-89Z,33,3091.84,False,True,False,False,False,True,False,True,False,True,False
row_02184,PRD-ILAZCL,7.711,0.0105,Snack Foods,256.76,STORE-89Z,33,3185.22,False,True,False,False,False,True,False,False,False,False,True
row_02185,PRD-MELISH,7.148,0.0291,Snack Foods,141.64,STORE-89Z,33,3569.53,False,True,False,False,False,True,False,False,True,False,False
row_02186,PRD-0KDULB,12.850875916323977,0.1354,Household,92.36,STORE-T5G,47,181.21,False,False,False,False,False,False,True,False,False,False,False
row_02187,PRD-1L8SUG,16.957,0.053,starchy foods,63.87,STORE-HL7,23,792.23,False,False,True,False,True,True,False,True,False,False,False
row_02188,PRD-KDNQ4G,21.006,0.0198,snack foods,123.03,STORE-OYG,25,1864.07,False,True,False,True,False,True,False,False,True,False,False
row_02189,PRD-0V4GIA,9.236,0.1108,SNACK FOODS,188.5,STORE-HL7,23,2747.96,False,False,True,False,True,True,False,False,False,False,True
row_02190,PRD-U4W9RS,14.442,0.0893,Baking Goods,144.65,STORE-9RG,28,1105.33,False,True,False,True,False,False,True,False,False,True,False
row_02191,PRD-1ZUYZY,12.850875916323977,0.0472,FRUITS AND VEGETABLES,169.66,STORE-7WS,47,4891.7,True,False,False,False,True,True,False,True,False,True,False
row_02192,PRD-58CEPS,6.699,0.0646,fruits and vegetables,188.01,STORE-89Z,33,1446.2,False,True,False,False,False,True,False,False,False,False,True
row_02194,PRD-S3EOQM,7.682,0.1621,hard drinks,142.26,STORE-DKU,30,3763.99,False,True,False,True,False,True,False,False,False,True,False
row_02196,PRD-U438R9,10.91,0.0354,frozen foods,180.56,STORE-HL7,23,1531.12,False,False,True,False,True,True,False,True,False,True,False
row_02197,PRD-NJR720,19.238,0.1258,Breads,155.76,STORE-89Z,33,2377.98,False,True,False,False,False,True,False,False,False,True,False
row_02198,PRD-Z16UFZ,12.850875916323977,0.0276,Snack Foods,148.02,STORE-T5G,47,632.62,False,False,False,False,False,False,True,False,False,True,False
row_02200,PRD-WTOOBM,17.468,0.1002,Soft Drinks,178.0,STORE-YLW,35,2142.02,False,True,False,False,False,False,True,False,False,True,False
row_02201,PRD-YHRDU3,13.403,0.0882,household,153.25,STORE-9RG,28,3945.46,False,True,False,True,False,False,True,False,False,True,False
row_02202,PRD-AK1VRJ,6.167,0.0074,Soft Drinks,190.95,STORE-89Z,33,3431.97,False,True,False,False,False,True,False,True,False,False,True
row_02204,PRD-BLMMDP,16.164,0.0069,Snack Foods,41.46,STORE-AGY,45,687.16,False,True,False,False,True,False,False,True,False,False,False
row_02205,PRD-DSN8CW,15.824,0.0473,Snack Foods,165.38,STORE-89Z,33,2480.2,False,True,False,False,False,True,False,True,False,True,False
row_02206,PRD-MN8Z1H,11.323,0.0209,HEALTH AND HYGIENE,152.11,STORE-89Z,33,2599.96,False,True,False,False,False,True,False,False,False,True,False
row_02207,PRD-V4B1K1,7.292,0.0074,Baking Goods,47.25,STORE-YLW,35,1447.51,False,True,False,False,False,False,True,False,False,False,False
row_02208,PRD-TCYFDV,5.738,0.0229,SNACK FOODS,155.48,STORE-9RG,28,1384.27,False,True,False,True,False,False,True,True,False,True,False
row_02209,PRD-X28K8T,10.375,0.0106,Breads,43.73,STORE-DKU,30,695.91,False,True,False,True,False,True,False,False,False,False,False
row_02212,PRD-APC4XY,7.013,0.039,BAKING GOODS,61.6,STORE-YLW,35,839.29,False,True,False,False,False,False,True,True,False,False,False
row_02214,PRD-RPHBL5,20.976,0.077,Snack Foods,182.42,STORE-JOR,34,923.39,False,False,False,False,True,True,False,True,False,True,False
row_02216,PRD-GZ0C99,9.571,0.0155,MEAT,250.33,STORE-YLW,35,974.8,False,True,False,False,False,False,True,True,False,False,True
row_02217,PRD-WDSS7E,19.715,0.0413,Frozen Foods,48.76,STORE-YLW,35,615.5,False,True,False,False,False,False,True,True,False,False,False
row_02219,PRD-MU6FGK,16.392,0.0,Frozen Foods,55.12,STORE-OYG,25,866.27,False,True,False,True,False,True,False,False,False,False,False
row_02220,PRD-UI2QXL,9.455,0.1017,Snack Foods,105.38,STORE-OYG,25,1830.1,False,True,False,True,False,True,False,False,True,False,False
row_02221,PRD-34LIE3,15.393,0.1392,canned,93.02,STORE-OYG,25,1860.93,False,True,False,True,False,True,False,False,False,False,False
row_02222,PRD-55LOSM,7.254,0.02,snack foods,250.4,STORE-DKU,30,6198.08,False,True,False,True,False,True,False,False,False,False,True
row_02223,PRD-57XD6K,12.850875916323977,0.2909,FROZEN FOODS,47.02,STORE-T5G,47,144.82,False,False,False,False,False,False,True,False,False,False,False
row_02224,PRD-WTQX65,20.638,0.0946,Starchy Foods,228.17,STORE-OYG,25,2244.06,False,True,False,True,False,True,False,False,False,False,True
row_02226,PRD-0B58ST,12.850875916323977,0.014,Canned,103.84,STORE-T5G,47,200.04,False,False,False,False,False,False,True,True,True,False,False
row_02227,PRD-7Z4G25,14.907,0.062,canned,152.12,STORE-9RG,28,1720.59,False,True,False,True,False,False,True,False,False,True,False
row_02228,PRD-PZFBNK,6.538,0.0749,STARCHY FOODS,186.41,STORE-9RG,28,6697.67,False,True,False,True,False,False,True,False,False,False,True
row_02229,PRD-VHS1K3,12.850875916323977,0.0296,Soft Drinks,139.76,STORE-7WS,47,2606.4,True,False,False,False,True,True,False,False,True,False,False
row_02231,PRD-DY1PP4,8.734,0.0897,Household,115.57,STORE-DKU,30,1934.83,False,True,False,True,False,True,False,False,True,False,False
row_02232,PRD-LK2C0X,12.033,0.0155,Frozen Foods,211.7,STORE-OYG,25,4979.84,False,True,False,True,False,True,False,False,False,False,True
row_02233,PRD-6DXZJ1,12.929,0.0704,snack foods,65.3,STORE-OYG,25,1217.03,False,True,False,True,False,True,False,True,False,False,False
row_02234,PRD-K9LSG4,20.798,0.0557,Snack Foods,118.73,STORE-9RG,28,337.32,False,True,False,True,False,False,True,False,True,False,False
row_02236,PRD-IYIJE7,12.488,0.0933,snack foods,213.08,STORE-DKU,30,3231.37,False,True,False,True,False,True,False,False,False,False,True
row_02237,PRD-U438R9,11.409,0.0357,Frozen Foods,172.34,STORE-AGY,45,3772.53,False,True,False,False,True,False,False,True,False,True,False
row_02241,PRD-DPF1H3,12.850875916323977,0.073,Snack Foods,258.94,STORE-7WS,47,3181.71,True,False,False,False,True,True,False,False,False,False,True
row_02242,PRD-XWMUWB,19.127,0.0335,Snack Foods,176.04,STORE-YLW,35,1434.42,False,True,False,False,False,False,True,False,False,True,False
row_02243,PRD-V5MOIJ,14.28,0.0396,Canned,41.71,STORE-YLW,35,1164.65,False,True,False,False,False,False,True,True,False,False,False
row_02244,PRD-R9QIKQ,13.217,0.0651,baking goods,95.92,STORE-HL7,23,1062.14,False,False,True,False,True,True,False,False,True,False,False
row_02245,PRD-MHZN3M,17.501,0.0161,Meat,137.48,STORE-AGY,45,437.29,False,True,False,False,True,False,False,False,True,False,False
row_02246,PRD-AEYV7C,11.87,0.1479,Fruits and Vegetables,109.77,STORE-AGY,45,1304.04,False,True,False,False,True,False,False,False,True,False,False
row_02247,PRD-0U9DAQ,5.985,0.0829,frozen foods,157.33,STORE-AGY,45,2252.28,False,True,False,False,True,False,False,False,False,True,False
row_02248,PRD-LXLIM5,12.850875916323977,0.1108,health and hygiene,124.36,STORE-T5G,47,242.78,False,False,False,False,False,False,True,False,True,False,False
row_02249,PRD-YE19ES,12.850875916323977,0.1232,dairy,118.72,STORE-7WS,47,2642.77,True,False,False,False,True,True,False,True,True,False,False
row_02250,PRD-W103DG,8.674,0.0,Soft Drinks,198.95,STORE-OYG,25,1602.38,False,True,False,True,False,True,False,False,False,False,True
row_02251,PRD-N2T3QH,10.624,0.059,Fruits and Vegetables,61.93,STORE-AGY,45,705.31,False,True,False,False,True,False,False,False,False,False,False
row_02252,PRD-95CTT5,7.454,0.0737,Fruits and Vegetables,197.01,STORE-HL7,23,6055.06,False,False,True,False,True,True,False,False,False,False,True
row_02253,PRD-IS25HB,7.427,0.0,Soft Drinks,122.95,STORE-DKU,30,1503.56,False,True,False,True,False,True,False,False,True,False,False
row_02254,PRD-PLE5H3,12.850875916323977,0.0268,Fruits and Vegetables,101.86,STORE-7WS,47,3987.05,True,False,False,False,True,True,False,False,True,False,False
row_02255,PRD-R1N6UV,12.850875916323977,0.0143,Household,228.59,STORE-7WS,47,5800.17,True,False,False,False,True,True,False,False,False,False,True
row_02256,PRD-08I4W0,5.733,0.083,BAKING GOODS,37.44,STORE-DKU,30,515.17,False,True,False,True,False,True,False,False,False,False,False
row_02258,PRD-TLHXCM,12.850875916323977,0.0639,CANNED,248.89,STORE-T5G,47,495.69,False,False,False,False,False,False,True,False,False,False,True
row_02260,PRD-IPH6H7,5.939,0.0446,FRUITS AND VEGETABLES,145.95,STORE-AGY,45,2282.9,False,True,False,False,True,False,False,False,False,True,False
row_02261,PRD-RUC70S,17.981,0.0122,Household,171.89,STORE-HL7,23,3689.09,False,False,True,False,True,True,False,False,False,True,False
row_02263,PRD-U0J0N0,12.850875916323977,0.0253,frozen foods,209.91,STORE-7WS,47,6776.32,True,False,False,False,True,True,False,False,False,False,True
row_02264,PRD-L9KV91,12.850875916323977,0.0323,seafood,156.37,STORE-7WS,47,5555.96,True,False,False,False,True,True,False,False,False,True,False
row_02265,PRD-O90S1M,4.945,0.0776,breads,232.67,STORE-OYG,25,4427.32,False,True,False,True,False,True,False,True,False,False,True
row_02266,PRD-J4WCO5,14.923,0.0269,baking goods,221.41,STORE-YLW,35,4721.76,False,True,False,False,False,False,True,True,False,False,True
row_02267,PRD-QOHMUH,16.133,0.0301,Hard Drinks,41.42,STORE-89Z,33,943.5,False,True,False,False,False,True,False,False,False,False,False
row_02268,PRD-8R8KUS,9.748,0.0627,Fruits and Vegetables,116.45,STORE-AGY,45,1792.9,False,True,False,False,True,False,False,True,True,False,False
row_02269,PRD-1DSTWG,12.850875916323977,0.0,fruits and vegetables,241.54,STORE-7WS,47,6943.82,True,False,False,False,True,True,False,False,False,False,True
row_02270,PRD-C2W953,17.754,0.0389,snack foods,100.74,STORE-9RG,28,1886.8,False,True,False,True,False,False,True,True,True,False,False
row_02271,PRD-N4RCER,12.850875916323977,0.1412,Seafood,149.76,STORE-7WS,47,1733.13,True,False,False,False,True,True,False,True,False,True,False
row_02273,PRD-JQHUCI,7.667,0.1543,canned,47.59,STORE-YLW,35,774.73,False,True,False,False,False,False,True,True,False,False,False
row_02275,PRD-UL2AE5,12.850875916323977,0.0254,Health and Hygiene,114.75,STORE-7WS,47,3946.55,True,False,False,False,True,True,False,False,True,False,False
row_02276,PRD-YLXYXL,12.850875916323977,0.0392,baking goods,76.98,STORE-7WS,47,2858.17,True,False,False,False,True,True,False,False,False,False,False
row_02277,PRD-5EX41Q,5.431,0.0162,BAKING GOODS,172.57,STORE-AGY,45,2929.49,False,True,False,False,True,False,False,True,False,True,False
row_02278,PRD-FL1299,8.923,0.0513,canned,85.7,STORE-DKU,30,1639.11,False,True,False,True,False,True,False,True,False,False,False
row_02281,PRD-5Z8FE8,12.850875916323977,0.0103,Household,208.04,STORE-7WS,47,3866.89,True,False,False,False,True,True,False,False,False,False,True
row_02282,PRD-5J92DM,17.02,0.1616,frozen foods,198.08,STORE-9RG,28,4273.67,False,True,False,True,False,False,True,True,False,False,True
row_02284,PRD-WCAQ6Y,12.671,0.0,Fruits and Vegetables,80.43,STORE-JOR,34,85.68,False,False,False,False,True,True,False,True,False,False,False
row_02285,PRD-Z4T48O,10.201,0.011,snack foods,86.3,STORE-YLW,35,1198.57,False,True,False,False,False,False,True,True,False,False,False
row_02286,PRD-M9YX0J,12.850875916323977,0.1282,Snack Foods,34.87,STORE-T5G,47,32.7,False,False,False,False,False,False,True,True,False,False,False
row_02288,PRD-2VTJXU,6.341,0.1267,fruits and vegetables,47.1,STORE-OYG,25,1093.64,False,True,False,True,False,True,False,False,False,False,False
row_02289,PRD-K054NZ,12.448,0.0306,Soft Drinks,147.81,STORE-DKU,30,3664.51,False,True,False,True,False,True,False,False,False,True,False
row_02290,PRD-LRTVWA,7.773,0.0536,Dairy,193.12,STORE-YLW,35,5582.67,False,True,False,False,False,False,True,False,False,False,True
row_02291,PRD-SWX1JP,9.996,0.0478,baking goods,99.48,STORE-OYG,25,1522.48,False,True,False,True,False,True,False,False,True,False,False
row_02292,PRD-IWS48A,12.850875916323977,0.0357,baking goods,95.61,STORE-7WS,47,1988.64,True,False,False,False,True,True,False,True,True,False,False
row_02293,PRD-4IHRV7,12.439,0.0744,MEAT,184.95,STORE-JOR,34,569.0,False,False,False,False,True,True,False,True,False,True,False
row_02295,PRD-W80O9D,18.14,0.0802,Frozen Foods,220.73,STORE-DKU,30,6579.02,False,True,False,True,False,True,False,False,False,False,True
row_02296,PRD-VTAQXP,5.828,0.0947,Dairy,43.65,STORE-YLW,35,688.49,False,True,False,False,False,False,True,True,False,False,False
row_02297,PRD-OEVB9O,12.850875916323977,0.0267,SOFT DRINKS,88.67,STORE-7WS,47,2509.76,True,False,False,False,True,True,False,False,False,False,False
row_02298,PRD-IYIJE7,12.850875916323977,0.1659,SNACK FOODS,207.04,STORE-T5G,47,403.34,False,False,False,False,False,False,True,False,False,False,True
row_02299,PRD-UPQZIT,7.415,0.0745,Soft Drinks,116.42,STORE-DKU,30,578.19,False,True,False,True,False,True,False,False,True,False,False
row_02300,PRD-32R5MU,7.344,0.0151,snack foods,153.58,STORE-89Z,33,474.75,False,True,False,False,False,True,False,False,False,True,False
row_02301,PRD-GZ27FH,12.850875916323977,0.0647,Canned,101.51,STORE-7WS,47,5022.49,True,False,False,False,True,True,False,False,True,False,False
row_02302,PRD-77KXXS,8.373,0.0742,DAIRY,195.68,STORE-AGY,45,769.56,False,True,False,False,True,False,False,True,False,False,True
row_02304,PRD-A0BO8W,8.718,0.0398,baking goods,207.63,STORE-OYG,25,2537.36,False,True,False,True,False,True,False,True,False,False,True
row_02305,PRD-U0J0N0,9.101,0.027,frozen foods,212.51,STORE-89Z,33,4750.35,False,True,False,False,False,True,False,False,False,False,True
row_02306,PRD-AECEW6,17.12,0.0088,Meat,71.52,STORE-9RG,28,1364.49,False,True,False,True,False,False,True,True,False,False,False
row_02307,PRD-8INI8M,6.533,0.0,Snack Foods,91.47,STORE-HL7,23,945.04,False,False,True,False,True,True,False,True,False,False,False
row_02308,PRD-HQ57UY,16.245,0.115,Frozen Foods,37.21,STORE-DKU,30,336.57,False,True,False,True,False,True,False,True,False,False,False
row_02309,PRD-P8BYW4,12.76,0.0244,MEAT,220.52,STORE-HL7,23,2561.79,False,False,True,False,True,True,False,True,False,False,True
row_02311,PRD-5XCR5N,20.647,0.0335,Household,118.29,STORE-9RG,28,1348.4,False,True,False,True,False,False,True,False,True,False,False
row_02312,PRD-UZS9IM,18.114,0.0419,SOFT DRINKS,164.83,STORE-89Z,33,1253.04,False,True,False,False,False,True,False,False,False,True,False
row_02314,PRD-K1DZCJ,7.262,0.0958,Household,258.21,STORE-YLW,35,2263.67,False,True,False,False,False,False,True,False,False,False,True
row_02315,PRD-OA9XM0,16.355,0.0286,Meat,46.9,STORE-JOR,34,96.71,False,False,False,False,True,True,False,True,False,False,False
row_02317,PRD-PJGDSY,6.079,0.1451,Snack Foods,154.97,STORE-DKU,30,1539.43,False,True,False,True,False,True,False,False,False,True,False
row_02318,PRD-MHLD93,6.131,0.1329,Canned,213.69,STORE-HL7,23,3927.19,False,False,True,False,True,True,False,False,False,False,True
row_02320,PRD-U2ROEM,15.441,0.0874,Canned,215.97,STORE-YLW,35,2018.82,False,True,False,False,False,False,True,True,False,False,True
row_02321,PRD-K054NZ,12.101,0.0292,SOFT DRINKS,149.99,STORE-YLW,35,1614.74,False,True,False,False,False,False,True,False,False,True,False
row_02324,PRD-34LIE3,15.991,0.2338,canned,92.82,STORE-JOR,34,296.76,False,False,False,False,True,True,False,False,False,False,False
row_02325,PRD-FTNWN0,12.850875916323977,0.1404,BREADS,92.01,STORE-7WS,47,2317.69,True,False,False,False,True,True,False,False,False,False,False
row_02326,PRD-1GXI9D,12.784,0.0378,Frozen Foods,179.81,STORE-DKU,30,3346.46,False,True,False,True,False,True,False,False,False,True,False
row_02328,PRD-322N64,17.423,0.0958,Dairy,88.63,STORE-89Z,33,872.39,False,True,False,False,False,True,False,False,False,False,False
row_02329,PRD-70LKLF,16.403,0.0667,canned,99.28,STORE-YLW,35,1063.3,False,True,False,False,False,False,True,True,True,False,False
row_02330,PRD-3KK8SL,11.224,0.0415,Fruits and Vegetables,199.42,STORE-HL7,23,2160.43,False,False,True,False,True,True,False,True,False,False,True
row_02331,PRD-PSFZVE,17.506,0.0501,SNACK FOODS,99.2,STORE-DKU,30,712.97,False,True,False,True,False,True,False,False,True,False,False
row_02334,PRD-AANYGU,12.726,0.0323,SNACK FOODS,168.25,STORE-AGY,45,3053.28,False,True,False,False,True,False,False,False,False,True,False
row_02335,PRD-PCUYHY,15.336,0.0947,baking goods,154.47,STORE-DKU,30,2654.0,False,True,False,True,False,True,False,False,False,True,False
row_02336,PRD-2GKFSF,5.807,0.0261,Household,149.04,STORE-9RG,28,1628.8,False,True,False,True,False,False,True,False,False,True,False
row_02337,PRD-TW0A9P,13.097,0.0826,canned,194.95,STORE-DKU,30,1221.88,False,True,False,True,False,True,False,True,False,False,True
row_02338,PRD-9LB7L5,18.209,0.1688,dairy,159.27,STORE-HL7,23,2264.82,False,False,True,False,True,True,False,True,False,True,False
row_02340,PRD-2DT1EG,5.514,0.0,Health and Hygiene,125.09,STORE-YLW,35,2473.13,False,True,False,False,False,False,True,False,True,False,False
row_02341,PRD-HCW81X,8.098,0.0,Hard Drinks,145.34,STORE-DKU,30,1473.37,False,True,False,True,False,True,False,False,False,True,False
row_02342,PRD-DTLHAI,11.887,0.0553,baking goods,50.57,STORE-AGY,45,946.42,False,True,False,False,True,False,False,True,False,False,False
row_02343,PRD-29S85M,20.022,0.1129,SNACK FOODS,174.86,STORE-JOR,34,847.62,False,False,False,False,True,True,False,False,False,True,False
row_02345,PRD-8INI8M,12.850875916323977,0.1183,SNACK FOODS,89.81,STORE-YLW,35,2376.98,False,True,False,False,False,False,True,True,False,False,False
row_02347,PRD-9USY38,12.850875916323977,0.0944,SNACK FOODS,114.08,STORE-7WS,47,5002.67,True,False,False,False,True,True,False,False,True,False,False
row_02348,PRD-059SC5,20.546,0.0449,Health and Hygiene,148.39,STORE-AGY,45,1877.32,False,True,False,False,True,False,False,False,False,True,False
row_02349,PRD-9DBWQW,19.025,0.0419,Household,86.73,STORE-9RG,28,2229.24,False,True,False,True,False,False,True,False,False,False,False
row_02350,PRD-XQL9QP,5.724,0.066,breads,261.54,STORE-HL7,23,3119.63,False,False,True,False,True,True,False,True,False,False,True
row_02352,PRD-AY7R54,12.850875916323977,0.1341,Household,230.87,STORE-T5G,47,1108.05,False,False,False,False,False,False,True,False,False,False,True
row_02353,PRD-Q6EW09,12.850875916323977,0.0459,snack foods,190.16,STORE-7WS,47,5117.13,True,False,False,False,True,True,False,False,False,False,True
row_02354,PRD-NSLK6R,17.95,0.0647,baking goods,187.95,STORE-89Z,33,2901.53,False,True,False,False,False,True,False,True,False,False,True
row_02355,PRD-QK31H5,16.321,0.0343,FRUITS AND VEGETABLES,254.11,STORE-YLW,35,3834.45,False,True,False,False,False,False,True,False,False,False,True
row_02358,PRD-0DZ6XP,12.850875916323977,0.1728,Fruits and Vegetables,94.18,STORE-T5G,47,280.6,False,False,False,False,False,False,True,False,True,False,False
row_02359,PRD-6O0HUH,12.850875916323977,0.0145,Fruits and Vegetables,231.55,STORE-7WS,47,5236.06,True,False,False,False,True,True,False,True,False,False,True
row_02360,PRD-Q90SJM,20.145,0.085,Frozen Foods,184.92,STORE-AGY,45,4037.8,False,True,False,False,True,False,False,True,False,True,False
row_02362,PRD-DL52AM,10.647,0.0962,Baking Goods,49.55,STORE-OYG,25,876.23,False,True,False,True,False,True,False,True,False,False,False
row_02365,PRD-VW2RFX,6.537,0.0912,dairy,182.59,STORE-JOR,34,373.84,False,False,False,False,True,True,False,False,False,True,False
row_02366,PRD-ZTKB9Z,17.867,0.099,Household,219.04,STORE-JOR,34,898.98,False,False,False,False,True,True,False,False,False,False,True
row_02367,PRD-PNWDDS,10.986,0.1221,dairy,44.62,STORE-AGY,45,505.78,False,True,False,False,True,False,False,False,False,False,False
row_02368,PRD-9R9NDL,12.850875916323977,0.0215,Snack Foods,131.27,STORE-T5G,47,127.23,False,False,False,False,False,False,True,True,True,False,False
row_02369,PRD-F6EGQO,15.152,0.0,Snack Foods,227.04,STORE-HL7,23,636.37,False,False,True,False,True,True,False,False,False,False,True
row_02371,PRD-CXN22P,16.155,0.0883,Dairy,98.03,STORE-89Z,33,1502.49,False,True,False,False,False,True,False,False,True,False,False
row_02373,PRD-2YVL55,20.19,0.0555,fruits and vegetables,196.18,STORE-HL7,23,1601.89,False,False,True,False,True,True,False,True,False,False,True
row_02375,PRD-ATSWZZ,10.685,0.0298,Household,112.1,STORE-YLW,35,2152.61,False,True,False,False,False,False,True,False,True,False,False
row_02376,PRD-JT10UE,12.662,0.0796,FRUITS AND VEGETABLES,93.29,STORE-89Z,33,1337.17,False,True,False,False,False,True,False,True,True,False,False
row_02377,PRD-HYS3T2,6.314,0.0684,Snack Foods,119.56,STORE-YLW,35,1171.04,False,True,False,False,False,False,True,False,True,False,False
row_02378,PRD-53JSJC,15.396,0.0566,HOUSEHOLD,233.72,STORE-AGY,45,6716.69,False,True,False,False,True,False,False,False,False,False,True
row_02379,PRD-6DXZJ1,13.322,0.0678,SNACK FOODS,62.81,STORE-DKU,30,1042.54,False,True,False,True,False,True,False,True,False,False,False
row_02380,PRD-SUDBCI,12.912,0.0458,SNACK FOODS,183.14,STORE-9RG,28,3205.28,False,True,False,True,False,False,True,False,False,True,False
row_02381,PRD-F4D9ZQ,7.652,0.0831,meat,65.89,STORE-9RG,28,1150.67,False,True,False,True,False,False,True,False,False,False,False
row_02382,PRD-JDP69D,18.616,0.1677,HOUSEHOLD,191.95,STORE-HL7,23,1663.52,False,False,True,False,True,True,False,False,False,False,True
row_02384,PRD-W80O9D,12.850875916323977,0.0,Frozen Foods,226.41,STORE-7WS,47,4349.91,True,False,False,False,True,True,False,False,False,False,True
row_02386,PRD-6O3NRD,11.123,0.0071,Meat,197.73,STORE-HL7,23,4702.71,False,False,True,False,True,True,False,False,False,False,True
row_02387,PRD-YUZ87C,15.301,0.0291,baking goods,152.29,STORE-YLW,35,1565.75,False,True,False,False,False,False,True,False,False,True,False
row_02388,PRD-0U24IQ,5.685,0.1264,Dairy,90.86,STORE-OYG,25,2620.02,False,True,False,True,False,True,False,False,False,False,False
row_02389,PRD-VICDRI,20.884,0.1247,Frozen Foods,119.93,STORE-HL7,23,2925.62,False,False,True,False,True,True,False,True,True,False,False
row_02390,PRD-22ZACS,12.850875916323977,0.0892,breads,200.5,STORE-7WS,47,6032.96,True,False,False,False,True,True,False,False,False,False,True
row_02391,PRD-070S1K,12.850875916323977,0.058,Household,178.03,STORE-7WS,47,3976.9,True,False,False,False,True,True,False,False,False,True,False
row_02392,PRD-9H9FM8,17.5,0.0466,Household,175.69,STORE-YLW,35,3061.14,False,True,False,False,False,False,True,False,False,True,False
row_02394,PRD-BHKJ25,12.850875916323977,0.1232,baking goods,106.57,STORE-7WS,47,1664.9,True,False,False,False,True,True,False,False,True,False,False
row_02395,PRD-KB5FAA,9.666,0.0276,Snack Foods,251.61,STORE-HL7,23,2386.45,False,False,True,False,True,True,False,True,False,False,True
row_02396,PRD-9KE7J2,16.139,0.0816,breads,175.71,STORE-HL7,23,5778.34,False,False,True,False,True,True,False,False,False,True,False
row_02397,PRD-EPZHPC,17.408,0.0861,SOFT DRINKS,269.9,STORE-9RG,28,6582.76,False,True,False,True,False,False,True,False,False,False,True
row_02398,PRD-N5F62D,17.234,0.0135,frozen foods,250.68,STORE-9RG,28,1853.14,False,True,False,True,False,False,True,False,False,False,True
row_02399,PRD-S82I5U,8.627,0.1757,Household,175.07,STORE-9RG,28,3673.57,False,True,False,True,False,False,True,False,False,True,False
row_02400,PRD-G5MMQ7,10.995,0.0636,breakfast,172.61,STORE-HL7,23,4431.27,False,False,True,False,True,True,False,True,False,True,False
row_02401,PRD-FGQJFY,7.692,0.0,baking goods,39.05,STORE-YLW,35,891.53,False,True,False,False,False,False,True,True,False,False,False
row_02402,PRD-741NWE,9.683,0.1474,Baking Goods,49.38,STORE-OYG,25,524.92,False,True,False,True,False,True,False,True,False,False,False
row_02404,PRD-91ZPKY,17.377,0.1239,FROZEN FOODS,251.66,STORE-OYG,25,4551.86,False,True,False,True,False,True,False,False,False,False,True
row_02405,PRD-KDJU3I,15.589,0.0593,DAIRY,228.52,STORE-HL7,23,4656.99,False,False,True,False,True,True,False,False,False,False,True
row_02406,PRD-BV1R7E,8.982,0.1353,frozen foods,163.5,STORE-89Z,33,2575.0,False,True,False,False,False,True,False,True,False,True,False
row_02407,PRD-TFZHI9,8.486,0.1399,Health and Hygiene,95.5,STORE-DKU,30,838.77,False,True,False,True,False,True,False,False,True,False,False
row_02408,PRD-WFA6ZI,17.349,0.0346,DAIRY,244.45,STORE-9RG,28,1022.06,False,True,False,True,False,False,True,False,False,False,True
row_02409,PRD-X28K8T,10.498,0.0109,BREADS,40.28,STORE-OYG,25,175.69,False,True,False,True,False,True,False,False,False,False,False
row_02410,PRD-0B58ST,16.922,0.0086,canned,104.24,STORE-DKU,30,1463.67,False,True,False,True,False,True,False,True,True,False,False
row_02412,PRD-LJZEJB,6.616,0.09,Dairy,195.77,STORE-OYG,25,1204.95,False,True,False,True,False,True,False,False,False,False,True
row_02414,PRD-FT3J41,6.571,0.1063,BAKING GOODS,162.92,STORE-AGY,45,5161.52,False,True,False,False,True,False,False,True,False,True,False
row_02415,PRD-1VG7CO,15.799,0.129,FRUITS AND VEGETABLES,174.38,STORE-DKU,30,1272.85,False,True,False,True,False,True,False,True,False,True,False
row_02420,PRD-W4Z56R,5.785,0.0895,fruits and vegetables,170.79,STORE-HL7,23,2265.21,False,False,True,False,True,True,False,False,False,True,False
row_02421,PRD-FTNWN0,17.589,0.145,Breads,93.04,STORE-AGY,45,1567.42,False,True,False,False,True,False,False,False,False,False,False
row_02422,PRD-B7ITAT,11.608,0.1304,Baking Goods,147.36,STORE-OYG,25,3158.43,False,True,False,True,False,True,False,False,False,True,False
row_02423,PRD-72AAVH,14.671,0.0877,Meat,245.21,STORE-JOR,34,476.62,False,False,False,False,True,True,False,False,False,False,True
row_02424,PRD-S9CFU5,9.284,0.1197,Snack Foods,159.77,STORE-89Z,33,1242.54,False,True,False,False,False,True,False,True,False,True,False
row_02425,PRD-AZUAYN,10.088,0.1226,Health and Hygiene,156.63,STORE-OYG,25,2545.46,False,True,False,True,False,True,False,False,False,True,False
row_02426,PRD-BOOINB,13.851,0.0136,Canned,105.91,STORE-YLW,35,3027.61,False,True,False,False,False,False,True,False,True,False,False
row_02427,PRD-KD6FLE,16.569,0.0234,SOFT DRINKS,187.15,STORE-YLW,35,2887.67,False,True,False,False,False,False,True,False,False,False,True
row_02428,PRD-Q4NM8R,8.787,0.1386,FROZEN FOODS,62.68,STORE-DKU,30,1141.93,False,True,False,True,False,True,False,False,False,False,False
row_02429,PRD-TE0XFZ,7.345,0.1603,Frozen Foods,211.06,STORE-HL7,23,4153.51,False,False,True,False,True,True,False,True,False,False,True
row_02430,PRD-22JUF0,9.242,0.0501,Household,145.73,STORE-AGY,45,1772.92,False,True,False,False,True,False,False,False,False,True,False
row_02431,PRD-VJARJI,19.003,0.0402,SNACK FOODS,40.46,STORE-AGY,45,786.43,False,True,False,False,True,False,False,False,False,False,False
row_02433,PRD-P45GAD,8.746,0.123,household,94.06,STORE-HL7,23,1422.11,False,False,True,False,True,True,False,False,True,False,False
row_02434,PRD-SDX9DA,13.647,0.0,Meat,37.8,STORE-DKU,30,555.65,False,True,False,True,False,True,False,True,False,False,False
row_02435,PRD-Y0IY1L,12.850875916323977,0.0305,Snack Foods,183.63,STORE-7WS,47,3673.37,True,False,False,False,True,True,False,False,False,True,False
row_02436,PRD-2VLDQ4,6.637,0.0662,Hard Drinks,260.29,STORE-AGY,45,2850.24,False,True,False,False,True,False,False,False,False,False,True
row_02437,PRD-FZ61II,10.16,0.1406,Frozen Foods,136.21,STORE-9RG,28,3548.35,False,True,False,True,False,False,True,True,True,False,False
row_02438,PRD-BOVVPN,10.264,0.0555,HEALTH AND HYGIENE,203.41,STORE-9RG,28,2901.25,False,True,False,True,False,False,True,False,False,False,True
row_02439,PRD-9U47YU,11.164,0.0054,Fruits and Vegetables,172.19,STORE-89Z,33,4132.93,False,True,False,False,False,True,False,True,False,True,False
row_02440,PRD-4CYXQB,12.850875916323977,0.1169,SNACK FOODS,180.81,STORE-7WS,47,7393.24,True,False,False,False,True,True,False,False,False,True,False
row_02446,PRD-EWB9HJ,7.425,0.0354,Health and Hygiene,170.82,STORE-DKU,30,2860.3,False,True,False,True,False,True,False,False,False,True,False
row_02447,PRD-CUZREN,13.549,0.057,DAIRY,253.48,STORE-HL7,23,1220.67,False,False,True,False,True,True,False,False,False,False,True
row_02449,PRD-ZKHI80,13.459,0.0238,HOUSEHOLD,178.41,STORE-OYG,25,3860.07,False,True,False,True,False,True,False,False,False,True,False
row_02450,PRD-Z36JWB,9.639,0.0874,BAKING GOODS,104.17,STORE-DKU,30,1261.08,False,True,False,True,False,True,False,False,True,False,False
row_02451,PRD-W10HOA,6.582,0.041,SNACK FOODS,90.57,STORE-89Z,33,1458.3,False,True,False,False,False,True,False,False,False,False,False
row_02452,PRD-2EZP7V,12.223,0.0182,HEALTH AND HYGIENE,98.5,STORE-9RG,28,2840.45,False,True,False,True,False,False,True,False,True,False,False
row_02453,PRD-FL9NP6,12.850875916323977,0.056,HEALTH AND HYGIENE,56.59,STORE-7WS,47,2591.13,True,False,False,False,True,True,False,False,False,False,False
row_02456,PRD-HZXGUJ,12.850875916323977,0.0,dairy,52.31,STORE-T5G,47,47.83,False,False,False,False,False,False,True,False,False,False,False
row_02457,PRD-AANYGU,12.647,0.0317,snack foods,170.97,STORE-DKU,30,4690.26,False,True,False,True,False,True,False,False,False,True,False
row_02458,PRD-CCUG7R,6.945,0.0423,MEAT,44.08,STORE-HL7,23,337.9,False,False,True,False,True,True,False,True,False,False,False
row_02459,PRD-CJ2XX2,8.197,0.0359,Fruits and Vegetables,37.02,STORE-9RG,28,546.81,False,True,False,True,False,False,True,False,False,False,False
row_02460,PRD-BAZHAK,18.88,0.1008,frozen foods,112.83,STORE-OYG,25,1713.23,False,True,False,True,False,True,False,False,True,False,False
row_02461,PRD-2LYWBI,7.19,0.1654,Snack Foods,96.15,STORE-DKU,30,967.05,False,True,False,True,False,True,False,False,True,False,False
row_02463,PRD-UPZ5JR,12.850875916323977,0.0766,Baking Goods,201.36,STORE-7WS,47,5675.09,True,False,False,False,True,True,False,True,False,False,True
row_02464,PRD-ZRMH3F,16.51,0.1225,FROZEN FOODS,180.08,STORE-89Z,33,3503.11,False,True,False,False,False,True,False,True,False,True,False
row_02465,PRD-NI9NWR,11.791,0.1283,Health and Hygiene,37.89,STORE-JOR,34,37.0,False,False,False,False,True,True,False,False,False,False,False
row_02466,PRD-CU4YYJ,15.911,0.0752,CANNED,40.65,STORE-AGY,45,665.19,False,True,False,False,True,False,False,False,False,False,False
row_02467,PRD-V14WZZ,12.850875916323977,0.0528,Health and Hygiene,197.09,STORE-T5G,47,389.88,False,False,False,False,False,False,True,False,False,False,True
row_02468,PRD-DN0YBY,6.067,0.1985,soft drinks,158.2,STORE-JOR,34,325.7,False,False,False,False,True,True,False,False,False,True,False
row_02470,PRD-994LX9,7.917,0.1433,DAIRY,104.4,STORE-OYG,25,623.7,False,True,False,True,False,True,False,False,True,False,False
row_02471,PRD-L9EKA0,6.26,0.1536,SOFT DRINKS,43.88,STORE-DKU,30,1108.25,False,True,False,True,False,True,False,True,False,False,False
row_02472,PRD-FVHC3D,17.727,0.0711,seafood,34.2,STORE-AGY,45,897.19,False,True,False,False,True,False,False,False,False,False,False
row_02473,PRD-TXA99J,11.368,0.0098,Snack Foods,221.11,STORE-HL7,23,1162.43,False,False,True,False,True,True,False,True,False,False,True
row_02474,PRD-6C3BE3,20.27,0.0396,HOUSEHOLD,151.92,STORE-9RG,28,2530.67,False,True,False,True,False,False,True,False,False,True,False
row_02475,PRD-OEQXOC,10.718,0.0315,BREAKFAST,48.94,STORE-89Z,33,675.03,False,True,False,False,False,True,False,True,False,False,False
row_02476,PRD-JRFCO7,9.377,0.1171,Frozen Foods,60.18,STORE-HL7,23,964.34,False,False,True,False,True,True,False,False,False,False,False
row_02477,PRD-G1X3J1,11.919,0.114,SOFT DRINKS,196.81,STORE-OYG,25,4779.85,False,True,False,True,False,True,False,False,False,False,True
row_02479,PRD-5FDHJK,7.111,0.08,soft drinks,95.18,STORE-AGY,45,1792.81,False,True,False,False,True,False,False,False,True,False,False
row_02480,PRD-8CX8FG,14.494,0.0915,FROZEN FOODS,229.43,STORE-9RG,28,6202.97,False,True,False,True,False,False,True,True,False,False,True
row_02481,PRD-ZDANTN,20.756,0.0234,BAKING GOODS,239.68,STORE-89Z,33,4274.63,False,True,False,False,False,True,False,True,False,False,True
row_02483,PRD-93TBZQ,14.649,0.0,fruits and vegetables,91.8,STORE-HL7,23,1343.03,False,False,True,False,True,True,False,True,False,False,False
row_02484,PRD-P8BYW4,13.147,0.0237,meat,229.61,STORE-OYG,25,5346.34,False,True,False,True,False,True,False,True,False,False,True
row_02485,PRD-C04T2V,12.850875916323977,0.0634,Household,48.36,STORE-T5G,47,148.13,False,False,False,False,False,False,True,False,False,False,False
row_02486,PRD-O0V3Z0,19.745,0.1699,Canned,93.8,STORE-JOR,34,183.61,False,False,False,False,True,True,False,True,True,False,False
row_02487,PRD-63RMAJ,19.397,0.0157,HOUSEHOLD,183.99,STORE-DKU,30,2225.98,False,True,False,True,False,True,False,False,False,True,False
row_02488,PRD-TUF93A,10.892,0.1167,fruits and vegetables,195.72,STORE-OYG,25,2911.83,False,True,False,True,False,True,False,False,False,False,True
row_02489,PRD-UOG5JV,10.007,0.0252,SNACK FOODS,212.28,STORE-DKU,30,1943.62,False,True,False,True,False,True,False,False,False,False,True
row_02490,PRD-MHLD93,6.336,0.2218,canned,204.07,STORE-JOR,34,424.14,False,False,False,False,True,True,False,False,False,False,True
row_02491,PRD-DZVGPM,21.348,0.0212,SOFT DRINKS,152.77,STORE-89Z,33,2466.14,False,True,False,False,False,True,False,False,False,True,False
row_02492,PRD-94QTWZ,12.850875916323977,0.1193,MEAT,183.92,STORE-7WS,47,5156.57,True,False,False,False,True,True,False,False,False,True,False
row_02493,PRD-P8192C,8.311,0.0711,Household,214.92,STORE-OYG,25,1963.71,False,True,False,True,False,True,False,False,False,False,True
row_02494,PRD-Y7S361,16.125,0.0621,starchy foods,217.47,STORE-AGY,45,3606.26,False,True,False,False,True,False,False,False,False,False,True
row_02495,PRD-72AAVH,12.850875916323977,0.0532,Meat,236.99,STORE-7WS,47,5697.3,True,False,False,False,True,True,False,False,False,False,True
row_02496,PRD-8NY9QX,17.236,0.2441,Snack Foods,146.86,STORE-JOR,34,444.76,False,False,False,False,True,True,False,False,False,True,False
row_02498,PRD-9U47YU,11.489,0.0057,Fruits and Vegetables,169.27,STORE-9RG,28,2288.33,False,True,False,True,False,False,True,True,False,True,False
row_02499,PRD-ANEC1W,6.31,0.0127,FRUITS AND VEGETABLES,36.94,STORE-DKU,30,433.89,False,True,False,True,False,True,False,False,False,False,False
row_02501,PRD-199BRB,12.850875916323977,0.0303,CANNED,56.42,STORE-7WS,47,1539.64,True,False,False,False,True,True,False,True,False,False,False
row_02503,PRD-YE19ES,10.588,0.1247,DAIRY,118.25,STORE-AGY,45,3596.34,False,True,False,False,True,False,False,True,True,False,False
row_02505,PRD-IDKG04,8.733,0.0907,snack foods,120.81,STORE-9RG,28,2307.84,False,True,False,True,False,False,True,True,True,False,False
row_02506,PRD-MHZN3M,12.850875916323977,0.0166,MEAT,139.86,STORE-7WS,47,3021.03,True,False,False,False,True,True,False,False,True,False,False
row_02507,PRD-N244KO,12.850875916323977,0.0345,snack foods,217.18,STORE-7WS,47,4088.1,True,False,False,False,True,True,False,False,False,False,True
row_02509,PRD-LQK65V,12.850875916323977,0.0426,Snack Foods,126.56,STORE-7WS,47,3840.75,True,False,False,False,True,True,False,False,True,False,False
row_02510,PRD-GLFRI8,8.241,0.022,breakfast,225.45,STORE-AGY,45,2610.45,False,True,False,False,True,False,False,False,False,False,True
row_02511,PRD-FGQJFY,7.69,0.1647,Baking Goods,35.38,STORE-DKU,30,339.56,False,True,False,True,False,True,False,True,False,False,False
row_02513,PRD-FIFS27,12.850875916323977,0.0521,Household,128.29,STORE-7WS,47,4876.08,True,False,False,False,True,True,False,False,True,False,False
row_02515,PRD-5OIBGD,16.929,0.0995,Snack Foods,157.61,STORE-AGY,45,2888.71,False,True,False,False,True,False,False,False,False,True,False
row_02516,PRD-Z3POTF,9.268,0.0515,Canned,148.87,STORE-DKU,30,4357.32,False,True,False,True,False,True,False,True,False,True,False
row_02517,PRD-3NP4VY,12.850875916323977,0.0719,HEALTH AND HYGIENE,34.02,STORE-T5G,47,34.32,False,False,False,False,False,False,True,False,False,False,False
row_02518,PRD-Z3PM7V,19.695,0.0942,meat,176.52,STORE-DKU,30,3932.23,False,True,False,True,False,True,False,True,False,True,False
row_02521,PRD-CVE6PR,15.43,0.0719,SOFT DRINKS,93.09,STORE-9RG,28,1075.05,False,True,False,True,False,False,True,False,False,False,False
row_02524,PRD-1FT8J9,12.850875916323977,0.2626,Health and Hygiene,217.4,STORE-T5G,47,690.79,False,False,False,False,False,False,True,False,False,False,True
row_02525,PRD-54S8AG,18.273,0.1751,dairy,109.15,STORE-9RG,28,1264.23,False,True,False,True,False,False,True,True,True,False,False
row_02526,PRD-PCUYHY,15.028,0.0978,BAKING GOODS,160.69,STORE-9RG,28,2744.51,False,True,False,True,False,False,True,False,False,True,False
row_02527,PRD-AMZHR6,7.685,0.1598,Health and Hygiene,83.91,STORE-DKU,30,1592.46,False,True,False,True,False,True,False,False,False,False,False
row_02528,PRD-3KSWI6,20.476,0.0123,Canned,183.16,STORE-OYG,25,2310.45,False,True,False,True,False,True,False,True,False,True,False
row_02529,PRD-2HPNW1,9.246,0.0443,frozen foods,60.48,STORE-OYG,25,906.13,False,True,False,True,False,True,False,True,False,False,False
row_02532,PRD-UHZ6A8,9.566,0.0409,HARD DRINKS,121.9,STORE-89Z,33,1828.45,False,True,False,False,False,True,False,False,True,False,False
row_02533,PRD-2MR4FX,17.651,0.0178,HEALTH AND HYGIENE,95.02,STORE-89Z,33,877.42,False,True,False,False,False,True,False,False,True,False,False
row_02535,PRD-AMZHR6,7.685,0.1566,Health and Hygiene,87.5,STORE-HL7,23,1271.25,False,False,True,False,True,True,False,False,False,False,False
row_02538,PRD-2RFKBT,8.435,0.0525,Household,144.58,STORE-DKU,30,2016.42,False,True,False,True,False,True,False,False,False,True,False
row_02539,PRD-LKS9L3,12.850875916323977,0.0471,baking goods,222.52,STORE-7WS,47,4703.05,True,False,False,False,True,True,False,True,False,False,True
row_02540,PRD-0Y2EFZ,15.942,0.1181,Canned,116.28,STORE-9RG,28,3245.82,False,True,False,True,False,False,True,True,True,False,False
row_02541,PRD-S3JKV0,12.850875916323977,0.0684,Dairy,57.75,STORE-7WS,47,2115.83,True,False,False,False,True,True,False,True,False,False,False
row_02542,PRD-ZE84LM,7.141,0.0388,FROZEN FOODS,95.91,STORE-JOR,34,286.83,False,False,False,False,True,True,False,False,True,False,False
row_02543,PRD-7F4S1U,12.850875916323977,0.1373,FRUITS AND VEGETABLES,172.43,STORE-7WS,47,4307.6,True,False,False,False,True,True,False,True,False,True,False
row_02544,PRD-P6SDYY,19.823,0.0676,MEAT,168.13,STORE-YLW,35,1400.58,False,True,False,False,False,False,True,True,False,True,False
row_02545,PRD-NI9NWR,12.850875916323977,0.0767,HEALTH AND HYGIENE,40.0,STORE-7WS,47,1464.91,True,False,False,False,True,True,False,False,False,False,False
row_02546,PRD-61J4BY,20.77,0.0115,HOUSEHOLD,158.05,STORE-AGY,45,4336.75,False,True,False,False,True,False,False,False,False,True,False
row_02548,PRD-0UQYHD,16.106,0.0,household,115.27,STORE-OYG,25,3229.81,False,True,False,True,False,True,False,False,True,False,False
row_02549,PRD-OAEDOE,13.216,0.0,Dairy,77.13,STORE-OYG,25,1452.53,False,True,False,True,False,True,False,False,False,False,False
row_02550,PRD-GIHADO,13.348,0.051,FROZEN FOODS,107.75,STORE-9RG,28,2033.78,False,True,False,True,False,False,True,True,True,False,False
row_02551,PRD-Y6X573,6.205,0.0803,Others,142.12,STORE-YLW,35,1425.69,False,True,False,False,False,False,True,False,False,True,False
row_02552,PRD-5K9MLE,12.123,0.1643,household,122.32,STORE-89Z,33,2205.6,False,True,False,False,False,True,False,False,True,False,False
row_02553,PRD-EWQGAD,12.850875916323977,0.0331,canned,188.69,STORE-9RG,28,4265.12,False,True,False,True,False,False,True,True,False,False,True
row_02554,PRD-5AH9WE,18.774,0.1548,Household,186.37,STORE-JOR,34,751.66,False,False,False,False,True,True,False,False,False,False,True
row_02555,PRD-MHBMBN,9.757,0.0397,snack foods,125.78,STORE-OYG,25,610.82,False,True,False,True,False,True,False,True,True,False,False
row_02556,PRD-6O0HUH,20.785,0.0142,Fruits and Vegetables,240.82,STORE-9RG,28,2449.49,False,True,False,True,False,False,True,True,False,False,True
row_02557,PRD-3VXDO3,7.627,0.1486,FRUITS AND VEGETABLES,116.98,STORE-JOR,34,121.48,False,False,False,False,True,True,False,True,True,False,False
row_02559,PRD-U3BDL2,12.850875916323977,0.0552,Breads,125.32,STORE-7WS,47,4977.18,True,False,False,False,True,True,False,True,True,False,False
row_02560,PRD-MS2LEL,19.208,0.1173,SNACK FOODS,219.6,STORE-DKU,30,1779.31,False,True,False,True,False,True,False,False,False,False,True
row_02561,PRD-N3R81D,18.722,0.0888,Frozen Foods,183.26,STORE-AGY,45,3830.48,False,True,False,False,True,False,False,True,False,True,False
row_02562,PRD-B9UOE3,20.865,0.1633,Snack Foods,180.41,STORE-DKU,30,3065.43,False,True,False,True,False,True,False,False,False,True,False
row_02563,PRD-UP3HR2,8.619,0.1136,fruits and vegetables,92.08,STORE-AGY,45,1505.3,False,True,False,False,True,False,False,False,False,False,False
row_02564,PRD-FZTVOV,8.587,0.0725,SNACK FOODS,203.22,STORE-AGY,45,2040.07,False,True,False,False,True,False,False,False,False,False,True
row_02565,PRD-4KDSBS,6.214,0.0474,baking goods,98.23,STORE-9RG,28,2122.37,False,True,False,True,False,False,True,False,True,False,False
row_02566,PRD-IY3X80,11.81,0.113,Baking Goods,227.81,STORE-YLW,35,5092.25,False,True,False,False,False,False,True,False,False,False,True
row_02567,PRD-9YFZQL,9.988,0.1091,Snack Foods,146.36,STORE-AGY,45,2155.15,False,True,False,False,True,False,False,False,False,True,False
row_02568,PRD-76CI5F,9.935,0.0296,Health and Hygiene,148.8,STORE-DKU,30,2921.62,False,True,False,True,False,True,False,False,False,True,False
row_02570,PRD-X497W1,10.76,0.0472,Hard Drinks,157.67,STORE-9RG,28,2268.3,False,True,False,True,False,False,True,False,False,True,False
row_02571,PRD-QIRRQA,10.856,0.0819,Dairy,188.46,STORE-OYG,25,2821.65,False,True,False,True,False,True,False,False,False,False,True
row_02572,PRD-G52EFU,16.404,0.0581,Fruits and Vegetables,125.13,STORE-HL7,23,1151.88,False,False,True,False,True,True,False,False,True,False,False
row_02573,PRD-54S8AG,18.74,0.1848,Dairy,111.39,STORE-HL7,23,1803.12,False,False,True,False,True,True,False,True,True,False,False
row_02574,PRD-4B2PMS,20.265,0.0253,health and hygiene,146.12,STORE-OYG,25,452.33,False,True,False,True,False,True,False,False,False,True,False
row_02575,PRD-XCFTUX,12.850875916323977,0.0331,Canned,190.73,STORE-T5G,47,719.4,False,False,False,False,False,False,True,False,False,False,True
row_02576,PRD-VI7F16,9.599,0.0746,SNACK FOODS,115.86,STORE-9RG,28,835.04,False,True,False,True,False,False,True,True,True,False,False
row_02578,PRD-HC0BPN,10.277,0.0611,fruits and vegetables,194.57,STORE-89Z,33,5167.24,False,True,False,False,False,True,False,True,False,False,True
row_02579,PRD-8VF3SM,16.953,0.0289,Canned,85.59,STORE-AGY,45,706.31,False,True,False,False,True,False,False,True,False,False,False
row_02580,PRD-KFRZWZ,12.999,0.119,meat,54.78,STORE-JOR,34,416.01,False,False,False,False,True,True,False,False,False,False,False
row_02583,PRD-BTN76M,17.538,0.1709,FRUITS AND VEGETABLES,116.3,STORE-9RG,28,3462.39,False,True,False,True,False,False,True,False,True,False,False
row_02585,PRD-8Q2Y4P,8.853,0.0664,Breakfast,55.15,STORE-YLW,35,1554.96,False,True,False,False,False,False,True,True,False,False,False
row_02586,PRD-JWTV3N,12.850875916323977,0.0532,Frozen Foods,89.37,STORE-7WS,47,2056.49,True,False,False,False,True,True,False,False,False,False,False
row_02587,PRD-KD6FLE,12.850875916323977,0.0233,Soft Drinks,194.81,STORE-7WS,47,9803.38,True,False,False,False,True,True,False,False,False,False,True
row_02588,PRD-I64XLY,11.92,0.0408,FRUITS AND VEGETABLES,190.0,STORE-OYG,25,3973.76,False,True,False,True,False,True,False,False,False,False,True
row_02589,PRD-78TW48,12.850875916323977,0.0114,Snack Foods,182.94,STORE-7WS,47,5143.23,True,False,False,False,True,True,False,True,False,True,False
row_02590,PRD-M2AOBR,18.845,0.012,household,125.55,STORE-9RG,28,2417.59,False,True,False,True,False,False,True,False,True,False,False
row_02591,PRD-FL9NP6,7.634,0.0529,Health and Hygiene,59.86,STORE-HL7,23,505.2,False,False,True,False,True,True,False,False,False,False,False
row_02592,PRD-T14KTM,11.424,0.0328,Health and Hygiene,161.91,STORE-AGY,45,1462.51,False,True,False,False,True,False,False,False,False,True,False
row_02593,PRD-Z3PM7V,19.631,0.0921,MEAT,174.51,STORE-9RG,28,3292.92,False,True,False,True,False,False,True,True,False,True,False
row_02594,PRD-DN0YBY,6.136,0.1172,Soft Drinks,157.67,STORE-HL7,23,622.63,False,False,True,False,True,True,False,False,False,True,False
row_02595,PRD-Q4NM8R,8.784,0.146,Frozen Foods,61.39,STORE-HL7,23,1116.71,False,False,True,False,True,True,False,False,False,False,False
row_02596,PRD-AQ6L6G,6.147,0.0,soft drinks,114.82,STORE-YLW,35,2352.89,False,True,False,False,False,False,True,False,True,False,False
row_02597,PRD-E5BLYU,12.536,0.0599,SNACK FOODS,57.53,STORE-DKU,30,602.2,False,True,False,True,False,True,False,True,False,False,False
row_02598,PRD-PZPHJM,12.850875916323977,0.1662,Snack Foods,140.48,STORE-HL7,23,1617.64,False,False,True,False,True,True,False,True,True,False,False
row_02599,PRD-J5B4CP,12.850875916323977,0.1105,Breads,122.73,STORE-7WS,47,3092.85,True,False,False,False,True,True,False,False,True,False,False
row_02600,PRD-DYYVDQ,19.271,0.0,Canned,151.56,STORE-OYG,25,3227.13,False,True,False,True,False,True,False,True,False,True,False
row_02601,PRD-FNO6B9,8.155,0.1318,soft drinks,189.4,STORE-YLW,35,4617.82,False,True,False,False,False,False,True,True,False,False,True
row_02602,PRD-8S2XEM,12.327,0.039,Fruits and Vegetables,111.19,STORE-89Z,33,1244.21,False,True,False,False,False,True,False,True,True,False,False
row_02603,PRD-M9YX0J,11.878,0.0789,snack foods,34.71,STORE-89Z,33,355.48,False,True,False,False,False,True,False,True,False,False,False
row_02604,PRD-CC46C1,19.786,0.1159,Baking Goods,195.56,STORE-9RG,28,2875.5,False,True,False,True,False,False,True,True,False,False,True
row_02605,PRD-WKDRX0,12.850875916323977,0.1054,Meat,43.96,STORE-T5G,47,129.19,False,False,False,False,False,False,True,True,False,False,False
row_02608,PRD-7F4S1U,7.542,0.1392,FRUITS AND VEGETABLES,174.57,STORE-HL7,23,2150.34,False,False,True,False,True,True,False,True,False,True,False
row_02609,PRD-OOQHSF,6.2,0.0314,Household,111.61,STORE-89Z,33,1580.22,False,True,False,False,False,True,False,False,True,False,False
row_02610,PRD-0DTSNL,9.183,0.0324,HOUSEHOLD,102.3,STORE-OYG,25,1105.8,False,True,False,True,False,True,False,False,True,False,False
row_02611,PRD-UP3HR2,8.563,0.1109,FRUITS AND VEGETABLES,98.04,STORE-HL7,23,577.51,False,False,True,False,True,True,False,False,True,False,False
row_02614,PRD-V3ISY0,11.434,0.01,HEALTH AND HYGIENE,46.28,STORE-YLW,35,1304.67,False,True,False,False,False,False,True,False,False,False,False
row_02615,PRD-95CTT5,12.850875916323977,0.0672,FRUITS AND VEGETABLES,194.92,STORE-7WS,47,7716.62,True,False,False,False,True,True,False,False,False,False,True
row_02616,PRD-Q51250,16.307,0.0,Household,216.79,STORE-DKU,30,3720.63,False,True,False,True,False,True,False,False,False,False,True
row_02617,PRD-KE6H76,8.104,0.0482,baking goods,100.0,STORE-JOR,34,191.5,False,False,False,False,True,True,False,True,True,False,False
row_02618,PRD-Q7WI57,12.850875916323977,0.0422,Fruits and Vegetables,39.3,STORE-7WS,47,1292.95,True,False,False,False,True,True,False,False,False,False,False
row_02619,PRD-YP5JO3,12.850875916323977,0.0727,dairy,212.12,STORE-7WS,47,3433.82,True,False,False,False,True,True,False,True,False,False,True
row_02620,PRD-HEZ5ED,16.841,0.1332,Hard Drinks,168.25,STORE-AGY,45,2945.89,False,True,False,False,True,False,False,False,False,True,False
row_02622,PRD-BJPI4H,6.733,0.0133,SOFT DRINKS,124.3,STORE-9RG,28,2937.65,False,True,False,True,False,False,True,False,True,False,False
row_02624,PRD-QE536X,7.443,0.1566,fruits and vegetables,94.79,STORE-JOR,34,93.12,False,False,False,False,True,True,False,False,True,False,False
row_02625,PRD-6CJDKQ,17.775,0.0933,fruits and vegetables,202.41,STORE-DKU,30,3162.65,False,True,False,True,False,True,False,False,False,False,True
row_02626,PRD-C5OAOO,7.333,0.1259,Others,142.39,STORE-HL7,23,2201.49,False,False,True,False,True,True,False,False,False,True,False
row_02629,PRD-NAMSQE,12.516,0.1776,Baking Goods,75.67,STORE-AGY,45,2279.21,False,True,False,False,True,False,False,True,False,False,False
row_02630,PRD-LAVSML,12.007,0.0405,FRUITS AND VEGETABLES,182.88,STORE-YLW,35,1661.87,False,True,False,False,False,False,True,False,False,True,False
row_02631,PRD-90O7Y2,15.807,0.0983,SOFT DRINKS,199.44,STORE-HL7,23,3802.91,False,False,True,False,True,True,False,False,False,False,True
row_02633,PRD-JXVIHM,19.139,0.026,Household,130.88,STORE-YLW,35,2845.9,False,True,False,False,False,False,True,False,True,False,False
row_02634,PRD-U2ROEM,15.538,0.0833,CANNED,218.73,STORE-DKU,30,1080.43,False,True,False,True,False,True,False,True,False,False,True
row_02635,PRD-9RIGPP,20.978,0.0503,Fruits and Vegetables,38.6,STORE-AGY,45,232.08,False,True,False,False,True,False,False,False,False,False,False
row_02636,PRD-P1PFDI,17.85,0.1139,others,108.79,STORE-YLW,35,1542.08,False,True,False,False,False,False,True,False,True,False,False
row_02637,PRD-9P452B,8.874,0.1315,Hard Drinks,232.78,STORE-JOR,34,464.58,False,False,False,False,True,True,False,False,False,False,True
row_02638,PRD-07NNDG,10.08,0.0477,FROZEN FOODS,261.47,STORE-89Z,33,3976.81,False,True,False,False,False,True,False,True,False,False,True
row_02639,PRD-C04T2V,13.002,0.0343,Household,49.02,STORE-HL7,23,893.25,False,False,True,False,True,True,False,False,False,False,False
row_02640,PRD-DPF1H3,9.581,0.0755,Snack Foods,252.75,STORE-HL7,23,780.55,False,False,True,False,True,True,False,False,False,False,True
row_02641,PRD-OWOT0V,12.392,0.0421,CANNED,123.41,STORE-AGY,45,379.11,False,True,False,False,True,False,False,True,True,False,False
row_02642,PRD-EU4L5G,15.484,0.1013,fruits and vegetables,193.96,STORE-OYG,25,3299.44,False,True,False,True,False,True,False,True,False,False,True
row_02643,PRD-Q8LYYX,11.931,0.0769,frozen foods,171.83,STORE-DKU,30,2323.12,False,True,False,True,False,True,False,True,False,True,False
row_02644,PRD-9S9WWR,16.379,0.0786,FRUITS AND VEGETABLES,100.69,STORE-89Z,33,1821.66,False,True,False,False,False,True,False,True,True,False,False
row_02645,PRD-N2D7GY,18.272,0.0315,Others,183.06,STORE-YLW,35,2276.6,False,True,False,False,False,False,True,False,False,True,False
row_02647,PRD-QCMSWD,8.499,0.0091,FROZEN FOODS,95.39,STORE-YLW,35,1143.12,False,True,False,False,False,False,True,False,True,False,False
row_02649,PRD-FHKP7I,16.981,0.012,Canned,166.93,STORE-AGY,45,994.19,False,True,False,False,True,False,False,True,False,True,False
row_02651,PRD-U0CRF5,12.850875916323977,0.0243,Fruits and Vegetables,189.76,STORE-7WS,47,5819.58,True,False,False,False,True,True,False,True,False,False,True
row_02652,PRD-N9CUWJ,9.667,0.0363,SNACK FOODS,238.31,STORE-YLW,35,1881.99,False,True,False,False,False,False,True,False,False,False,True
row_02653,PRD-2YAZQT,12.850875916323977,0.1449,frozen foods,51.33,STORE-T5G,47,146.19,False,False,False,False,False,False,True,True,False,False,False
row_02654,PRD-DQYUN3,10.007,0.0462,hard drinks,60.85,STORE-AGY,45,490.52,False,True,False,False,True,False,False,False,False,False,False
row_02655,PRD-CC46C1,19.891,0.113,baking goods,196.65,STORE-DKU,30,3202.21,False,True,False,True,False,True,False,True,False,False,True
row_02657,PRD-UDD467,12.850875916323977,0.0509,Dairy,153.52,STORE-T5G,47,150.93,False,False,False,False,False,False,True,False,False,True,False
row_02658,PRD-1Z0SHZ,12.850875916323977,0.0166,fruits and vegetables,213.17,STORE-7WS,47,6742.95,True,False,False,False,True,True,False,False,False,False,True
row_02660,PRD-UPZ5JR,19.952,0.0,Baking Goods,201.17,STORE-DKU,30,1726.23,False,True,False,True,False,True,False,True,False,False,True
row_02661,PRD-BF1I3L,14.887,0.1502,soft drinks,47.69,STORE-DKU,30,1398.67,False,True,False,True,False,True,False,False,False,False,False
row_02662,PRD-3OZLL1,6.293,0.1415,Snack Foods,128.93,STORE-9RG,28,1026.15,False,True,False,True,False,False,True,False,True,False,False
row_02663,PRD-85W6UY,12.850875916323977,0.317,Fruits and Vegetables,100.55,STORE-T5G,47,209.43,False,False,False,False,False,False,True,False,True,False,False
row_02664,PRD-Y7T0DJ,14.019,0.1269,FRUITS AND VEGETABLES,87.6,STORE-HL7,23,1143.25,False,False,True,False,True,True,False,False,False,False,False
row_02665,PRD-VHS1K3,13.44,0.0299,soft drinks,143.58,STORE-HL7,23,1785.05,False,False,True,False,True,True,False,False,False,True,False
row_02666,PRD-7U00JT,12.850875916323977,0.0,seafood,110.84,STORE-7WS,47,1835.64,True,False,False,False,True,True,False,False,True,False,False
row_02667,PRD-RMBF82,9.331,0.0352,Fruits and Vegetables,171.9,STORE-OYG,25,3582.46,False,True,False,True,False,True,False,True,False,True,False
row_02668,PRD-CU4YYJ,12.850875916323977,0.0806,canned,40.54,STORE-7WS,47,714.41,True,False,False,False,True,True,False,False,False,False,False
row_02671,PRD-PKT9A9,15.074,0.0563,Canned,57.89,STORE-HL7,23,657.84,False,False,True,False,True,True,False,True,False,False,False
row_02673,PRD-IQSUHA,12.850875916323977,0.0281,CANNED,157.92,STORE-7WS,47,3430.31,True,False,False,False,True,True,False,True,False,True,False
row_02676,PRD-2PCIGY,7.763,0.086,fruits and vegetables,60.62,STORE-89Z,33,752.62,False,True,False,False,False,True,False,False,False,False,False
row_02677,PRD-MNEL25,17.4,0.0479,snack foods,124.31,STORE-89Z,33,2681.51,False,True,False,False,False,True,False,True,True,False,False
row_02678,PRD-D7J32F,12.850875916323977,0.0817,Fruits and Vegetables,146.1,STORE-7WS,47,4314.9,True,False,False,False,True,True,False,False,False,True,False
row_02679,PRD-X1M5E8,12.850875916323977,0.0444,snack foods,176.15,STORE-T5G,47,169.92,False,False,False,False,False,False,True,False,False,True,False
row_02680,PRD-OE45D1,12.850875916323977,0.0264,Canned,260.28,STORE-7WS,47,7490.4,True,False,False,False,True,True,False,False,False,False,True
row_02681,PRD-QVRR9A,7.692,0.0641,HARD DRINKS,224.03,STORE-YLW,35,1842.88,False,True,False,False,False,False,True,False,False,False,True
row_02682,PRD-UE8YM7,20.416,0.0426,DAIRY,177.13,STORE-HL7,23,3522.24,False,False,True,False,True,True,False,False,False,True,False
row_02683,PRD-IF1HEB,19.052,0.0965,Fruits and Vegetables,240.79,STORE-DKU,30,2153.79,False,True,False,True,False,True,False,False,False,False,True
row_02684,PRD-LJKPHC,18.013,0.0963,Fruits and Vegetables,83.16,STORE-AGY,45,1143.67,False,True,False,False,True,False,False,True,False,False,False
row_02685,PRD-LI16DH,12.850875916323977,0.0183,frozen foods,255.97,STORE-7WS,47,4594.66,True,False,False,False,True,True,False,False,False,False,True
row_02686,PRD-9S9WWR,16.243,0.1372,fruits and vegetables,102.19,STORE-JOR,34,106.65,False,False,False,False,True,True,False,True,True,False,False
row_02687,PRD-6RDQYB,10.21,0.0121,meat,195.49,STORE-YLW,35,560.78,False,True,False,False,False,False,True,True,False,False,True
row_02688,PRD-45BA89,12.850875916323977,0.0859,Frozen Foods,154.86,STORE-7WS,47,2902.75,True,False,False,False,True,True,False,True,False,True,False
row_02689,PRD-KYKIRT,8.154,0.1333,Fruits and Vegetables,205.05,STORE-9RG,28,6487.87,False,True,False,True,False,False,True,False,False,False,True
row_02690,PRD-3KI24S,17.612,0.0154,Household,183.74,STORE-YLW,35,3356.6,False,True,False,False,False,False,True,False,False,True,False
row_02692,PRD-KYAFJ4,6.496,0.0851,fruits and vegetables,126.37,STORE-OYG,25,1712.03,False,True,False,True,False,True,False,False,True,False,False
row_02693,PRD-GHO6AC,7.796,0.0679,snack foods,95.53,STORE-YLW,35,1559.66,False,True,False,False,False,False,True,True,True,False,False
row_02694,PRD-1FO2WB,8.28,0.024,Frozen Foods,112.44,STORE-YLW,35,2279.82,False,True,False,False,False,False,True,True,True,False,False
row_02695,PRD-6NJ4OG,7.811,0.1902,snack foods,148.63,STORE-JOR,34,308.01,False,False,False,False,True,True,False,False,False,True,False
row_02696,PRD-8KE2WT,16.442,0.0505,frozen foods,123.42,STORE-OYG,25,1727.9,False,True,False,True,False,True,False,True,True,False,False
row_02697,PRD-AFT69N,11.59,0.0141,Frozen Foods,180.06,STORE-OYG,25,2713.5,False,True,False,True,False,True,False,True,False,True,False
row_02698,PRD-08I4W0,12.850875916323977,0.1503,Baking Goods,37.86,STORE-T5G,47,37.43,False,False,False,False,False,False,True,False,False,False,False
row_02699,PRD-VLTBHO,16.802,0.1582,Meat,159.41,STORE-YLW,35,1312.56,False,True,False,False,False,False,True,False,False,True,False
row_02701,PRD-HCW81X,12.850875916323977,0.0185,hard drinks,149.6,STORE-T5G,47,442.3,False,False,False,False,False,False,True,False,False,True,False
row_02702,PRD-AQ6L6G,5.991,0.0767,Soft Drinks,116.17,STORE-89Z,33,994.68,False,True,False,False,False,True,False,False,True,False,False
row_02703,PRD-1NG2QG,7.627,0.153,frozen foods,154.78,STORE-YLW,35,915.76,False,True,False,False,False,False,True,True,False,True,False
row_02704,PRD-WM8LSW,15.962,0.0735,baking goods,247.44,STORE-DKU,30,2008.89,False,True,False,True,False,True,False,False,False,False,True
row_02706,PRD-8YT0FG,10.723,0.022,Health and Hygiene,249.12,STORE-HL7,23,4996.69,False,False,True,False,True,True,False,False,False,False,True
row_02707,PRD-7CG8W1,19.947,0.0295,Canned,85.97,STORE-9RG,28,2222.1,False,True,False,True,False,False,True,True,False,False,False
row_02708,PRD-CZ2O8N,15.125,0.0252,BAKING GOODS,83.62,STORE-89Z,33,1902.7,False,True,False,False,False,True,False,True,False,False,False
row_02710,PRD-8INI8M,12.850875916323977,0.1271,snack foods,86.43,STORE-7WS,47,3231.22,True,False,False,False,True,True,False,True,False,False,False
row_02711,PRD-7IOABT,12.850875916323977,0.0894,frozen foods,149.37,STORE-89Z,33,1987.88,False,True,False,False,False,True,False,False,False,True,False
row_02713,PRD-K1DZCJ,7.346,0.0951,Household,253.58,STORE-OYG,25,1476.81,False,True,False,True,False,True,False,False,False,False,True
row_02715,PRD-199BRB,13.855,0.0315,Canned,53.84,STORE-OYG,25,793.87,False,True,False,True,False,True,False,True,False,False,False
row_02717,PRD-3FFZLS,12.850875916323977,0.023,fruits and vegetables,124.16,STORE-7WS,47,2495.17,True,False,False,False,True,True,False,False,True,False,False
row_02718,PRD-BXIITA,12.453,0.0066,others,124.82,STORE-AGY,45,2691.38,False,True,False,False,True,False,False,False,True,False,False
row_02719,PRD-192YWO,12.476,0.0267,Canned,57.84,STORE-DKU,30,800.45,False,True,False,True,False,True,False,False,False,False,False
row_02720,PRD-OUWR61,8.281,0.0397,DAIRY,86.15,STORE-HL7,23,931.03,False,False,True,False,True,True,False,True,False,False,False
row_02721,PRD-VTZDFX,16.345,0.0631,Baking Goods,100.73,STORE-HL7,23,2512.24,False,False,True,False,True,True,False,True,True,False,False
row_02722,PRD-WU16HY,8.621,0.1059,DAIRY,41.42,STORE-YLW,35,1531.51,False,True,False,False,False,False,True,False,False,False,False
row_02723,PRD-YM6IER,7.686,0.0318,Fruits and Vegetables,122.64,STORE-AGY,45,1156.77,False,True,False,False,True,False,False,True,True,False,False
row_02724,PRD-VG9YSQ,13.173,0.0955,Frozen Foods,197.35,STORE-89Z,33,4260.46,False,True,False,False,False,True,False,True,False,False,True
row_02725,PRD-2RL15F,9.947,0.1082,Hard Drinks,113.32,STORE-HL7,23,462.04,False,False,True,False,True,True,False,False,True,False,False
row_02727,PRD-CSMCMC,10.792,0.0101,Dairy,126.24,STORE-AGY,45,1213.71,False,True,False,False,True,False,False,True,True,False,False
row_02728,PRD-4AWTY0,9.499,0.0,Hard Drinks,195.19,STORE-DKU,30,2890.82,False,True,False,True,False,True,False,False,False,False,True
row_02729,PRD-SWX1JP,9.779,0.0459,Baking Goods,96.74,STORE-9RG,28,2449.78,False,True,False,True,False,False,True,False,True,False,False
row_02730,PRD-AK5AGE,10.911,0.0404,health and hygiene,185.37,STORE-OYG,25,1676.95,False,True,False,True,False,True,False,False,False,True,False
row_02731,PRD-0GW31G,8.907,0.0083,Frozen Foods,82.56,STORE-AGY,45,2243.93,False,True,False,False,True,False,False,True,False,False,False
row_02732,PRD-L6HYC1,7.163,0.1509,Snack Foods,102.02,STORE-DKU,30,1594.97,False,True,False,True,False,True,False,True,True,False,False
row_02733,PRD-ANEC1W,6.389,0.0126,FRUITS AND VEGETABLES,37.0,STORE-HL7,23,179.39,False,False,True,False,True,True,False,False,False,False,False
row_02734,PRD-QT4HS0,21.151,0.0074,Snack Foods,106.26,STORE-9RG,28,1691.61,False,True,False,True,False,False,True,False,True,False,False
row_02735,PRD-25KFBO,19.418,0.0269,Fruits and Vegetables,142.75,STORE-YLW,35,850.07,False,True,False,False,False,False,True,True,False,True,False
row_02736,PRD-20AP4V,20.072,0.0233,Household,107.62,STORE-YLW,35,1530.22,False,True,False,False,False,False,True,False,True,False,False
row_02737,PRD-U652FY,8.484,0.0293,CANNED,175.22,STORE-89Z,33,2346.48,False,True,False,False,False,True,False,True,False,True,False
row_02739,PRD-7Y9HQQ,12.572,0.0,STARCHY FOODS,256.06,STORE-HL7,23,3847.22,False,False,True,False,True,True,False,False,False,False,True
row_02740,PRD-XUIY0X,13.926,0.0415,Starchy Foods,179.94,STORE-9RG,28,5294.67,False,True,False,True,False,False,True,False,False,True,False
row_02741,PRD-GOAVWS,11.8,0.0466,Snack Foods,120.66,STORE-DKU,30,475.23,False,True,False,True,False,True,False,False,True,False,False
row_02742,PRD-OFGVRE,6.74,0.0295,baking goods,66.36,STORE-OYG,25,1087.03,False,True,False,True,False,True,False,True,False,False,False
row_02743,PRD-V5MOIJ,12.850875916323977,0.0744,Canned,43.77,STORE-T5G,47,128.28,False,False,False,False,False,False,True,True,False,False,False
row_02744,PRD-DTQLBZ,14.12,0.2111,Baking Goods,104.65,STORE-JOR,34,209.79,False,False,False,False,True,True,False,True,True,False,False
row_02745,PRD-6Z8VBH,5.928,0.0745,hard drinks,54.74,STORE-89Z,33,335.79,False,True,False,False,False,True,False,False,False,False,False
row_02746,PRD-3HGG9C,12.850875916323977,0.0988,Household,187.68,STORE-7WS,47,7129.61,True,False,False,False,True,True,False,False,False,False,True
row_02747,PRD-YX3CXX,12.253,0.0478,Breads,63.44,STORE-OYG,25,899.35,False,True,False,True,False,True,False,False,False,False,False
row_02748,PRD-75I63R,9.239,0.0615,frozen foods,87.44,STORE-DKU,30,1695.15,False,True,False,True,False,True,False,True,False,False,False
row_02749,PRD-TFIUHP,12.941,0.078,Fruits and Vegetables,94.92,STORE-HL7,23,1443.77,False,False,True,False,True,True,False,False,True,False,False
row_02750,PRD-CM8SJU,12.850875916323977,0.0404,OTHERS,151.24,STORE-T5G,47,147.38,False,False,False,False,False,False,True,False,False,True,False
row_02751,PRD-JFXKHA,20.12,0.122,SNACK FOODS,91.98,STORE-YLW,35,1844.47,False,True,False,False,False,False,True,True,False,False,False
row_02752,PRD-9AHEJ8,8.631,0.1012,Dairy,39.46,STORE-DKU,30,632.37,False,True,False,True,False,True,False,False,False,False,False
row_02753,PRD-LCSXU1,11.885,0.0591,BAKING GOODS,171.37,STORE-OYG,25,1318.02,False,True,False,True,False,True,False,True,False,True,False
row_02754,PRD-Y0VDVE,12.850875916323977,0.0792,dairy,239.43,STORE-T5G,47,493.73,False,False,False,False,False,False,True,False,False,False,True
row_02755,PRD-HZXGUJ,7.72,0.0168,dairy,51.79,STORE-OYG,25,494.44,False,True,False,True,False,True,False,False,False,False,False
row_02756,PRD-K9LSG4,12.850875916323977,0.0563,SNACK FOODS,115.36,STORE-7WS,47,1415.93,True,False,False,False,True,True,False,False,True,False,False
row_02759,PRD-OI1003,16.938,0.0472,Household,174.82,STORE-JOR,34,349.65,False,False,False,False,True,True,False,False,False,True,False
row_02760,PRD-CXN22P,12.850875916323977,0.1569,Dairy,97.64,STORE-T5G,47,99.73,False,False,False,False,False,False,True,False,True,False,False
row_02761,PRD-192YWO,12.538,0.026,Canned,57.87,STORE-89Z,33,962.63,False,True,False,False,False,True,False,False,False,False,False
row_02762,PRD-M2PZNT,14.51,0.0204,others,162.51,STORE-AGY,45,2219.96,False,True,False,False,True,False,False,False,False,True,False
row_02763,PRD-0IFJNT,13.11,0.0733,Dairy,170.3,STORE-DKU,30,1469.29,False,True,False,True,False,True,False,False,False,True,False
row_02764,PRD-6D4HQC,7.009,0.0872,snack foods,108.93,STORE-DKU,30,1306.44,False,True,False,True,False,True,False,False,True,False,False
row_02765,PRD-HFH2XF,12.850875916323977,0.0743,BREADS,109.29,STORE-T5G,47,104.6,False,False,False,False,False,False,True,True,True,False,False
row_02766,PRD-0JGL4C,12.850875916323977,0.1353,Canned,41.36,STORE-7WS,47,951.88,True,False,False,False,True,True,False,True,False,False,False
row_02767,PRD-4KDSBS,6.303,0.0485,Baking Goods,100.87,STORE-HL7,23,1751.8,False,False,True,False,True,True,False,False,True,False,False
row_02769,PRD-T5J284,13.356,0.1429,SNACK FOODS,182.96,STORE-DKU,30,912.38,False,True,False,True,False,True,False,True,False,True,False
row_02770,PRD-7R37F7,10.789,0.0242,fruits and vegetables,216.03,STORE-DKU,30,3238.21,False,True,False,True,False,True,False,True,False,False,True
row_02771,PRD-1UBYH8,7.861,0.0605,Breakfast,170.0,STORE-OYG,25,2012.62,False,True,False,True,False,True,False,False,False,True,False
row_02774,PRD-444NK0,4.997,0.0619,Meat,127.35,STORE-9RG,28,2984.3,False,True,False,True,False,False,True,True,True,False,False
row_02775,PRD-T0HICC,13.784,0.1193,Snack Foods,194.63,STORE-AGY,45,5418.9,False,True,False,False,True,False,False,False,False,False,True
row_02777,PRD-XLZYOB,6.211,0.0077,frozen foods,62.5,STORE-DKU,30,1168.2,False,True,False,True,False,True,False,False,False,False,False
row_02779,PRD-IF1HEB,18.877,0.095,Fruits and Vegetables,228.56,STORE-HL7,23,1579.48,False,False,True,False,True,True,False,False,False,False,True
row_02780,PRD-0ZYCMV,17.811,0.0118,fruits and vegetables,158.67,STORE-9RG,28,3171.25,False,True,False,True,False,False,True,False,False,True,False
row_02781,PRD-CFDOOB,12.850875916323977,0.2214,fruits and vegetables,105.42,STORE-T5G,47,197.64,False,False,False,False,False,False,True,True,True,False,False
row_02783,PRD-I49KQ7,10.072,0.28,SOFT DRINKS,249.03,STORE-JOR,34,468.71,False,False,False,False,True,True,False,False,False,False,True
row_02784,PRD-VQ553K,14.383,0.0605,fruits and vegetables,168.19,STORE-DKU,30,2813.1,False,True,False,True,False,True,False,True,False,True,False
row_02785,PRD-88O5OR,12.768,0.061,SOFT DRINKS,162.25,STORE-HL7,23,997.84,False,False,True,False,True,True,False,False,False,True,False
row_02787,PRD-9DDVP4,12.850875916323977,0.1686,Fruits and Vegetables,64.11,STORE-T5G,47,60.11,False,False,False,False,False,False,True,True,False,False,False
row_02788,PRD-RVRRGQ,5.66,0.0729,Dairy,114.28,STORE-DKU,30,2627.03,False,True,False,True,False,True,False,True,True,False,False
row_02789,PRD-8YXU1P,12.712,0.0472,Others,111.83,STORE-AGY,45,3374.87,False,True,False,False,True,False,False,False,True,False,False
row_02790,PRD-CVIYJK,11.708,0.0205,Dairy,86.39,STORE-DKU,30,843.71,False,True,False,True,False,True,False,True,False,False,False
row_02791,PRD-X28K8T,10.537,0.0114,Breads,41.61,STORE-89Z,33,401.98,False,True,False,False,False,True,False,False,False,False,False
row_02792,PRD-DE4M6H,6.773,0.048,frozen foods,36.24,STORE-HL7,23,73.54,False,False,True,False,True,True,False,True,False,False,False
row_02793,PRD-L06G9E,15.567,0.0,SNACK FOODS,86.02,STORE-YLW,35,1882.17,False,True,False,False,False,False,True,False,False,False,False
row_02794,PRD-IGBM76,9.871,0.047,BAKING GOODS,36.1,STORE-OYG,25,366.07,False,True,False,True,False,True,False,True,False,False,False
row_02795,PRD-JQHUCI,7.939,0.1476,CANNED,50.71,STORE-HL7,23,193.06,False,False,True,False,True,True,False,True,False,False,False
row_02798,PRD-R4VXL5,12.695,0.0354,baking goods,231.5,STORE-YLW,35,2024.44,False,True,False,False,False,False,True,False,False,False,True
row_02799,PRD-2G2HFD,9.832,0.0069,Household,162.74,STORE-89Z,33,3058.83,False,True,False,False,False,True,False,False,False,True,False
row_02802,PRD-UVYR0Q,10.477,0.0623,Soft Drinks,149.29,STORE-OYG,25,2873.31,False,True,False,True,False,True,False,False,False,True,False
row_02803,PRD-NNQFKP,12.850875916323977,0.1138,Soft Drinks,39.56,STORE-7WS,47,571.06,True,False,False,False,True,True,False,False,False,False,False
row_02804,PRD-JSPKET,6.783,0.105,DAIRY,95.17,STORE-9RG,28,1351.96,False,True,False,True,False,False,True,True,True,False,False
row_02805,PRD-OK2ECS,16.089,0.0471,Fruits and Vegetables,153.7,STORE-DKU,30,3261.84,False,True,False,True,False,True,False,True,False,True,False
row_02806,PRD-TZXI9C,18.005,0.1101,snack foods,160.59,STORE-89Z,33,2997.08,False,True,False,False,False,True,False,False,False,True,False
row_02808,PRD-UM4ULZ,12.955,0.0745,fruits and vegetables,59.6,STORE-AGY,45,1624.32,False,True,False,False,True,False,False,True,False,False,False
row_02809,PRD-36I5A7,19.154,0.0261,Fruits and Vegetables,164.32,STORE-OYG,25,3787.84,False,True,False,True,False,True,False,False,False,True,False
row_02810,PRD-VLUDBJ,5.704,0.0421,snack foods,184.09,STORE-OYG,25,1239.69,False,True,False,True,False,True,False,True,False,True,False
row_02811,PRD-RHA96G,4.819,0.0447,Baking Goods,202.98,STORE-YLW,35,2128.01,False,True,False,False,False,False,True,False,False,False,True
row_02812,PRD-AN4EIO,14.328,0.1405,FROZEN FOODS,54.64,STORE-HL7,23,323.8,False,False,True,False,True,True,False,True,False,False,False
row_02813,PRD-WT8JJ4,12.850875916323977,0.0311,OTHERS,38.62,STORE-7WS,47,748.15,True,False,False,False,True,True,False,False,False,False,False
row_02814,PRD-WJIQXP,12.816,0.0792,Frozen Foods,192.16,STORE-DKU,30,2771.05,False,True,False,True,False,True,False,True,False,False,True
row_02815,PRD-M2PZNT,14.318,0.0186,Others,163.03,STORE-9RG,28,2016.68,False,True,False,True,False,False,True,False,False,True,False
row_02817,PRD-4EYNIN,7.028,0.0773,HOUSEHOLD,114.76,STORE-YLW,35,1897.04,False,True,False,False,False,False,True,False,True,False,False
row_02818,PRD-HK23A1,12.850875916323977,0.0819,SNACK FOODS,170.72,STORE-7WS,47,3610.77,True,False,False,False,True,True,False,True,False,True,False
row_02819,PRD-VG0CH2,12.696,0.0622,Frozen Foods,102.38,STORE-DKU,30,1511.93,False,True,False,True,False,True,False,True,True,False,False
row_02820,PRD-L6HYC1,7.163,0.1479,SNACK FOODS,97.64,STORE-89Z,33,1073.33,False,True,False,False,False,True,False,True,True,False,False
row_02821,PRD-ZTFIIA,12.850875916323977,0.0448,Fruits and Vegetables,165.25,STORE-T5G,47,987.08,False,False,False,False,False,False,True,False,False,True,False
row_02822,PRD-99VH0W,7.583,0.0509,FRUITS AND VEGETABLES,79.07,STORE-AGY,45,892.23,False,True,False,False,True,False,False,False,False,False,False
row_02823,PRD-WTXI27,12.968,0.0718,Dairy,76.13,STORE-YLW,35,922.14,False,True,False,False,False,False,True,False,False,False,False
row_02825,PRD-GD8AFP,19.594,0.0453,Dairy,39.64,STORE-HL7,23,507.44,False,False,True,False,True,True,False,False,False,False,False
row_02826,PRD-8L4EBE,12.874,0.0616,BAKING GOODS,205.05,STORE-YLW,35,579.21,False,True,False,False,False,False,True,True,False,False,True
row_02827,PRD-ZMEPGT,7.448,0.0608,soft drinks,95.09,STORE-OYG,25,1621.94,False,True,False,True,False,True,False,False,True,False,False
row_02828,PRD-0V6RAS,12.850875916323977,0.0504,fruits and vegetables,163.33,STORE-7WS,47,4095.25,True,False,False,False,True,True,False,True,False,True,False
row_02829,PRD-1RDEZX,13.025,0.08,DAIRY,229.46,STORE-OYG,25,1904.68,False,True,False,True,False,True,False,False,False,False,True
row_02830,PRD-L1A5P6,16.87,0.0443,Dairy,118.36,STORE-9RG,28,735.05,False,True,False,True,False,False,True,True,True,False,False
row_02831,PRD-G52EFU,15.931,0.0582,fruits and vegetables,124.13,STORE-89Z,33,1858.2,False,True,False,False,False,True,False,False,True,False,False
row_02832,PRD-SUSDFO,5.116,0.0413,Baking Goods,163.16,STORE-OYG,25,3890.0,False,True,False,True,False,True,False,True,False,True,False
row_02835,PRD-BRCL47,13.892,0.036,HARD DRINKS,118.11,STORE-89Z,33,4152.45,False,True,False,False,False,True,False,False,True,False,False
row_02836,PRD-5N8I4P,11.901,0.2243,DAIRY,101.49,STORE-JOR,34,204.15,False,False,False,False,True,True,False,False,True,False,False
row_02838,PRD-PZPHJM,16.706,0.1548,snack foods,142.64,STORE-OYG,25,2465.54,False,True,False,True,False,True,False,True,False,True,False
row_02840,PRD-ORDJGF,19.501,0.0084,dairy,267.28,STORE-JOR,34,269.15,False,False,False,False,True,True,False,False,False,False,True
row_02841,PRD-4AAL09,20.523,0.0789,Others,35.95,STORE-DKU,30,985.62,False,True,False,True,False,True,False,False,False,False,False
row_02842,PRD-CP4E30,6.156,0.0231,dairy,181.14,STORE-9RG,28,4255.75,False,True,False,True,False,False,True,False,False,True,False
row_02843,PRD-AN4EIO,13.978,0.0,FROZEN FOODS,53.52,STORE-9RG,28,926.7,False,True,False,True,False,False,True,True,False,False,False
row_02844,PRD-IUYATD,11.294,0.0,Household,116.06,STORE-YLW,35,1338.77,False,True,False,False,False,False,True,False,True,False,False
row_02845,PRD-K3I8BZ,11.518,0.1184,SOFT DRINKS,189.28,STORE-DKU,30,1913.77,False,True,False,True,False,True,False,False,False,False,True
row_02847,PRD-7VMGGA,11.898,0.0384,HEALTH AND HYGIENE,96.97,STORE-OYG,25,2225.62,False,True,False,True,False,True,False,False,True,False,False
row_02850,PRD-NJR720,12.850875916323977,0.1227,breads,153.55,STORE-9RG,28,2715.2,False,True,False,True,False,False,True,False,False,True,False
row_02851,PRD-4GS0FH,17.352,0.0465,canned,142.39,STORE-DKU,30,2411.41,False,True,False,True,False,True,False,True,False,True,False
row_02853,PRD-HQ57UY,16.189,0.1107,frozen foods,38.25,STORE-9RG,28,348.05,False,True,False,True,False,False,True,True,False,False,False
row_02856,PRD-1RDEZX,13.189,0.0771,Dairy,235.43,STORE-AGY,45,5556.57,False,True,False,False,True,False,False,False,False,False,True
row_02857,PRD-G9LC5B,18.848,0.1081,Household,33.38,STORE-9RG,28,679.97,False,True,False,True,False,False,True,False,False,False,False
row_02859,PRD-D9146L,18.768,0.0731,snack foods,158.03,STORE-9RG,28,3026.21,False,True,False,True,False,False,True,False,False,True,False
row_02860,PRD-ZLVU35,13.892,0.0158,Breads,229.93,STORE-HL7,23,3115.81,False,False,True,False,True,True,False,False,False,False,True
row_02861,PRD-AVAYTG,10.135,0.048,canned,77.45,STORE-OYG,25,1797.48,False,True,False,True,False,True,False,True,False,False,False
row_02862,PRD-OAEDOE,12.95,0.0183,DAIRY,74.66,STORE-DKU,30,1354.39,False,True,False,True,False,True,False,False,False,False,False
row_02864,PRD-ZGVTUI,12.850875916323977,0.0948,Meat,101.33,STORE-7WS,47,4888.25,True,False,False,False,True,True,False,False,True,False,False
row_02865,PRD-YHRDU3,13.425,0.0922,HOUSEHOLD,154.1,STORE-DKU,30,3153.93,False,True,False,True,False,True,False,False,False,True,False
row_02866,PRD-HEZ5ED,16.498,0.2296,HARD DRINKS,172.38,STORE-JOR,34,171.09,False,False,False,False,True,True,False,False,False,True,False
row_02867,PRD-JLQFJT,19.557,0.0427,household,132.56,STORE-YLW,35,1939.94,False,True,False,False,False,False,True,False,True,False,False
row_02868,PRD-EYRXGB,20.417,0.0216,SNACK FOODS,62.09,STORE-AGY,45,884.75,False,True,False,False,True,False,False,True,False,False,False
row_02869,PRD-IWSPFB,5.791,0.024,Meat,104.68,STORE-AGY,45,2068.23,False,True,False,False,True,False,False,True,True,False,False
row_02870,PRD-HMIP5B,10.455,0.0319,FRUITS AND VEGETABLES,113.68,STORE-HL7,23,2091.23,False,False,True,False,True,True,False,True,True,False,False
row_02871,PRD-BRCL47,13.591,0.0341,Hard Drinks,119.4,STORE-DKU,30,1332.24,False,True,False,True,False,True,False,False,True,False,False
row_02872,PRD-Y7CQKD,13.442,0.0,Fruits and Vegetables,72.18,STORE-DKU,30,1656.06,False,True,False,True,False,True,False,True,False,False,False
row_02873,PRD-0948NP,9.32,0.0369,FRUITS AND VEGETABLES,140.69,STORE-89Z,33,3322.69,False,True,False,False,False,True,False,False,True,False,False
row_02874,PRD-CVIYJK,12.850875916323977,0.0199,Dairy,90.01,STORE-7WS,47,2607.05,True,False,False,False,True,True,False,True,False,False,False
row_02876,PRD-ZRMH3F,15.957,0.1297,frozen foods,173.21,STORE-AGY,45,3955.13,False,True,False,False,True,False,False,True,False,True,False
row_02877,PRD-UT6Z84,12.850875916323977,0.014,Dairy,149.52,STORE-T5G,47,146.23,False,False,False,False,False,False,True,True,False,True,False
row_02878,PRD-9IT02F,12.850875916323977,0.0645,household,111.04,STORE-7WS,47,1986.63,True,False,False,False,True,True,False,False,True,False,False
row_02880,PRD-6SVH6Q,12.850875916323977,0.0442,baking goods,177.87,STORE-7WS,47,6020.2,True,False,False,False,True,True,False,True,False,True,False
row_02881,PRD-XQS3H4,20.712,0.0463,DAIRY,208.56,STORE-YLW,35,2149.71,False,True,False,False,False,False,True,True,False,False,True
row_02882,PRD-F6KJKV,12.136,0.0262,Starchy Foods,117.27,STORE-OYG,25,2155.86,False,True,False,True,False,True,False,False,True,False,False
row_02887,PRD-KFRZWZ,12.448,0.0721,Meat,51.08,STORE-89Z,33,1112.37,False,True,False,False,False,True,False,False,False,False,False
row_02888,PRD-L9B3N2,15.484,0.045,starchy foods,36.73,STORE-OYG,25,309.76,False,True,False,True,False,True,False,False,False,False,False
row_02889,PRD-TFIUHP,13.071,0.076,Fruits and Vegetables,96.71,STORE-YLW,35,842.2,False,True,False,False,False,False,True,False,True,False,False
row_02891,PRD-OQ0Y2Z,15.669,0.0546,baking goods,197.08,STORE-HL7,23,1222.63,False,False,True,False,True,True,False,False,False,False,True
row_02893,PRD-47VEYF,12.850875916323977,0.0963,MEAT,217.57,STORE-7WS,47,7136.53,True,False,False,False,True,True,False,True,False,False,True
row_02894,PRD-OKCXPA,12.850875916323977,0.0326,canned,50.72,STORE-7WS,47,1894.88,True,False,False,False,True,True,False,False,False,False,False
row_02895,PRD-IUYATD,12.850875916323977,0.0592,HOUSEHOLD,118.4,STORE-T5G,47,461.82,False,False,False,False,False,False,True,False,True,False,False
row_02896,PRD-2460MA,18.313,0.052,Health and Hygiene,191.06,STORE-YLW,35,2004.16,False,True,False,False,False,False,True,False,False,False,True
row_02897,PRD-F075N4,15.295,0.0674,snack foods,174.53,STORE-89Z,33,2304.22,False,True,False,False,False,True,False,True,False,True,False
row_02898,PRD-9KE7J2,16.279,0.083,breads,180.85,STORE-DKU,30,2545.41,False,True,False,True,False,True,False,False,False,True,False
row_02899,PRD-4TFZC6,9.408,0.0,Fruits and Vegetables,188.72,STORE-JOR,34,541.38,False,False,False,False,True,True,False,False,False,False,True
row_02900,PRD-1LWNLR,11.379,0.0572,Baking Goods,250.75,STORE-AGY,45,6708.98,False,True,False,False,True,False,False,False,False,False,True
row_02902,PRD-A3SKAD,13.541,0.1248,HOUSEHOLD,157.62,STORE-JOR,34,162.41,False,False,False,False,True,True,False,False,False,True,False
row_02904,PRD-51LIY8,11.805,0.0387,dairy,56.67,STORE-89Z,33,672.39,False,True,False,False,False,True,False,False,False,False,False
row_02905,PRD-2VQXX9,16.659,0.0308,Snack Foods,39.65,STORE-89Z,33,633.96,False,True,False,False,False,True,False,False,False,False,False
row_02907,PRD-7VMGGA,11.507,0.0369,Health and Hygiene,96.21,STORE-89Z,33,1337.66,False,True,False,False,False,True,False,False,True,False,False
row_02910,PRD-ICW8VL,9.361,0.0153,Baking Goods,79.79,STORE-9RG,28,1417.94,False,True,False,True,False,False,True,False,False,False,False
row_02911,PRD-MN8Z1H,11.393,0.0,HEALTH AND HYGIENE,149.89,STORE-AGY,45,3396.44,False,True,False,False,True,False,False,False,False,True,False
row_02912,PRD-64DI7N,20.412,0.0562,frozen foods,147.5,STORE-YLW,35,2978.49,False,True,False,False,False,False,True,True,False,True,False
row_02913,PRD-E7QYO7,12.850875916323977,0.0793,Fruits and Vegetables,117.6,STORE-T5G,47,226.89,False,False,False,False,False,False,True,True,True,False,False
row_02914,PRD-IWSPFB,5.585,0.0256,meat,106.59,STORE-9RG,28,2024.48,False,True,False,True,False,False,True,True,True,False,False
row_02915,PRD-MHVK3Q,14.351,0.1693,FRUITS AND VEGETABLES,49.59,STORE-AGY,45,588.07,False,True,False,False,True,False,False,False,False,False,False
row_02916,PRD-EYRXGB,12.850875916323977,0.0381,Snack Foods,60.84,STORE-T5G,47,126.77,False,False,False,False,False,False,True,True,False,False,False
row_02917,PRD-GS8W0Q,10.846,0.0505,Fruits and Vegetables,246.44,STORE-YLW,35,5367.11,False,True,False,False,False,False,True,False,False,False,True
row_02918,PRD-1H8OJR,8.226,0.068,Hard Drinks,38.08,STORE-YLW,35,1348.76,False,True,False,False,False,False,True,False,False,False,False
row_02920,PRD-533CFS,21.393,0.0253,HOUSEHOLD,143.69,STORE-9RG,28,2788.08,False,True,False,True,False,False,True,False,False,True,False
row_02921,PRD-UPZ5JR,19.615,0.0786,BAKING GOODS,196.11,STORE-OYG,25,2491.21,False,True,False,True,False,True,False,True,False,False,True
row_02922,PRD-XQFXKD,13.804,0.0918,Canned,143.59,STORE-YLW,35,1758.91,False,True,False,False,False,False,True,False,False,True,False
row_02923,PRD-EPWUKF,12.850875916323977,0.1005,BAKING GOODS,45.47,STORE-7WS,47,1072.31,True,False,False,False,True,True,False,False,False,False,False
row_02924,PRD-9P452B,8.666,0.0,hard drinks,228.73,STORE-DKU,30,2889.98,False,True,False,True,False,True,False,False,False,False,True
row_02926,PRD-1ZL2WT,12.850875916323977,0.0437,FRUITS AND VEGETABLES,154.1,STORE-7WS,47,6600.6,True,False,False,False,True,True,False,True,False,True,False
row_02927,PRD-PTOMJB,12.850875916323977,0.0333,SOFT DRINKS,176.81,STORE-7WS,47,5069.58,True,False,False,False,True,True,False,False,False,True,False
row_02928,PRD-F6ZM5U,18.245,0.0379,Snack Foods,144.39,STORE-DKU,30,4111.22,False,True,False,True,False,True,False,False,False,True,False
row_02930,PRD-5OIBGD,12.850875916323977,0.1037,Snack Foods,158.96,STORE-7WS,47,4881.47,True,False,False,False,True,True,False,False,False,True,False
row_02931,PRD-QOHMUH,12.850875916323977,0.0296,hard drinks,42.08,STORE-7WS,47,1094.14,True,False,False,False,True,True,False,False,False,False,False
row_02932,PRD-FETZ47,9.731,0.0495,Starchy Foods,181.81,STORE-HL7,23,2531.01,False,False,True,False,True,True,False,True,False,True,False
row_02933,PRD-Y23CCL,9.609,0.0223,Meat,198.18,STORE-89Z,33,2412.12,False,True,False,False,False,True,False,True,False,False,True
row_02935,PRD-BUQGEV,12.850875916323977,0.0108,Snack Foods,208.2,STORE-7WS,47,4088.07,True,False,False,False,True,True,False,False,False,False,True
row_02936,PRD-QKXIRH,18.339,0.1011,frozen foods,119.64,STORE-HL7,23,1379.04,False,False,True,False,True,True,False,False,True,False,False
row_02937,PRD-IWS48A,14.542,0.0337,baking goods,99.47,STORE-9RG,28,499.61,False,True,False,True,False,False,True,True,True,False,False
row_02938,PRD-U438R9,11.388,0.0356,frozen foods,174.04,STORE-89Z,33,2888.98,False,True,False,False,False,True,False,True,False,True,False
row_02941,PRD-C5BV1L,15.504,0.0379,HOUSEHOLD,103.4,STORE-JOR,34,202.25,False,False,False,False,True,True,False,False,True,False,False
row_02942,PRD-CU4YYJ,15.419,0.0817,Canned,37.08,STORE-DKU,30,505.68,False,True,False,True,False,True,False,False,False,False,False
row_02944,PRD-YWIQC5,19.481,0.0285,Fruits and Vegetables,46.74,STORE-DKU,30,926.6,False,True,False,True,False,True,False,True,False,False,False
row_02945,PRD-BA4ILA,15.549,0.1283,FRUITS AND VEGETABLES,107.61,STORE-89Z,33,1608.8,False,True,False,False,False,True,False,True,True,False,False
row_02946,PRD-R9QIKQ,13.0,0.0657,Baking Goods,89.62,STORE-9RG,28,1584.22,False,True,False,True,False,False,True,False,False,False,False
row_02947,PRD-LRTVWA,7.51,0.0574,dairy,198.23,STORE-DKU,30,1621.11,False,True,False,True,False,True,False,False,False,False,True
row_02948,PRD-UL2AE5,9.746,0.025,Health and Hygiene,115.39,STORE-HL7,23,3008.41,False,False,True,False,True,True,False,False,True,False,False
row_02949,PRD-X5SMJY,19.151,0.0329,HOUSEHOLD,215.62,STORE-YLW,35,4843.7,False,True,False,False,False,False,True,False,False,False,True
row_02950,PRD-EGB41B,4.902,0.0086,Household,121.9,STORE-AGY,45,2141.62,False,True,False,False,True,False,False,False,True,False,False
row_02952,PRD-EGC2DP,6.736,0.0581,Snack Foods,207.81,STORE-YLW,35,5620.9,False,True,False,False,False,False,True,False,False,False,True
row_02954,PRD-95N4VP,15.784,0.0435,FROZEN FOODS,176.5,STORE-YLW,35,1564.32,False,True,False,False,False,False,True,False,False,True,False
row_02955,PRD-4TMXDN,10.393,0.1471,breads,155.7,STORE-DKU,30,3174.67,False,True,False,True,False,True,False,True,False,True,False
row_02956,PRD-ZTFIIA,12.850875916323977,0.0245,Fruits and Vegetables,172.69,STORE-7WS,47,3117.62,True,False,False,False,True,True,False,False,False,True,False
row_02958,PRD-IBQR9L,20.574,0.0306,Dairy,216.79,STORE-9RG,28,3729.94,False,True,False,True,False,False,True,True,False,False,True
row_02959,PRD-0V4GIA,9.425,0.1073,Snack Foods,183.38,STORE-YLW,35,3925.86,False,True,False,False,False,False,True,False,False,True,False
row_02960,PRD-X7AKU0,9.91,0.0743,Health and Hygiene,119.37,STORE-89Z,33,1828.58,False,True,False,False,False,True,False,False,True,False,False
row_02961,PRD-11CMKR,12.241,0.0357,Canned,180.62,STORE-HL7,23,3813.45,False,False,True,False,True,True,False,False,False,True,False
row_02963,PRD-JN3LYX,14.055,0.1274,DAIRY,126.04,STORE-YLW,35,984.05,False,True,False,False,False,False,True,False,True,False,False
row_02966,PRD-D8LKB5,16.296,0.0456,SNACK FOODS,187.1,STORE-AGY,45,2354.03,False,True,False,False,True,False,False,False,False,False,True
row_02967,PRD-2YAZQT,15.809,0.0882,frozen foods,48.38,STORE-OYG,25,996.57,False,True,False,True,False,True,False,True,False,False,False
row_02969,PRD-ZVRERW,17.094,0.0349,DAIRY,95.07,STORE-YLW,35,1321.39,False,True,False,False,False,False,True,False,True,False,False
row_02970,PRD-L9E9NI,8.091,0.0358,Baking Goods,142.47,STORE-OYG,25,3460.33,False,True,False,True,False,True,False,True,False,True,False
row_02971,PRD-Q8LYYX,11.618,0.0737,Frozen Foods,171.32,STORE-AGY,45,1555.49,False,True,False,False,True,False,False,True,False,True,False
row_02972,PRD-WKDRX0,12.850875916323977,0.0597,meat,44.36,STORE-7WS,47,781.89,True,False,False,False,True,True,False,True,False,False,False
row_02973,PRD-W9XHRO,12.850875916323977,0.0102,STARCHY FOODS,226.45,STORE-T5G,47,458.65,False,False,False,False,False,False,True,True,False,False,True
row_02974,PRD-PSQUZU,12.850875916323977,0.0916,SNACK FOODS,191.47,STORE-T5G,47,389.25,False,False,False,False,False,False,True,False,False,False,True
row_02975,PRD-HFVMHX,8.461,0.0187,Health and Hygiene,234.68,STORE-AGY,45,5488.43,False,True,False,False,True,False,False,False,False,False,True
row_02976,PRD-OF1GG2,13.795,0.0347,Snack Foods,180.22,STORE-9RG,28,3072.08,False,True,False,True,False,False,True,False,False,True,False
row_02978,PRD-60GBFW,13.546,0.0655,Frozen Foods,32.82,STORE-JOR,34,65.08,False,False,False,False,True,True,False,False,False,False,False
row_02979,PRD-KF9QCF,16.271,0.0777,health and hygiene,36.62,STORE-89Z,33,1115.66,False,True,False,False,False,True,False,False,False,False,False
row_02981,PRD-K5635T,10.244,0.03,Baking Goods,117.16,STORE-HL7,23,1262.67,False,False,True,False,True,True,False,False,True,False,False
row_02982,PRD-C2MU46,12.850875916323977,0.0146,snack foods,195.07,STORE-7WS,47,4287.94,True,False,False,False,True,True,False,False,False,False,True
row_02983,PRD-9RHIGZ,12.850875916323977,0.0617,Snack Foods,100.78,STORE-AGY,45,1687.0,False,True,False,False,True,False,False,False,True,False,False
row_02984,PRD-3FFZLS,20.317,0.0387,fruits and vegetables,123.34,STORE-JOR,34,379.37,False,False,False,False,True,True,False,False,True,False,False
row_02985,PRD-9DDVP4,15.481,0.1516,FRUITS AND VEGETABLES,62.75,STORE-JOR,34,188.55,False,False,False,False,True,True,False,True,False,False,False
row_02986,PRD-ZN1N5R,12.296,0.0329,Meat,195.24,STORE-89Z,33,3863.69,False,True,False,False,False,True,False,True,False,False,True
row_02987,PRD-RDW6ET,8.501,0.0728,Fruits and Vegetables,188.84,STORE-DKU,30,3651.84,False,True,False,True,False,True,False,True,False,False,True
row_02988,PRD-FHKP7I,17.345,0.0119,CANNED,165.65,STORE-YLW,35,4524.16,False,True,False,False,False,False,True,True,False,True,False
row_02989,PRD-Q90SJM,20.33,0.0832,frozen foods,177.14,STORE-YLW,35,3701.61,False,True,False,False,False,False,True,True,False,True,False
row_02990,PRD-FZ61II,9.913,0.1496,Frozen Foods,135.41,STORE-YLW,35,2458.31,False,True,False,False,False,False,True,True,True,False,False
row_02991,PRD-1QV3CG,8.157,0.0398,Fruits and Vegetables,191.52,STORE-AGY,45,2225.81,False,True,False,False,True,False,False,True,False,False,True
row_02992,PRD-S3JKV0,13.343,0.067,Dairy,59.8,STORE-9RG,28,1521.3,False,True,False,True,False,False,True,True,False,False,False
row_02993,PRD-34LIE3,12.850875916323977,0.1411,CANNED,94.73,STORE-7WS,47,3316.76,True,False,False,False,True,True,False,False,True,False,False
row_02994,PRD-BJD8BL,9.888,0.0542,breads,82.31,STORE-YLW,35,491.97,False,True,False,False,False,False,True,True,False,False,False
row_02995,PRD-7Y9HQQ,12.850875916323977,0.0307,Starchy Foods,249.9,STORE-7WS,47,3157.82,True,False,False,False,True,True,False,False,False,False,True
row_02996,PRD-567H48,17.598,0.0427,frozen foods,93.05,STORE-YLW,35,835.45,False,True,False,False,False,False,True,True,False,False,False
row_02998,PRD-P8192C,8.465,0.0722,Household,221.84,STORE-HL7,23,413.09,False,False,True,False,True,True,False,False,False,False,True
row_02999,PRD-XGX8WD,8.069,0.1667,Dairy,113.81,STORE-YLW,35,1291.97,False,True,False,False,False,False,True,True,True,False,False
row_03000,PRD-0T2RJM,7.559,0.0311,CANNED,113.97,STORE-9RG,28,1208.71,False,True,False,True,False,False,True,False,True,False,False
row_03002,PRD-QP5L7C,20.81,0.0625,Frozen Foods,195.28,STORE-JOR,34,377.37,False,False,False,False,True,True,False,False,False,False,True
row_03005,PRD-3H7I5X,15.545,0.0,Fruits and Vegetables,148.82,STORE-JOR,34,433.38,False,False,False,False,True,True,False,True,False,True,False
row_03007,PRD-7FS31F,10.689,0.0574,fruits and vegetables,247.25,STORE-AGY,45,2813.1,False,True,False,False,True,False,False,True,False,False,True
row_03008,PRD-QPT16H,12.455,0.0149,Household,162.44,STORE-89Z,33,3718.76,False,True,False,False,False,True,False,False,False,True,False
row_03009,PRD-SR6GI0,10.767,0.0344,FRUITS AND VEGETABLES,126.56,STORE-89Z,33,2547.43,False,True,False,False,False,True,False,False,True,False,False
row_03010,PRD-UM4ULZ,13.408,0.0717,FRUITS AND VEGETABLES,62.34,STORE-DKU,30,935.1,False,True,False,True,False,True,False,True,False,False,False
row_03011,PRD-W103DG,8.366,0.0177,Soft Drinks,201.35,STORE-HL7,23,4221.66,False,False,True,False,True,True,False,False,False,False,True
row_03012,PRD-Y7CQKD,14.036,0.0667,fruits and vegetables,75.52,STORE-YLW,35,1230.12,False,True,False,False,False,False,True,True,False,False,False
row_03013,PRD-RYI0M7,12.850875916323977,0.0689,frozen foods,118.18,STORE-7WS,47,2364.37,True,False,False,False,True,True,False,False,True,False,False
row_03014,PRD-9TK51I,11.49,0.0421,frozen foods,196.39,STORE-9RG,28,3419.19,False,True,False,True,False,False,True,True,False,False,True
row_03015,PRD-UJA86V,18.748,0.1228,CANNED,91.45,STORE-DKU,30,2080.01,False,True,False,True,False,True,False,False,False,False,False
row_03016,PRD-IMV03J,15.155,0.0659,snack foods,265.71,STORE-89Z,33,5499.51,False,True,False,False,False,True,False,True,False,False,True
row_03017,PRD-2G73AJ,12.850875916323977,0.0159,DAIRY,249.14,STORE-7WS,47,6329.45,True,False,False,False,True,True,False,False,False,False,True
row_03018,PRD-SE05IT,20.182,0.0607,Baking Goods,235.86,STORE-89Z,33,2700.39,False,True,False,False,False,True,False,False,False,False,True
row_03020,PRD-45H02C,13.035,0.0295,CANNED,62.78,STORE-9RG,28,1504.25,False,True,False,True,False,False,True,True,False,False,False
row_03021,PRD-5Z8FE8,18.66,0.0105,Household,210.31,STORE-AGY,45,2681.98,False,True,False,False,True,False,False,False,False,False,True
row_03022,PRD-AQ8H3X,12.850875916323977,0.0668,Fruits and Vegetables,191.79,STORE-7WS,47,4804.61,True,False,False,False,True,True,False,False,False,False,True
row_03023,PRD-G7TBTN,15.492,0.0582,snack foods,52.21,STORE-YLW,35,1315.01,False,True,False,False,False,False,True,False,False,False,False
row_03024,PRD-679O2X,12.850875916323977,0.0881,SNACK FOODS,186.92,STORE-T5G,47,377.07,False,False,False,False,False,False,True,False,False,False,True
row_03027,PRD-C5OAOO,7.374,0.1165,others,141.9,STORE-9RG,28,2205.32,False,True,False,True,False,False,True,False,True,False,False
row_03028,PRD-G3QWQF,20.574,0.0803,Baking Goods,101.49,STORE-89Z,33,1534.41,False,True,False,False,False,True,False,True,True,False,False
row_03029,PRD-LJKPHC,18.238,0.1615,Fruits and Vegetables,89.39,STORE-JOR,34,179.5,False,False,False,False,True,True,False,True,False,False,False
row_03030,PRD-N5F62D,17.68,0.0137,Frozen Foods,262.05,STORE-OYG,25,2824.6,False,True,False,True,False,True,False,False,False,False,True
row_03031,PRD-D6O9YZ,10.797,0.0,BAKING GOODS,38.78,STORE-AGY,45,1062.62,False,True,False,False,True,False,False,True,False,False,False
row_03032,PRD-SY94EV,11.586,0.0216,health and hygiene,131.22,STORE-AGY,45,2710.83,False,True,False,False,True,False,False,False,True,False,False
row_03033,PRD-KTBCUD,7.564,0.0818,Starchy Foods,165.14,STORE-9RG,28,4416.75,False,True,False,True,False,False,True,False,False,True,False
row_03034,PRD-UHG7EC,14.179,0.025,Frozen Foods,159.05,STORE-HL7,23,1754.03,False,False,True,False,True,True,False,True,False,True,False
row_03035,PRD-M82I1L,9.65,0.1599,Soft Drinks,230.56,STORE-89Z,33,6839.23,False,True,False,False,False,True,False,False,False,False,True
row_03036,PRD-Q4NM8R,9.133,0.1425,Frozen Foods,59.86,STORE-YLW,35,1152.41,False,True,False,False,False,False,True,False,False,False,False
row_03037,PRD-ZFWONV,12.850875916323977,0.1064,FRUITS AND VEGETABLES,143.62,STORE-7WS,47,5514.57,True,False,False,False,True,True,False,True,False,True,False
row_03038,PRD-UPZ5JR,19.113,0.0,Baking Goods,190.47,STORE-89Z,33,4931.01,False,True,False,False,False,True,False,True,False,False,True
row_03040,PRD-22JUF0,8.963,0.0539,household,151.94,STORE-YLW,35,1212.69,False,True,False,False,False,False,True,False,False,True,False
row_03041,PRD-YVZMZC,8.239,0.1106,HOUSEHOLD,105.11,STORE-OYG,25,1213.35,False,True,False,True,False,True,False,False,True,False,False
row_03042,PRD-RD47WO,15.793,0.1006,SNACK FOODS,174.9,STORE-AGY,45,4347.49,False,True,False,False,True,False,False,True,False,True,False
row_03043,PRD-C2W953,12.850875916323977,0.0376,SNACK FOODS,93.99,STORE-7WS,47,1655.21,True,False,False,False,True,True,False,True,True,False,False
row_03044,PRD-BUK3XF,12.850875916323977,0.0391,Fruits and Vegetables,106.86,STORE-T5G,47,106.46,False,False,False,False,False,False,True,False,True,False,False
row_03045,PRD-R9OUDO,5.774,0.074,Soft Drinks,88.04,STORE-JOR,34,173.02,False,False,False,False,True,True,False,False,False,False,False
row_03047,PRD-LKS9L3,6.24,0.0497,Baking Goods,231.87,STORE-AGY,45,5023.45,False,True,False,False,True,False,False,True,False,False,True
row_03048,PRD-BGLSH8,20.15,0.0336,Household,39.2,STORE-89Z,33,980.86,False,True,False,False,False,True,False,False,False,False,False
row_03049,PRD-RVRRGQ,5.686,0.0723,Dairy,114.81,STORE-AGY,45,1390.03,False,True,False,False,True,False,False,True,True,False,False
row_03050,PRD-195DWY,16.498,0.1102,Fruits and Vegetables,195.52,STORE-JOR,34,829.57,False,False,False,False,True,True,False,False,False,False,True
row_03051,PRD-ZIX69G,8.182,0.0747,FRUITS AND VEGETABLES,248.86,STORE-9RG,28,5037.93,False,True,False,True,False,False,True,True,False,False,True
row_03052,PRD-9ROJVZ,7.954,0.0836,Frozen Foods,59.5,STORE-AGY,45,341.78,False,True,False,False,True,False,False,True,False,False,False
row_03053,PRD-JVZA65,11.987,0.021,Snack Foods,143.66,STORE-89Z,33,3494.0,False,True,False,False,False,True,False,False,False,True,False
row_03054,PRD-S3JKV0,13.804,0.0,dairy,58.75,STORE-89Z,33,703.35,False,True,False,False,False,True,False,True,False,False,False
row_03055,PRD-3818YO,5.199,0.0435,frozen foods,191.77,STORE-OYG,25,3790.21,False,True,False,True,False,True,False,False,False,False,True
row_03056,PRD-CXIFSU,5.976,0.0056,BAKING GOODS,179.44,STORE-DKU,30,1609.95,False,True,False,True,False,True,False,False,False,True,False
row_03058,PRD-97PPER,5.592,0.0546,FRUITS AND VEGETABLES,176.2,STORE-9RG,28,1523.65,False,True,False,True,False,False,True,False,False,True,False
row_03060,PRD-8A5PN4,5.783,0.0785,FRUITS AND VEGETABLES,256.62,STORE-OYG,25,1277.47,False,True,False,True,False,True,False,True,False,False,True
row_03061,PRD-0DZ6XP,17.942,0.0962,fruits and vegetables,96.18,STORE-9RG,28,529.68,False,True,False,True,False,False,True,False,True,False,False
row_03062,PRD-O15RRZ,12.855,0.1637,Frozen Foods,39.64,STORE-JOR,34,240.32,False,False,False,False,True,True,False,False,False,False,False
row_03063,PRD-202SK1,12.850875916323977,0.0802,Canned,180.83,STORE-7WS,47,4201.55,True,False,False,False,True,True,False,False,False,True,False
row_03064,PRD-ZRMH3F,15.984,0.1348,FROZEN FOODS,173.2,STORE-DKU,30,1096.18,False,True,False,True,False,True,False,True,False,True,False
row_03065,PRD-J4EFFF,8.058,0.0454,DAIRY,86.49,STORE-AGY,45,637.82,False,True,False,False,True,False,False,False,False,False,False
row_03066,PRD-MHVK3Q,14.881,0.1674,Fruits and Vegetables,50.29,STORE-OYG,25,814.63,False,True,False,True,False,True,False,False,False,False,False
row_03067,PRD-MHJ45L,17.111,0.0151,frozen foods,72.38,STORE-DKU,30,864.02,False,True,False,True,False,True,False,False,False,False,False
row_03068,PRD-E7SSM9,7.672,0.0991,Household,57.27,STORE-HL7,23,686.02,False,False,True,False,True,True,False,False,False,False,False
row_03069,PRD-5SOWOM,11.39,0.0144,Starchy Foods,175.81,STORE-HL7,23,1226.17,False,False,True,False,True,True,False,False,False,True,False
row_03070,PRD-V0T5X3,16.93,0.0214,DAIRY,110.46,STORE-DKU,30,3715.05,False,True,False,True,False,True,False,False,True,False,False
row_03071,PRD-M9YX0J,11.742,0.0804,Snack Foods,31.98,STORE-AGY,45,165.89,False,True,False,False,True,False,False,True,False,False,False
row_03072,PRD-YP2KNW,12.438,0.0557,Fruits and Vegetables,165.87,STORE-HL7,23,3168.03,False,False,True,False,True,True,False,True,False,True,False
row_03073,PRD-IGJGK2,17.838,0.128,Meat,101.62,STORE-89Z,33,2507.79,False,True,False,False,False,True,False,True,True,False,False
row_03075,PRD-BLQGBI,7.686,0.0724,Household,151.59,STORE-89Z,33,1833.73,False,True,False,False,False,True,False,False,False,True,False
row_03076,PRD-90E4B0,9.081,0.0461,household,243.83,STORE-HL7,23,2631.01,False,False,True,False,True,True,False,False,False,False,True
row_03077,PRD-PLE5H3,10.148,0.0266,fruits and vegetables,99.61,STORE-AGY,45,396.04,False,True,False,False,True,False,False,False,True,False,False
row_03078,PRD-0JE4QV,6.763,0.0,FROZEN FOODS,218.87,STORE-YLW,35,3007.58,False,True,False,False,False,False,True,False,False,False,True
row_03079,PRD-AECEW6,12.850875916323977,0.0086,Meat,71.01,STORE-7WS,47,2398.14,True,False,False,False,True,True,False,True,False,False,False
row_03080,PRD-1Z14YA,12.755,0.0,Meat,108.63,STORE-YLW,35,721.92,False,True,False,False,False,False,True,False,True,False,False
row_03081,PRD-U2HRJK,12.850875916323977,0.0236,Breads,97.7,STORE-7WS,47,3079.64,True,False,False,False,True,True,False,True,True,False,False
row_03083,PRD-4PZT3E,16.286,0.0695,dairy,216.77,STORE-DKU,30,3755.26,False,True,False,True,False,True,False,False,False,False,True
row_03084,PRD-AEYV7C,12.850875916323977,0.1411,fruits and vegetables,106.27,STORE-7WS,47,1791.9,True,False,False,False,True,True,False,False,True,False,False
row_03085,PRD-IF1HEB,18.862,0.101,Fruits and Vegetables,226.86,STORE-89Z,33,2416.08,False,True,False,False,False,True,False,False,False,False,True
row_03086,PRD-M9YX0J,11.574,0.0803,Snack Foods,36.25,STORE-OYG,25,589.13,False,True,False,True,False,True,False,True,False,False,False
row_03087,PRD-7RS8R0,6.413,0.1065,FRUITS AND VEGETABLES,85.1,STORE-AGY,45,1977.25,False,True,False,False,True,False,False,False,False,False,False
row_03088,PRD-DY1PP4,8.668,0.0899,household,111.24,STORE-HL7,23,3004.87,False,False,True,False,True,True,False,False,True,False,False
row_03089,PRD-1L8SUG,16.776,0.0951,Starchy Foods,65.18,STORE-JOR,34,130.51,False,False,False,False,True,True,False,True,False,False,False
row_03090,PRD-D7J32F,6.973,0.0842,Fruits and Vegetables,150.24,STORE-9RG,28,3610.64,False,True,False,True,False,False,True,False,False,True,False
row_03093,PRD-ZTKB9Z,18.489,0.058,household,216.53,STORE-OYG,25,4434.46,False,True,False,True,False,True,False,False,False,False,True
row_03094,PRD-6THSXO,10.645,0.0263,Frozen Foods,104.37,STORE-OYG,25,870.93,False,True,False,True,False,True,False,False,True,False,False
row_03095,PRD-N6ZV9D,21.681,0.1575,Fruits and Vegetables,62.57,STORE-HL7,23,370.85,False,False,True,False,True,True,False,True,False,False,False
row_03096,PRD-IE2L2F,21.111,0.0376,Frozen Foods,74.73,STORE-9RG,28,626.0,False,True,False,True,False,False,True,False,False,False,False
row_03097,PRD-ZIFT9Y,15.402,0.0431,Fruits and Vegetables,99.8,STORE-JOR,34,99.75,False,False,False,False,True,True,False,True,True,False,False
row_03098,PRD-JDOLC4,6.303,0.0911,fruits and vegetables,175.27,STORE-YLW,35,2906.75,False,True,False,False,False,False,True,False,False,True,False
row_03099,PRD-IJVZYN,14.693,0.0,OTHERS,242.88,STORE-9RG,28,5278.37,False,True,False,True,False,False,True,False,False,False,True
row_03101,PRD-FNO6B9,8.374,0.0,Soft Drinks,186.05,STORE-OYG,25,2522.82,False,True,False,True,False,True,False,True,False,False,True
row_03102,PRD-S1R8NF,13.469,0.0262,SNACK FOODS,78.08,STORE-89Z,33,323.84,False,True,False,False,False,True,False,True,False,False,False
row_03105,PRD-K82WU9,6.141,0.1023,Fruits and Vegetables,132.68,STORE-HL7,23,948.92,False,False,True,False,True,True,False,True,True,False,False
row_03106,PRD-JB3VCF,13.644,0.0126,SNACK FOODS,55.35,STORE-OYG,25,902.9,False,True,False,True,False,True,False,True,False,False,False
row_03107,PRD-E5BLYU,12.658,0.0,snack foods,55.83,STORE-AGY,45,181.28,False,True,False,False,True,False,False,True,False,False,False
row_03108,PRD-RMBF82,9.279,0.0347,fruits and vegetables,168.62,STORE-YLW,35,2501.13,False,True,False,False,False,False,True,True,False,True,False
row_03109,PRD-XQS3H4,20.593,0.0473,Dairy,220.57,STORE-AGY,45,2931.2,False,True,False,False,True,False,False,True,False,False,True
row_03110,PRD-PSFZVE,17.578,0.054,snack foods,103.65,STORE-OYG,25,1148.26,False,True,False,True,False,True,False,False,True,False,False
row_03111,PRD-29S85M,20.197,0.0643,Snack Foods,178.26,STORE-YLW,35,3328.37,False,True,False,False,False,False,True,False,False,True,False
row_03112,PRD-TXA99J,11.662,0.0094,Snack Foods,226.54,STORE-YLW,35,1760.65,False,True,False,False,False,False,True,True,False,False,True
row_03114,PRD-OEQXOC,10.662,0.0347,Breakfast,51.11,STORE-YLW,35,938.82,False,True,False,False,False,False,True,True,False,False,False
row_03115,PRD-8VF3SM,16.914,0.0287,canned,85.57,STORE-89Z,33,1276.5,False,True,False,False,False,True,False,True,False,False,False
row_03116,PRD-8LXUM3,7.035,0.0577,Dairy,143.12,STORE-89Z,33,1188.16,False,True,False,False,False,True,False,False,False,True,False
row_03117,PRD-RJX4XT,16.534,0.0261,canned,143.32,STORE-9RG,28,3262.39,False,True,False,True,False,False,True,True,False,True,False
row_03118,PRD-9HXEG6,12.850875916323977,0.0464,household,61.36,STORE-7WS,47,2251.57,True,False,False,False,True,True,False,False,False,False,False
row_03119,PRD-XQFXKD,14.273,0.0928,Canned,136.45,STORE-9RG,28,1442.97,False,True,False,True,False,False,True,False,True,False,False
row_03120,PRD-K1DZCJ,7.343,0.0918,HOUSEHOLD,249.34,STORE-AGY,45,4469.85,False,True,False,False,True,False,False,False,False,False,True
row_03121,PRD-5YE8T5,14.795,0.0364,fruits and vegetables,166.43,STORE-OYG,25,3538.69,False,True,False,True,False,True,False,True,False,True,False
row_03122,PRD-JTGE75,6.425,0.0351,breads,160.35,STORE-OYG,25,1558.2,False,True,False,True,False,True,False,True,False,True,False
row_03123,PRD-SKCTQD,6.5,0.1362,breads,100.33,STORE-JOR,34,191.31,False,False,False,False,True,True,False,False,True,False,False
row_03124,PRD-U0J0N0,8.95,0.0271,Frozen Foods,210.99,STORE-DKU,30,3408.16,False,True,False,True,False,True,False,False,False,False,True
row_03127,PRD-VCZHN7,11.555,0.168,Snack Foods,124.16,STORE-9RG,28,3759.74,False,True,False,True,False,False,True,False,True,False,False
row_03128,PRD-32CDXS,20.42,0.0194,fruits and vegetables,226.94,STORE-YLW,35,2144.1,False,True,False,False,False,False,True,True,False,False,True
row_03129,PRD-TY5H59,15.366,0.0,Fruits and Vegetables,221.6,STORE-DKU,30,2803.73,False,True,False,True,False,True,False,False,False,False,True
row_03130,PRD-XWBVYG,12.850875916323977,0.0539,Breads,33.77,STORE-7WS,47,1007.31,True,False,False,False,True,True,False,False,False,False,False
row_03133,PRD-5QVWC9,12.850875916323977,0.1141,Household,265.65,STORE-7WS,47,5674.53,True,False,False,False,True,True,False,False,False,False,True
row_03134,PRD-MY5ZPJ,8.223,0.0595,HARD DRINKS,114.96,STORE-JOR,34,111.74,False,False,False,False,True,True,False,False,True,False,False
row_03135,PRD-T9U9NM,7.693,0.0635,BREAKFAST,59.06,STORE-AGY,45,165.0,False,True,False,False,True,False,False,True,False,False,False
row_03136,PRD-8R8KUS,9.85,0.066,Fruits and Vegetables,120.64,STORE-9RG,28,809.64,False,True,False,True,False,False,True,True,True,False,False
row_03137,PRD-OFGVRE,6.554,0.0306,baking goods,68.39,STORE-AGY,45,583.43,False,True,False,False,True,False,False,True,False,False,False
row_03138,PRD-5UL5NW,6.906,0.0518,DAIRY,84.01,STORE-89Z,33,1362.66,False,True,False,False,False,True,False,False,False,False,False
row_03139,PRD-0B58ST,12.850875916323977,0.0,canned,101.71,STORE-7WS,47,1837.72,True,False,False,False,True,True,False,True,True,False,False
row_03140,PRD-L9CYMT,20.444,0.0423,dairy,88.63,STORE-9RG,28,1071.1,False,True,False,True,False,False,True,False,False,False,False
row_03141,PRD-R3PE29,5.723,0.1681,Soft Drinks,149.48,STORE-9RG,28,1805.35,False,True,False,True,False,False,True,False,False,True,False
row_03142,PRD-IGBM76,9.626,0.047,baking goods,35.25,STORE-9RG,28,295.39,False,True,False,True,False,False,True,True,False,False,False
row_03143,PRD-Y23CCL,9.333,0.0218,Meat,196.68,STORE-9RG,28,4559.43,False,True,False,True,False,False,True,True,False,False,True
row_03144,PRD-FIYLHL,12.850875916323977,0.029,Snack Foods,190.51,STORE-7WS,47,2078.77,True,False,False,False,True,True,False,True,False,False,True
row_03145,PRD-94QTWZ,8.097,0.1164,MEAT,190.71,STORE-HL7,23,2023.13,False,False,True,False,True,True,False,False,False,False,True
row_03146,PRD-HLJ2XL,19.119,0.0377,meat,57.07,STORE-OYG,25,962.06,False,True,False,True,False,True,False,False,False,False,False
row_03148,PRD-L9E9NI,8.53,0.0339,baking goods,147.63,STORE-89Z,33,909.45,False,True,False,False,False,True,False,True,False,True,False
row_03149,PRD-AMZHR6,7.621,0.1561,health and hygiene,87.58,STORE-AGY,45,1252.1,False,True,False,False,True,False,False,False,False,False,False
row_03150,PRD-YHVNT3,12.850875916323977,0.0415,OTHERS,84.0,STORE-7WS,47,2389.37,True,False,False,False,True,True,False,False,False,False,False
row_03151,PRD-R04H5W,19.548,0.1266,HOUSEHOLD,186.39,STORE-9RG,28,3477.8,False,True,False,True,False,False,True,False,False,False,True
row_03152,PRD-ETAGHN,6.846,0.0237,Snack Foods,205.21,STORE-9RG,28,4524.08,False,True,False,True,False,False,True,True,False,False,True
row_03153,PRD-7Q94JB,15.526,0.0649,Frozen Foods,147.77,STORE-OYG,25,3934.25,False,True,False,True,False,True,False,True,False,True,False
row_03154,PRD-IEPXXY,18.97,0.0164,Frozen Foods,119.2,STORE-OYG,25,3273.09,False,True,False,True,False,True,False,False,True,False,False
row_03155,PRD-1J8NER,6.46,0.0456,HOUSEHOLD,118.33,STORE-JOR,34,238.12,False,False,False,False,True,True,False,False,True,False,False
row_03156,PRD-8SEN50,13.136,0.0926,others,103.1,STORE-DKU,30,2062.09,False,True,False,True,False,True,False,False,True,False,False
row_03157,PRD-OOBWF4,14.999,0.0142,FROZEN FOODS,39.08,STORE-89Z,33,452.87,False,True,False,False,False,True,False,False,False,False,False
row_03158,PRD-N9CUWJ,12.850875916323977,0.0602,snack foods,239.6,STORE-T5G,47,494.54,False,False,False,False,False,False,True,False,False,False,True
row_03160,PRD-D7S0Z9,17.728,0.0962,health and hygiene,247.34,STORE-DKU,30,4046.17,False,True,False,True,False,True,False,False,False,False,True
row_03162,PRD-VM43VV,9.693,0.1128,health and hygiene,165.04,STORE-YLW,35,1889.28,False,True,False,False,False,False,True,False,False,True,False
row_03163,PRD-N0RSKQ,15.118,0.0,SNACK FOODS,201.89,STORE-JOR,34,187.74,False,False,False,False,True,True,False,False,False,False,True
row_03164,PRD-MSK8AG,17.96,0.0876,Dairy,183.69,STORE-OYG,25,4270.01,False,True,False,True,False,True,False,False,False,True,False
row_03166,PRD-R5JEK1,12.850875916323977,0.0314,SNACK FOODS,111.76,STORE-7WS,47,5411.69,True,False,False,False,True,True,False,True,True,False,False
row_03167,PRD-NA7L0E,15.533,0.0265,Canned,169.63,STORE-AGY,45,1830.97,False,True,False,False,True,False,False,True,False,True,False
row_03168,PRD-5094DF,7.266,0.0174,frozen foods,155.79,STORE-89Z,33,2153.35,False,True,False,False,False,True,False,False,False,True,False
row_03170,PRD-75E78H,7.128,0.0328,household,170.93,STORE-OYG,25,2978.23,False,True,False,True,False,True,False,False,False,True,False
row_03171,PRD-EU4L5G,12.850875916323977,0.0983,Fruits and Vegetables,195.09,STORE-7WS,47,6984.95,True,False,False,False,True,True,False,True,False,False,True
row_03172,PRD-RJX4XT,17.356,0.026,Canned,141.84,STORE-DKU,30,3286.02,False,True,False,True,False,True,False,True,True,False,False
row_03173,PRD-2NS5MH,21.31,0.1691,Canned,188.71,STORE-AGY,45,4466.45,False,True,False,False,True,False,False,False,False,False,True
row_03174,PRD-JSPKET,6.849,0.105,DAIRY,95.69,STORE-AGY,45,915.93,False,True,False,False,True,False,False,True,True,False,False
row_03176,PRD-J5S6R0,12.850875916323977,0.0447,dairy,147.54,STORE-7WS,47,3470.43,True,False,False,False,True,True,False,True,False,True,False
row_03177,PRD-41ZE8O,12.850875916323977,0.1135,Snack Foods,40.86,STORE-T5G,47,44.33,False,False,False,False,False,False,True,True,False,False,False
row_03178,PRD-PR2ESP,14.282,0.0366,Hard Drinks,141.42,STORE-JOR,34,434.81,False,False,False,False,True,True,False,False,True,False,False
row_03179,PRD-2UETCH,19.228,0.0341,Meat,176.47,STORE-HL7,23,3451.84,False,False,True,False,True,True,False,False,False,True,False
row_03180,PRD-93TBZQ,14.433,0.0682,Fruits and Vegetables,87.35,STORE-9RG,28,1652.91,False,True,False,True,False,False,True,True,False,False,False
row_03181,PRD-AMZHR6,7.844,0.2611,HEALTH AND HYGIENE,85.65,STORE-JOR,34,167.86,False,False,False,False,True,True,False,False,False,False,False
row_03182,PRD-8A5PN4,5.723,0.0768,Fruits and Vegetables,252.65,STORE-DKU,30,4868.02,False,True,False,True,False,True,False,True,False,False,True
row_03183,PRD-Y2YYF8,8.132,0.0839,baking goods,150.25,STORE-DKU,30,1193.39,False,True,False,True,False,True,False,False,False,True,False
row_03185,PRD-BPT359,4.794,0.1292,Baking Goods,56.47,STORE-AGY,45,619.93,False,True,False,False,True,False,False,True,False,False,False
row_03186,PRD-LZBZ98,18.2,0.0,Health and Hygiene,43.43,STORE-DKU,30,1114.44,False,True,False,True,False,True,False,False,False,False,False
row_03188,PRD-40V1GK,17.542,0.0273,SNACK FOODS,257.51,STORE-DKU,30,2474.78,False,True,False,True,False,True,False,False,False,False,True
row_03189,PRD-OEM1VZ,12.850875916323977,0.1364,Dairy,187.93,STORE-T5G,47,941.7,False,False,False,False,False,False,True,True,False,False,True
row_03190,PRD-M82I1L,12.850875916323977,0.2794,Soft Drinks,232.08,STORE-T5G,47,691.11,False,False,False,False,False,False,True,False,False,False,True
row_03191,PRD-CFDOOB,9.112,0.2041,Fruits and Vegetables,99.24,STORE-JOR,34,211.9,False,False,False,False,True,True,False,True,True,False,False
row_03193,PRD-AAFH5J,20.915,0.0,FRUITS AND VEGETABLES,90.65,STORE-JOR,34,89.39,False,False,False,False,True,True,False,False,False,False,False
row_03194,PRD-6SVH6Q,7.72,0.0444,BAKING GOODS,187.53,STORE-89Z,33,3692.48,False,True,False,False,False,True,False,True,False,False,True
row_03195,PRD-7F4S1U,7.55,0.1395,Fruits and Vegetables,168.55,STORE-DKU,30,2068.5,False,True,False,True,False,True,False,True,False,True,False
row_03197,PRD-78TW48,9.448,0.0104,Snack Foods,187.2,STORE-AGY,45,2934.0,False,True,False,False,True,False,False,True,False,False,True
row_03198,PRD-1RUPFR,8.45,0.0754,Hard Drinks,38.9,STORE-YLW,35,567.17,False,True,False,False,False,False,True,False,False,False,False
row_03199,PRD-K054NZ,12.005,0.0294,Soft Drinks,141.94,STORE-89Z,33,2643.48,False,True,False,False,False,True,False,False,True,False,False
row_03200,PRD-3WTZL0,5.366,0.0457,others,103.92,STORE-YLW,35,3366.85,False,True,False,False,False,False,True,False,True,False,False
row_03201,PRD-192YWO,12.850875916323977,0.0277,Canned,55.84,STORE-7WS,47,1805.65,True,False,False,False,True,True,False,False,False,False,False
row_03203,PRD-CYUEID,9.915,0.0917,others,192.52,STORE-DKU,30,4729.39,False,True,False,True,False,True,False,False,False,False,True
row_03204,PRD-MH7GX8,19.009,0.0998,dairy,53.73,STORE-HL7,23,1261.03,False,False,True,False,True,True,False,False,False,False,False
row_03205,PRD-4CYXQB,17.21,0.1119,snack foods,184.26,STORE-YLW,35,3571.95,False,True,False,False,False,False,True,False,False,True,False
row_03206,PRD-8MVMVQ,12.850875916323977,0.1238,Household,112.55,STORE-DKU,30,3404.5,False,True,False,True,False,True,False,False,True,False,False
row_03209,PRD-2RL15F,10.037,0.0,Hard Drinks,112.0,STORE-YLW,35,1750.49,False,True,False,False,False,False,True,False,True,False,False
row_03210,PRD-UWE98S,7.35,0.0541,frozen foods,232.92,STORE-JOR,34,233.59,False,False,False,False,True,True,False,False,False,False,True
row_03211,PRD-ZEGYU5,9.859,0.0453,SNACK FOODS,39.22,STORE-OYG,25,1200.84,False,True,False,True,False,True,False,True,False,False,False
row_03213,PRD-9R9NDL,14.946,0.0128,snack foods,127.28,STORE-OYG,25,3731.29,False,True,False,True,False,True,False,True,True,False,False
row_03214,PRD-33VFUM,16.647,0.0522,HEALTH AND HYGIENE,120.51,STORE-YLW,35,2553.45,False,True,False,False,False,False,True,False,True,False,False
row_03215,PRD-QPT16H,12.850875916323977,0.0153,Household,163.51,STORE-7WS,47,1904.73,True,False,False,False,True,True,False,False,False,True,False
row_03216,PRD-ZE84LM,7.134,0.0,Frozen Foods,95.84,STORE-HL7,23,918.37,False,False,True,False,True,True,False,False,True,False,False
row_03217,PRD-M2OX8M,13.439,0.0232,fruits and vegetables,156.51,STORE-OYG,25,2008.7,False,True,False,True,False,True,False,False,False,True,False
row_03219,PRD-R3PE29,5.604,0.0,SOFT DRINKS,145.03,STORE-YLW,35,1167.18,False,True,False,False,False,False,True,False,False,True,False
row_03220,PRD-C1B3EU,12.850875916323977,0.1764,Frozen Foods,46.61,STORE-T5G,47,45.18,False,False,False,False,False,False,True,True,False,False,False
row_03221,PRD-SWX1JP,9.578,0.0464,Baking Goods,103.98,STORE-89Z,33,1987.58,False,True,False,False,False,True,False,False,True,False,False
row_03222,PRD-5WVO01,12.850875916323977,0.03,HEALTH AND HYGIENE,36.38,STORE-7WS,47,1648.7,True,False,False,False,True,True,False,False,False,False,False
row_03224,PRD-4KDSBS,12.850875916323977,0.0827,BAKING GOODS,98.94,STORE-T5G,47,502.83,False,False,False,False,False,False,True,False,True,False,False
row_03225,PRD-MNUTT1,8.222,0.1798,Canned,143.62,STORE-DKU,30,1068.42,False,True,False,True,False,True,False,False,False,True,False
row_03227,PRD-CYUEID,9.616,0.0864,Others,197.07,STORE-9RG,28,768.64,False,True,False,True,False,False,True,False,False,False,True
row_03228,PRD-74W4G2,16.146,0.0168,frozen foods,96.47,STORE-89Z,33,2642.06,False,True,False,False,False,True,False,True,True,False,False
row_03231,PRD-8MX1EV,18.92,0.0145,soft drinks,52.72,STORE-DKU,30,1102.25,False,True,False,True,False,True,False,False,False,False,False
row_03232,PRD-PD4RXB,15.763,0.1164,baking goods,57.6,STORE-AGY,45,600.54,False,True,False,False,True,False,False,True,False,False,False
row_03234,PRD-IUYATD,11.117,0.0331,Household,118.04,STORE-9RG,28,1612.21,False,True,False,True,False,False,True,False,True,False,False
row_03235,PRD-BOOINB,13.86,0.0129,CANNED,105.75,STORE-9RG,28,724.86,False,True,False,True,False,False,True,False,True,False,False
row_03237,PRD-BXIITA,12.271,0.0067,Others,126.12,STORE-89Z,33,1189.59,False,True,False,False,False,True,False,False,True,False,False
row_03238,PRD-KDNQ4G,21.801,0.0191,snack foods,120.72,STORE-YLW,35,3217.07,False,True,False,False,False,False,True,False,True,False,False
row_03240,PRD-EPWUKF,9.006,0.0998,BAKING GOODS,46.36,STORE-YLW,35,1135.67,False,True,False,False,False,False,True,False,False,False,False
row_03241,PRD-JTGE75,12.850875916323977,0.0332,Breads,154.7,STORE-7WS,47,4829.6,True,False,False,False,True,True,False,True,False,True,False
row_03242,PRD-KDJU3I,15.562,0.0554,dairy,226.51,STORE-AGY,45,5950.32,False,True,False,False,True,False,False,False,False,False,True
row_03243,PRD-C8MXAU,12.850875916323977,0.046,FROZEN FOODS,49.37,STORE-HL7,23,523.97,False,False,True,False,True,True,False,True,False,False,False
row_03244,PRD-J3GHQ5,12.850875916323977,0.044,FRUITS AND VEGETABLES,89.29,STORE-7WS,47,2100.74,True,False,False,False,True,True,False,False,False,False,False
row_03245,PRD-AQ8H3X,11.119,0.0678,fruits and vegetables,196.17,STORE-HL7,23,2357.65,False,False,True,False,True,True,False,False,False,False,True
row_03247,PRD-59JSU0,15.344,0.1013,MEAT,137.45,STORE-HL7,23,1798.83,False,False,True,False,True,True,False,True,True,False,False
row_03248,PRD-IVLU4E,16.277,0.0139,others,106.03,STORE-DKU,30,1075.71,False,True,False,True,False,True,False,False,True,False,False
row_03249,PRD-YLAH3X,12.850875916323977,0.0569,HOUSEHOLD,113.11,STORE-T5G,47,447.39,False,False,False,False,False,False,True,False,True,False,False
row_03250,PRD-WWQC38,12.850875916323977,0.0672,soft drinks,104.77,STORE-7WS,47,2907.03,True,False,False,False,True,True,False,False,True,False,False
row_03251,PRD-90XDR7,12.517,0.0198,BREADS,191.69,STORE-AGY,45,2619.08,False,True,False,False,True,False,False,False,False,False,True
row_03252,PRD-GV2TFK,7.321,0.0478,Health and Hygiene,97.57,STORE-89Z,33,1524.2,False,True,False,False,False,True,False,False,True,False,False
row_03254,PRD-9TK51I,12.850875916323977,0.0748,frozen foods,192.89,STORE-T5G,47,384.28,False,False,False,False,False,False,True,True,False,False,True
row_03255,PRD-QCMSWD,8.55,0.0091,Frozen Foods,99.68,STORE-AGY,45,674.37,False,True,False,False,True,False,False,False,True,False,False
row_03256,PRD-1SZJIV,10.286,0.1452,dairy,193.2,STORE-YLW,35,4057.72,False,True,False,False,False,False,True,True,False,False,True
row_03257,PRD-Y6X573,6.142,0.0777,Others,137.89,STORE-DKU,30,2697.69,False,True,False,True,False,True,False,False,True,False,False
row_03258,PRD-OZ9XFZ,15.98,0.0982,frozen foods,88.15,STORE-OYG,25,255.93,False,True,False,True,False,True,False,True,False,False,False
row_03260,PRD-TRMI8Q,13.207,0.0117,OTHERS,191.03,STORE-AGY,45,3502.46,False,True,False,False,True,False,False,False,False,False,True
row_03261,PRD-N244KO,20.081,0.034,snack foods,217.83,STORE-89Z,33,4577.56,False,True,False,False,False,True,False,False,False,False,True
row_03263,PRD-TV6685,18.497,0.0481,FRUITS AND VEGETABLES,146.11,STORE-HL7,23,2409.73,False,False,True,False,True,True,False,False,False,True,False
row_03264,PRD-XHO0VH,20.79,0.1074,BREAKFAST,153.71,STORE-JOR,34,778.52,False,False,False,False,True,True,False,True,False,True,False
row_03265,PRD-2LYWBI,7.561,0.1565,Snack Foods,94.03,STORE-9RG,28,1260.3,False,True,False,True,False,False,True,False,True,False,False
row_03266,PRD-APC4XY,7.12,0.0389,Baking Goods,61.48,STORE-HL7,23,1094.06,False,False,True,False,True,True,False,True,False,False,False
row_03268,PRD-7G23CP,8.811,0.0765,canned,78.6,STORE-OYG,25,1139.25,False,True,False,True,False,True,False,False,False,False,False
row_03269,PRD-4W0VUG,11.894,0.0546,Hard Drinks,78.79,STORE-OYG,25,2308.95,False,True,False,True,False,True,False,False,False,False,False
row_03270,PRD-WT29FN,18.027,0.0083,baking goods,80.46,STORE-9RG,28,395.0,False,True,False,True,False,False,True,False,False,False,False
row_03271,PRD-49DBZ7,11.081,0.1572,Snack Foods,104.28,STORE-OYG,25,1749.58,False,True,False,True,False,True,False,False,True,False,False
row_03272,PRD-1I4EOY,18.987,0.0397,Fruits and Vegetables,210.44,STORE-YLW,35,3014.15,False,True,False,False,False,False,True,False,False,False,True
row_03274,PRD-UT6Z84,11.056,0.0087,dairy,147.93,STORE-AGY,45,2034.47,False,True,False,False,True,False,False,True,False,True,False
row_03275,PRD-YZB4K8,17.59,0.0,fruits and vegetables,47.65,STORE-OYG,25,906.45,False,True,False,True,False,True,False,True,False,False,False
row_03276,PRD-X28K8T,10.58,0.0114,BREADS,40.34,STORE-9RG,28,1539.27,False,True,False,True,False,False,True,False,False,False,False
row_03277,PRD-US5PUY,14.349,0.0757,Fruits and Vegetables,48.57,STORE-OYG,25,289.14,False,True,False,True,False,True,False,False,False,False,False
row_03278,PRD-DH2TA3,9.106,0.0164,Household,107.08,STORE-DKU,30,1343.33,False,True,False,True,False,True,False,False,True,False,False
row_03279,PRD-20AP4V,19.378,0.0249,HOUSEHOLD,107.9,STORE-9RG,28,1772.22,False,True,False,True,False,False,True,False,True,False,False
row_03280,PRD-OE45D1,9.873,0.0262,CANNED,258.81,STORE-DKU,30,5716.35,False,True,False,True,False,True,False,False,False,False,True
row_03281,PRD-P8192C,12.850875916323977,0.1228,HOUSEHOLD,213.73,STORE-T5G,47,208.24,False,False,False,False,False,False,True,False,False,False,True
row_03284,PRD-6625CS,12.850875916323977,0.0378,Meat,233.75,STORE-7WS,47,9403.18,True,False,False,False,True,True,False,True,False,False,True
row_03285,PRD-OEM1VZ,20.617,0.0774,DAIRY,198.31,STORE-AGY,45,2006.19,False,True,False,False,True,False,False,True,False,False,True
row_03287,PRD-1UFH01,12.850875916323977,0.1425,Snack Foods,50.43,STORE-T5G,47,51.37,False,False,False,False,False,False,True,True,False,False,False
row_03289,PRD-9S9WWR,16.954,0.0797,fruits and vegetables,104.93,STORE-DKU,30,1590.66,False,True,False,True,False,True,False,True,True,False,False
row_03291,PRD-X7Z97Z,9.196,0.0969,Household,56.82,STORE-9RG,28,876.55,False,True,False,True,False,False,True,False,False,False,False
row_03293,PRD-HXTPDP,9.855,0.1751,Soft Drinks,239.29,STORE-YLW,35,728.59,False,True,False,False,False,False,True,False,False,False,True
row_03294,PRD-J4EFFF,8.133,0.0434,DAIRY,89.54,STORE-DKU,30,1149.48,False,True,False,True,False,True,False,False,False,False,False
row_03296,PRD-Q3QA3S,20.958,0.0317,dairy,260.07,STORE-OYG,25,2026.52,False,True,False,True,False,True,False,True,False,False,True
row_03297,PRD-2H3TZR,9.75,0.094,soft drinks,170.34,STORE-OYG,25,499.69,False,True,False,True,False,True,False,False,False,True,False
row_03298,PRD-P2S2O8,10.792,0.025,Fruits and Vegetables,57.7,STORE-OYG,25,467.85,False,True,False,True,False,True,False,False,False,False,False
row_03299,PRD-NVTANM,7.013,0.0627,FRUITS AND VEGETABLES,130.39,STORE-HL7,23,2872.08,False,False,True,False,True,True,False,True,True,False,False
row_03300,PRD-QIRRQA,12.850875916323977,0.1509,Dairy,189.0,STORE-T5G,47,577.4,False,False,False,False,False,False,True,False,False,False,True
row_03301,PRD-SUSDFO,12.850875916323977,0.0,Baking Goods,165.83,STORE-7WS,47,5220.33,True,False,False,False,True,True,False,True,False,True,False
row_03302,PRD-1IQXZX,15.944,0.0759,frozen foods,41.34,STORE-JOR,34,80.84,False,False,False,False,True,True,False,False,False,False,False
row_03303,PRD-Y8VYIF,18.676,0.0405,canned,255.77,STORE-9RG,28,5415.19,False,True,False,True,False,False,True,False,False,False,True
row_03304,PRD-OSI366,12.78,0.0831,Fruits and Vegetables,112.4,STORE-AGY,45,1573.1,False,True,False,False,True,False,False,False,True,False,False
row_03307,PRD-51LIY8,11.273,0.037,Dairy,57.58,STORE-DKU,30,632.76,False,True,False,True,False,True,False,False,False,False,False
row_03308,PRD-9L4UWN,11.167,0.1335,Snack Foods,224.39,STORE-HL7,23,2704.6,False,False,True,False,True,True,False,False,False,False,True
row_03309,PRD-ZDVAG1,21.061,0.1453,HOUSEHOLD,38.68,STORE-YLW,35,191.95,False,True,False,False,False,False,True,False,False,False,False
row_03310,PRD-TF6NJ8,12.850875916323977,0.095,FRUITS AND VEGETABLES,77.36,STORE-7WS,47,1511.13,True,False,False,False,True,True,False,False,False,False,False
row_03311,PRD-O15RRZ,12.850875916323977,0.1774,frozen foods,39.45,STORE-T5G,47,38.37,False,False,False,False,False,False,True,False,False,False,False
row_03312,PRD-WWQC38,12.388,0.0666,Soft Drinks,105.79,STORE-9RG,28,890.78,False,True,False,True,False,False,True,False,True,False,False
row_03313,PRD-BGLSH8,20.804,0.0328,household,38.35,STORE-OYG,25,309.1,False,True,False,True,False,True,False,False,False,False,False
row_03314,PRD-11CMKR,12.112,0.0345,CANNED,180.86,STORE-YLW,35,4415.01,False,True,False,False,False,False,True,False,False,True,False
row_03315,PRD-5I78U5,7.147,0.014,FRUITS AND VEGETABLES,238.06,STORE-AGY,45,933.41,False,True,False,False,True,False,False,True,False,False,True
row_03316,PRD-I4MJMA,12.850875916323977,0.0555,HOUSEHOLD,261.59,STORE-T5G,47,250.6,False,False,False,False,False,False,True,False,False,False,True
row_03317,PRD-C0AR0O,5.175,0.0287,SNACK FOODS,109.05,STORE-DKU,30,1619.15,False,True,False,True,False,True,False,True,True,False,False
row_03318,PRD-GD8AFP,18.67,0.0459,Dairy,39.33,STORE-DKU,30,669.29,False,True,False,True,False,True,False,False,False,False,False
row_03319,PRD-BZNC9Q,6.843,0.1436,MEAT,186.04,STORE-HL7,23,4201.32,False,False,True,False,True,True,False,True,False,False,True
row_03321,PRD-8A5PN4,12.850875916323977,0.0757,FRUITS AND VEGETABLES,259.27,STORE-7WS,47,7065.59,True,False,False,False,True,True,False,True,False,False,True
row_03322,PRD-P2S2O8,10.771,0.0245,FRUITS AND VEGETABLES,58.72,STORE-DKU,30,1201.66,False,True,False,True,False,True,False,False,False,False,False
row_03323,PRD-ZJZCZV,12.850875916323977,0.0399,Snack Foods,102.11,STORE-7WS,47,1794.49,True,False,False,False,True,True,False,False,True,False,False
row_03325,PRD-ZTFIIA,15.927,0.0255,Fruits and Vegetables,169.55,STORE-DKU,30,2791.6,False,True,False,True,False,True,False,False,False,True,False
row_03326,PRD-82BCVD,20.692,0.0,fruits and vegetables,132.16,STORE-OYG,25,3465.43,False,True,False,True,False,True,False,True,True,False,False
row_03328,PRD-5K9MLE,12.093,0.1582,Household,121.11,STORE-DKU,30,2177.07,False,True,False,True,False,True,False,False,True,False,False
row_03330,PRD-T4BXVH,8.974,0.0214,fruits and vegetables,106.46,STORE-DKU,30,1037.42,False,True,False,True,False,True,False,False,True,False,False
row_03331,PRD-SKCTQD,12.850875916323977,0.0796,Breads,96.32,STORE-7WS,47,3448.53,True,False,False,False,True,True,False,False,True,False,False
row_03332,PRD-1N0XXZ,11.022,0.0109,Canned,84.75,STORE-89Z,33,1554.18,False,True,False,False,False,True,False,False,False,False,False
row_03333,PRD-IVLU4E,16.417,0.0136,Others,105.47,STORE-89Z,33,1113.71,False,True,False,False,False,True,False,False,True,False,False
row_03334,PRD-R9QIKQ,12.850875916323977,0.0659,baking goods,91.46,STORE-7WS,47,2114.69,True,False,False,False,True,True,False,False,False,False,False
row_03335,PRD-JVZA65,12.850875916323977,0.035,Snack Foods,151.22,STORE-T5G,47,607.12,False,False,False,False,False,False,True,False,False,True,False
row_03336,PRD-DYYVDQ,19.092,0.145,Canned,154.17,STORE-JOR,34,159.95,False,False,False,False,True,True,False,True,False,True,False
row_03337,PRD-MHJ45L,17.554,0.0149,Frozen Foods,72.97,STORE-YLW,35,1007.37,False,True,False,False,False,False,True,False,False,False,False
row_03339,PRD-NVTANM,12.850875916323977,0.0618,Fruits and Vegetables,133.17,STORE-89Z,33,3569.47,False,True,False,False,False,True,False,True,True,False,False
row_03340,PRD-G3QWQF,21.293,0.0762,Baking Goods,101.86,STORE-9RG,28,867.98,False,True,False,True,False,False,True,True,True,False,False
row_03341,PRD-MH7GX8,19.533,0.1739,Dairy,54.35,STORE-JOR,34,169.37,False,False,False,False,True,True,False,False,False,False,False
row_03342,PRD-CTXCWN,12.850875916323977,0.0355,soft drinks,157.26,STORE-T5G,47,297.3,False,False,False,False,False,False,True,False,False,True,False
row_03343,PRD-V0PRKG,7.838,0.0676,SOFT DRINKS,241.55,STORE-DKU,30,6811.73,False,True,False,True,False,True,False,False,False,False,True
row_03345,PRD-7U00JT,8.145,0.0207,Seafood,107.81,STORE-DKU,30,2136.52,False,True,False,True,False,True,False,False,True,False,False
row_03346,PRD-4GPYWS,14.387,0.0512,Fruits and Vegetables,220.18,STORE-JOR,34,848.34,False,False,False,False,True,True,False,False,False,False,True
row_03347,PRD-NE9NNO,9.434,0.009,Fruits and Vegetables,117.87,STORE-AGY,45,2107.5,False,True,False,False,True,False,False,False,True,False,False
row_03348,PRD-T2DADY,17.543,0.0213,Others,82.64,STORE-OYG,25,1188.16,False,True,False,True,False,True,False,False,False,False,False
row_03349,PRD-Y0IY1L,12.850875916323977,0.0537,snack foods,187.23,STORE-T5G,47,184.77,False,False,False,False,False,False,True,False,False,False,True
row_03352,PRD-XQFXKD,13.967,0.0914,canned,144.13,STORE-DKU,30,1742.07,False,True,False,True,False,True,False,False,False,True,False
row_03353,PRD-0L0JBS,9.069,0.015,Canned,101.45,STORE-JOR,34,100.47,False,False,False,False,True,True,False,True,True,False,False
row_03355,PRD-T4BXVH,12.850875916323977,0.0378,fruits and vegetables,109.86,STORE-T5G,47,338.17,False,False,False,False,False,False,True,False,True,False,False
row_03356,PRD-SKCTQD,6.448,0.0,Breads,100.08,STORE-YLW,35,2398.18,False,True,False,False,False,False,True,False,True,False,False
row_03357,PRD-5N8I4P,12.094,0.1327,Dairy,97.49,STORE-AGY,45,821.6,False,True,False,False,True,False,False,False,True,False,False
row_03358,PRD-P8BYW4,12.850875916323977,0.0234,Meat,229.04,STORE-7WS,47,7134.86,True,False,False,False,True,True,False,True,False,False,True
row_03359,PRD-I85FVO,20.48,0.1101,household,62.62,STORE-JOR,34,128.1,False,False,False,False,True,True,False,False,False,False,False
row_03360,PRD-SDX9DA,13.332,0.0,meat,36.26,STORE-OYG,25,787.86,False,True,False,True,False,True,False,True,False,False,False
row_03361,PRD-XMVMZH,14.284,0.048,Meat,215.16,STORE-89Z,33,6173.0,False,True,False,False,False,True,False,True,False,False,True
row_03363,PRD-7MFP05,14.492,0.0341,Soft Drinks,41.44,STORE-AGY,45,819.23,False,True,False,False,True,False,False,False,False,False,False
row_03364,PRD-TE0XFZ,12.850875916323977,0.2546,frozen foods,217.88,STORE-T5G,47,635.96,False,False,False,False,False,False,True,True,False,False,True
row_03365,PRD-RWWK6P,12.850875916323977,0.0137,BAKING GOODS,95.75,STORE-7WS,47,2067.69,True,False,False,False,True,True,False,False,True,False,False
row_03366,PRD-D7OODG,18.811,0.0482,Fruits and Vegetables,78.42,STORE-AGY,45,2305.07,False,True,False,False,True,False,False,True,False,False,False
row_03367,PRD-V1VXVU,12.850875916323977,0.0895,HEALTH AND HYGIENE,102.07,STORE-7WS,47,1487.09,True,False,False,False,True,True,False,False,True,False,False
row_03368,PRD-E42X6G,11.69,0.0647,dairy,87.32,STORE-AGY,45,1513.82,False,True,False,False,True,False,False,True,False,False,False
row_03369,PRD-8QLHBI,9.537,0.1004,snack foods,229.39,STORE-AGY,45,1407.8,False,True,False,False,True,False,False,False,False,False,True
row_03370,PRD-ZGIUDT,15.554,0.0964,Health and Hygiene,119.64,STORE-9RG,28,2534.98,False,True,False,True,False,False,True,False,True,False,False
row_03371,PRD-3H7I5X,15.519,0.0996,Fruits and Vegetables,139.69,STORE-9RG,28,1730.4,False,True,False,True,False,False,True,True,True,False,False
row_03372,PRD-TXA99J,11.836,0.0093,Snack Foods,218.19,STORE-OYG,25,5284.58,False,True,False,True,False,True,False,True,False,False,True
row_03375,PRD-KYKE9F,13.314,0.0384,Snack Foods,240.26,STORE-AGY,45,2803.42,False,True,False,False,True,False,False,False,False,False,True
row_03376,PRD-Q4MPR9,12.850875916323977,0.0506,SNACK FOODS,157.06,STORE-T5G,47,329.45,False,False,False,False,False,False,True,False,False,True,False
row_03377,PRD-6KBJ2C,16.18,0.0893,Dairy,144.62,STORE-AGY,45,1991.46,False,True,False,False,True,False,False,False,False,True,False
row_03378,PRD-OQTR1Y,7.148,0.1622,Snack Foods,203.07,STORE-JOR,34,197.18,False,False,False,False,True,True,False,False,False,False,True
row_03379,PRD-C71O4Y,11.4,0.1779,FRUITS AND VEGETABLES,126.32,STORE-DKU,30,1239.45,False,True,False,True,False,True,False,False,True,False,False
row_03381,PRD-D4K7YJ,17.242,0.0,STARCHY FOODS,179.88,STORE-9RG,28,6898.82,False,True,False,True,False,False,True,True,False,True,False
row_03383,PRD-W9XHRO,18.707,0.0055,Starchy Foods,219.88,STORE-OYG,25,5089.25,False,True,False,True,False,True,False,True,False,False,True
row_03384,PRD-5BFZ63,19.258,0.1398,CANNED,167.17,STORE-HL7,23,1525.69,False,False,True,False,True,True,False,False,False,True,False
row_03385,PRD-KYKIRT,8.026,0.1265,fruits and vegetables,214.07,STORE-OYG,25,6145.4,False,True,False,True,False,True,False,False,False,False,True
row_03387,PRD-DTYGUJ,12.456,0.0816,Household,176.45,STORE-YLW,35,3414.7,False,True,False,False,False,False,True,False,False,True,False
row_03389,PRD-W3QN3T,12.850875916323977,0.0416,Snack Foods,142.65,STORE-7WS,47,4284.58,True,False,False,False,True,True,False,False,False,True,False
row_03390,PRD-NSQDTZ,17.134,0.0498,SNACK FOODS,115.12,STORE-HL7,23,2806.27,False,False,True,False,True,True,False,False,True,False,False
row_03391,PRD-5R5L6R,6.526,0.1474,Frozen Foods,40.42,STORE-JOR,34,40.4,False,False,False,False,True,True,False,False,False,False,False
row_03392,PRD-QJTAA7,6.966,0.1604,breads,34.15,STORE-9RG,28,845.91,False,True,False,True,False,False,True,True,False,False,False
row_03393,PRD-RWWK6P,8.105,0.0136,Baking Goods,95.46,STORE-YLW,35,2238.28,False,True,False,False,False,False,True,False,True,False,False
row_03395,PRD-2PCM3G,12.850875916323977,0.0659,fruits and vegetables,115.27,STORE-T5G,47,109.41,False,False,False,False,False,False,True,False,True,False,False
row_03396,PRD-LBIPQF,18.066,0.0446,Fruits and Vegetables,126.07,STORE-YLW,35,3023.8,False,True,False,False,False,False,True,True,True,False,False
row_03397,PRD-I4MJMA,8.146,0.0324,household,263.97,STORE-AGY,45,5584.4,False,True,False,False,True,False,False,False,False,False,True
row_03398,PRD-FGQJFY,7.945,0.1617,Baking Goods,37.6,STORE-89Z,33,760.64,False,True,False,False,False,True,False,True,False,False,False
row_03400,PRD-IV473J,19.253,0.0184,frozen foods,181.25,STORE-89Z,33,2697.23,False,True,False,False,False,True,False,True,False,True,False
row_03401,PRD-9ROJVZ,8.198,0.0852,frozen foods,57.86,STORE-OYG,25,174.41,False,True,False,True,False,True,False,True,False,False,False
row_03403,PRD-ZE84LM,7.055,0.023,frozen foods,95.51,STORE-YLW,35,1271.65,False,True,False,False,False,False,True,False,True,False,False
row_03404,PRD-43Z5TX,12.850875916323977,0.0247,Fruits and Vegetables,157.21,STORE-7WS,47,4463.72,True,False,False,False,True,True,False,False,False,True,False
row_03405,PRD-Y4II63,17.159,0.1236,Household,121.37,STORE-YLW,35,3906.07,False,True,False,False,False,False,True,False,True,False,False
row_03406,PRD-Z3PM7V,12.850875916323977,0.0956,MEAT,181.75,STORE-7WS,47,4459.88,True,False,False,False,True,True,False,True,False,True,False
row_03407,PRD-JMV47T,6.352,0.0159,MEAT,148.75,STORE-JOR,34,438.92,False,False,False,False,True,True,False,True,False,True,False
row_03409,PRD-X6M52Y,7.907,0.0203,CANNED,88.56,STORE-YLW,35,1524.51,False,True,False,False,False,False,True,True,False,False,False
row_03410,PRD-JZETKP,7.736,0.0147,Baking Goods,83.62,STORE-YLW,35,407.25,False,True,False,False,False,False,True,False,False,False,False
row_03411,PRD-PSQUZU,18.329,0.0544,SNACK FOODS,195.42,STORE-HL7,23,2107.71,False,False,True,False,True,True,False,False,False,False,True
row_03412,PRD-THLXJ6,12.796,0.1192,SNACK FOODS,44.32,STORE-DKU,30,717.46,False,True,False,True,False,True,False,False,False,False,False
row_03413,PRD-ZDVAG1,20.48,0.141,Household,37.05,STORE-DKU,30,478.06,False,True,False,True,False,True,False,False,False,False,False
row_03414,PRD-30DM7X,12.850875916323977,0.192,soft drinks,42.65,STORE-T5G,47,44.42,False,False,False,False,False,False,True,True,False,False,False
row_03415,PRD-8449K6,17.562,0.074,fruits and vegetables,204.97,STORE-HL7,23,4129.3,False,False,True,False,True,True,False,True,False,False,True
row_03416,PRD-WOC36V,15.448,0.0635,others,188.31,STORE-YLW,35,3465.54,False,True,False,False,False,False,True,False,False,False,True
row_03417,PRD-9U47YU,11.057,0.0055,Fruits and Vegetables,168.35,STORE-YLW,35,5099.34,False,True,False,False,False,False,True,True,False,True,False
row_03418,PRD-GS8W0Q,12.850875916323977,0.0494,fruits and vegetables,238.79,STORE-7WS,47,3694.0,True,False,False,False,True,True,False,False,False,False,True
row_03419,PRD-SR6GI0,10.902,0.0359,Fruits and Vegetables,130.15,STORE-HL7,23,1342.2,False,False,True,False,True,True,False,False,True,False,False
row_03420,PRD-PUWBWJ,12.850875916323977,0.0761,Dairy,253.61,STORE-7WS,47,7977.03,True,False,False,False,True,True,False,True,False,False,True
row_03421,PRD-ATSN1U,12.850875916323977,0.0421,SOFT DRINKS,81.68,STORE-T5G,47,161.5,False,False,False,False,False,False,True,False,False,False,False
row_03422,PRD-64DI7N,20.576,0.0573,frozen foods,154.1,STORE-89Z,33,718.05,False,True,False,False,False,True,False,True,False,True,False
row_03423,PRD-WJIQXP,12.850875916323977,0.0741,Frozen Foods,190.07,STORE-7WS,47,8527.57,True,False,False,False,True,True,False,True,False,False,True
row_03424,PRD-U3P1ZC,16.995,0.132,Breads,89.52,STORE-AGY,45,1542.57,False,True,False,False,True,False,False,False,False,False,False
row_03425,PRD-EPMKVT,20.009,0.0792,Health and Hygiene,61.21,STORE-HL7,23,975.84,False,False,True,False,True,True,False,False,False,False,False
row_03426,PRD-PX52L4,6.926,0.1357,Breakfast,93.06,STORE-HL7,23,175.13,False,False,True,False,True,True,False,True,False,False,False
row_03427,PRD-Y7CQKD,14.197,0.0654,Fruits and Vegetables,74.04,STORE-OYG,25,1586.78,False,True,False,True,False,True,False,True,False,False,False
row_03428,PRD-YWIQC5,12.850875916323977,0.0295,fruits and vegetables,47.71,STORE-9RG,28,1207.81,False,True,False,True,False,False,True,True,False,False,False
row_03429,PRD-CHPZ5T,12.850875916323977,0.0316,health and hygiene,211.25,STORE-T5G,47,1497.04,False,False,False,False,False,False,True,False,False,False,True
row_03430,PRD-WTXI27,13.163,0.0742,Dairy,74.81,STORE-OYG,25,1869.67,False,True,False,True,False,True,False,False,False,False,False
row_03433,PRD-LRTVWA,7.675,0.053,dairy,196.64,STORE-9RG,28,5533.21,False,True,False,True,False,False,True,False,False,False,True
row_03434,PRD-QLQCG1,12.850875916323977,0.0434,soft drinks,108.01,STORE-T5G,47,204.85,False,False,False,False,False,False,True,False,True,False,False
row_03435,PRD-WOLYTS,12.286,0.041,Fruits and Vegetables,122.26,STORE-89Z,33,4231.3,False,True,False,False,False,True,False,True,True,False,False
row_03436,PRD-C8MXAU,9.381,0.0471,Frozen Foods,54.31,STORE-89Z,33,1422.88,False,True,False,False,False,True,False,True,False,False,False
row_03437,PRD-WM8LSW,15.802,0.0731,baking goods,253.02,STORE-HL7,23,4178.91,False,False,True,False,True,True,False,False,False,False,True
row_03438,PRD-X497W1,10.345,0.0469,Hard Drinks,160.26,STORE-DKU,30,4287.29,False,True,False,True,False,True,False,False,False,True,False
row_03439,PRD-TE0XFZ,7.349,0.0,Frozen Foods,206.31,STORE-DKU,30,6465.73,False,True,False,True,False,True,False,True,False,False,True
row_03441,PRD-VP8OWT,20.815,0.0292,Household,145.9,STORE-9RG,28,2424.46,False,True,False,True,False,False,True,False,False,True,False
row_03442,PRD-PWKCZV,12.850875916323977,0.017,FRUITS AND VEGETABLES,236.22,STORE-7WS,47,5074.49,True,False,False,False,True,True,False,False,False,False,True
row_03443,PRD-V3OJ57,8.79,0.0386,FROZEN FOODS,54.21,STORE-OYG,25,549.15,False,True,False,True,False,True,False,False,False,False,False
row_03445,PRD-CBFCQN,13.661,0.0217,Baking Goods,119.53,STORE-HL7,23,1784.96,False,False,True,False,True,True,False,False,True,False,False
row_03446,PRD-S4SJ2V,5.263,0.1408,DAIRY,51.7,STORE-HL7,23,390.8,False,False,True,False,True,True,False,True,False,False,False
row_03447,PRD-KL6CEV,12.850875916323977,0.0872,Household,86.68,STORE-7WS,47,2075.83,True,False,False,False,True,True,False,False,False,False,False
row_03449,PRD-UZS9IM,17.479,0.0419,soft drinks,168.03,STORE-9RG,28,1662.03,False,True,False,True,False,False,True,False,False,True,False
row_03450,PRD-679O2X,20.937,0.0499,Snack Foods,189.22,STORE-AGY,45,1534.0,False,True,False,False,True,False,False,False,False,False,True
row_03451,PRD-B9OF3M,16.492,0.0777,fruits and vegetables,249.65,STORE-89Z,33,6594.7,False,True,False,False,False,True,False,False,False,False,True
row_03452,PRD-FZX6AP,12.976,0.0362,SNACK FOODS,89.93,STORE-YLW,35,1485.53,False,True,False,False,False,False,True,True,False,False,False
row_03453,PRD-R9OUDO,5.654,0.0432,Soft Drinks,87.06,STORE-DKU,30,1997.78,False,True,False,True,False,True,False,False,False,False,False
row_03455,PRD-OE45D1,10.174,0.0264,Canned,267.54,STORE-YLW,35,3754.83,False,True,False,False,False,False,True,False,False,False,True
row_03456,PRD-IPH6H7,6.129,0.0421,FRUITS AND VEGETABLES,151.24,STORE-9RG,28,2312.24,False,True,False,True,False,False,True,False,False,True,False
row_03457,PRD-AQNCDZ,13.594,0.0,Canned,209.53,STORE-OYG,25,7556.65,False,True,False,True,False,True,False,True,False,False,True
row_03460,PRD-90XDR7,12.487,0.0204,Breads,195.92,STORE-9RG,28,4198.09,False,True,False,True,False,False,True,False,False,False,True
row_03461,PRD-QLQCG1,8.535,0.0239,soft drinks,107.83,STORE-YLW,35,963.33,False,True,False,False,False,False,True,False,True,False,False
row_03462,PRD-HLJ2XL,19.054,0.0371,MEAT,59.17,STORE-HL7,23,801.26,False,False,True,False,True,True,False,False,False,False,False
row_03463,PRD-TGVS38,15.586,0.0985,DAIRY,62.47,STORE-DKU,30,730.42,False,True,False,True,False,True,False,True,False,False,False
row_03465,PRD-YUG5GN,12.052,0.1187,FRUITS AND VEGETABLES,47.95,STORE-DKU,30,579.49,False,True,False,True,False,True,False,False,False,False,False
row_03466,PRD-OWOT0V,11.99,0.0444,Canned,128.99,STORE-89Z,33,1874.24,False,True,False,False,False,True,False,True,True,False,False
row_03467,PRD-CHPZ5T,18.696,0.0186,HEALTH AND HYGIENE,218.19,STORE-HL7,23,2189.33,False,False,True,False,True,True,False,False,False,False,True
row_03468,PRD-RJX4XT,16.925,0.0267,Canned,143.62,STORE-AGY,45,2067.1,False,True,False,False,True,False,False,True,False,True,False
row_03469,PRD-1XRZN0,15.363,0.0217,canned,214.18,STORE-YLW,35,1801.88,False,True,False,False,False,False,True,False,False,False,True
row_03470,PRD-0T2RJM,7.787,0.0322,canned,115.3,STORE-89Z,33,1775.68,False,True,False,False,False,True,False,False,True,False,False
row_03471,PRD-ZVRERW,12.850875916323977,0.0625,dairy,92.4,STORE-T5G,47,358.44,False,False,False,False,False,False,True,False,False,False,False
row_03472,PRD-DKYAYQ,18.061,0.0333,Dairy,154.82,STORE-HL7,23,1979.32,False,False,True,False,True,True,False,False,False,True,False
row_03473,PRD-BZNC9Q,6.856,0.1417,Meat,182.69,STORE-89Z,33,4203.83,False,True,False,False,False,True,False,True,False,True,False
row_03474,PRD-6SCK8E,11.21,0.0456,Household,182.25,STORE-DKU,30,5140.65,False,True,False,True,False,True,False,False,False,True,False
row_03476,PRD-4AWTY0,9.271,0.0812,Hard Drinks,183.66,STORE-89Z,33,6040.83,False,True,False,False,False,True,False,False,False,True,False
row_03477,PRD-7VMGGA,12.850875916323977,0.0,Health and Hygiene,102.6,STORE-7WS,47,3616.65,True,False,False,False,True,True,False,False,True,False,False
row_03478,PRD-VN11V8,11.289,0.0586,Fruits and Vegetables,150.63,STORE-9RG,28,3125.03,False,True,False,True,False,False,True,False,False,True,False
row_03479,PRD-BUQGEV,17.77,0.0114,Snack Foods,217.82,STORE-DKU,30,2551.88,False,True,False,True,False,True,False,False,False,False,True
row_03480,PRD-0YLTZ9,12.850875916323977,0.0,Dairy,74.01,STORE-T5G,47,156.14,False,False,False,False,False,False,True,False,False,False,False
row_03481,PRD-082UAZ,12.850875916323977,0.0268,HOUSEHOLD,174.59,STORE-7WS,47,4073.98,True,False,False,False,True,True,False,False,False,True,False
row_03482,PRD-49M5ZM,12.343,0.1022,Fruits and Vegetables,113.5,STORE-YLW,35,938.04,False,True,False,False,False,False,True,False,True,False,False
row_03483,PRD-HLJ2XL,18.312,0.035,meat,56.73,STORE-DKU,30,1156.82,False,True,False,True,False,True,False,False,False,False,False
row_03484,PRD-AK5W77,8.552,0.0,Canned,232.47,STORE-9RG,28,5349.78,False,True,False,True,False,False,True,True,False,False,True
row_03486,PRD-PSQUZU,18.217,0.0513,Snack Foods,192.4,STORE-DKU,30,1385.28,False,True,False,True,False,True,False,False,False,False,True
row_03487,PRD-5GAS44,8.524,0.0265,soft drinks,155.86,STORE-9RG,28,3396.28,False,True,False,True,False,False,True,False,False,True,False
row_03488,PRD-UM4ULZ,13.222,0.0728,Fruits and Vegetables,60.64,STORE-HL7,23,939.71,False,False,True,False,True,True,False,True,False,False,False
row_03491,PRD-N6HW1H,12.211,0.0628,STARCHY FOODS,94.4,STORE-OYG,25,2215.04,False,True,False,True,False,True,False,True,True,False,False
row_03492,PRD-HCAZ89,13.369,0.0175,Snack Foods,83.64,STORE-OYG,25,659.06,False,True,False,True,False,True,False,True,False,False,False
row_03494,PRD-YTXH8P,5.343,0.079,MEAT,182.74,STORE-JOR,34,576.93,False,False,False,False,True,True,False,True,False,True,False
row_03496,PRD-KS265G,15.967,0.163,household,57.55,STORE-AGY,45,305.06,False,True,False,False,True,False,False,False,False,False,False
row_03497,PRD-UHZ6A8,9.181,0.0437,Hard Drinks,123.03,STORE-OYG,25,2868.12,False,True,False,True,False,True,False,False,True,False,False
row_03498,PRD-XWBVYG,10.07,0.0504,BREADS,35.7,STORE-HL7,23,228.98,False,False,True,False,True,True,False,False,False,False,False
row_03499,PRD-2NS5MH,20.747,0.1784,CANNED,185.67,STORE-89Z,33,1838.8,False,True,False,False,False,True,False,False,False,True,False
row_03500,PRD-1GN81E,13.61,0.1288,Snack Foods,268.1,STORE-AGY,45,3581.48,False,True,False,False,True,False,False,True,False,False,True
row_03501,PRD-EU4L5G,15.82,0.0965,Fruits and Vegetables,203.9,STORE-89Z,33,2712.08,False,True,False,False,False,True,False,True,False,False,True
row_03502,PRD-V3EOYY,15.56,0.1198,Breads,222.19,STORE-JOR,34,432.45,False,False,False,False,True,True,False,False,False,False,True
row_03503,PRD-Z3PM7V,20.415,0.0989,Meat,173.17,STORE-AGY,45,4452.21,False,True,False,False,True,False,False,True,False,True,False
row_03504,PRD-OF2TX0,7.602,0.1085,SNACK FOODS,109.47,STORE-HL7,23,2427.57,False,False,True,False,True,True,False,False,True,False,False
row_03505,PRD-7G23CP,8.804,0.0827,CANNED,79.55,STORE-DKU,30,1740.54,False,True,False,True,False,True,False,False,False,False,False
row_03506,PRD-JZ2N82,12.901,0.103,Household,47.25,STORE-HL7,23,559.38,False,False,True,False,True,True,False,False,False,False,False
row_03507,PRD-EMDJNI,15.88,0.0214,Household,43.47,STORE-YLW,35,445.55,False,True,False,False,False,False,True,False,False,False,False
row_03508,PRD-FNO6B9,12.850875916323977,0.1308,Soft Drinks,189.77,STORE-7WS,47,7366.46,True,False,False,False,True,True,False,True,False,False,True
row_03509,PRD-IFY7O0,13.104,0.0453,fruits and vegetables,176.6,STORE-YLW,35,2419.39,False,True,False,False,False,False,True,True,False,True,False
row_03510,PRD-UJA86V,19.544,0.1237,Canned,92.83,STORE-OYG,25,602.88,False,True,False,True,False,True,False,False,False,False,False
row_03512,PRD-C5BV1L,12.850875916323977,0.0221,household,105.51,STORE-7WS,47,2845.86,True,False,False,False,True,True,False,False,True,False,False
row_03513,PRD-VLUDBJ,5.736,0.0417,Snack Foods,176.86,STORE-AGY,45,712.18,False,True,False,False,True,False,False,True,False,True,False
row_03514,PRD-VP8OWT,21.512,0.0296,household,143.94,STORE-OYG,25,1377.57,False,True,False,True,False,True,False,False,False,True,False
row_03515,PRD-7MFP05,12.850875916323977,0.0342,Soft Drinks,40.28,STORE-7WS,47,1328.75,True,False,False,False,True,True,False,False,False,False,False
row_03516,PRD-CZ2O8N,15.145,0.0248,BAKING GOODS,85.79,STORE-OYG,25,1546.93,False,True,False,True,False,True,False,True,False,False,False
row_03518,PRD-18NL4I,12.850875916323977,0.0214,Fruits and Vegetables,122.85,STORE-7WS,47,3242.23,True,False,False,False,True,True,False,True,True,False,False
row_03519,PRD-ON4O79,15.93,0.0162,Household,100.56,STORE-HL7,23,1597.49,False,False,True,False,True,True,False,False,True,False,False
row_03521,PRD-EVYY91,12.850875916323977,0.0163,Health and Hygiene,110.92,STORE-7WS,47,2483.6,True,False,False,False,True,True,False,False,True,False,False
row_03523,PRD-FL1299,8.825,0.0,CANNED,85.88,STORE-HL7,23,1315.5,False,False,True,False,True,True,False,True,False,False,False
row_03524,PRD-YWIQC5,19.882,0.0273,Fruits and Vegetables,45.86,STORE-OYG,25,1134.25,False,True,False,True,False,True,False,True,False,False,False
row_03525,PRD-GVJICS,15.782,0.1736,Snack Foods,150.04,STORE-AGY,45,1861.25,False,True,False,False,True,False,False,True,False,True,False
row_03527,PRD-NF4EK6,18.594,0.0682,HOUSEHOLD,43.19,STORE-89Z,33,768.39,False,True,False,False,False,True,False,False,False,False,False
row_03528,PRD-J51IFI,12.332,0.0219,breads,160.81,STORE-9RG,28,3389.55,False,True,False,True,False,False,True,False,False,True,False
row_03530,PRD-U0J0N0,8.661,0.0259,frozen foods,213.56,STORE-HL7,23,4902.67,False,False,True,False,True,True,False,False,False,False,True
row_03531,PRD-ITAZVY,12.850875916323977,0.0623,Frozen Foods,46.55,STORE-7WS,47,1508.75,True,False,False,False,True,True,False,False,False,False,False
row_03533,PRD-WKDRX0,15.756,0.06,meat,46.77,STORE-89Z,33,980.67,False,True,False,False,False,True,False,True,False,False,False
row_03534,PRD-LBIPQF,12.850875916323977,0.0451,fruits and vegetables,120.95,STORE-7WS,47,2917.62,True,False,False,False,True,True,False,True,True,False,False
row_03535,PRD-QP5M3G,7.502,0.0253,Canned,89.4,STORE-JOR,34,187.59,False,False,False,False,True,True,False,False,False,False,False
row_03536,PRD-965050,12.850875916323977,0.1478,Frozen Foods,214.36,STORE-T5G,47,442.77,False,False,False,False,False,False,True,False,False,False,True
row_03538,PRD-AYNU0X,6.533,0.0339,Breads,212.87,STORE-9RG,28,4741.55,False,True,False,True,False,False,True,False,False,False,True
row_03541,PRD-S1R8NF,13.595,0.0249,SNACK FOODS,81.21,STORE-YLW,35,2151.6,False,True,False,False,False,False,True,True,False,False,False
row_03542,PRD-X36ZHB,10.096,0.0252,BAKING GOODS,175.78,STORE-AGY,45,2112.72,False,True,False,False,True,False,False,True,False,True,False
row_03543,PRD-U9W2MB,13.545,0.1677,fruits and vegetables,144.08,STORE-89Z,33,1540.49,False,True,False,False,False,True,False,True,False,True,False
row_03544,PRD-XMVMZH,14.247,0.0511,Meat,211.4,STORE-AGY,45,3126.69,False,True,False,False,True,False,False,True,False,False,True
row_03545,PRD-Y0PRZV,6.609,0.0764,Breads,147.35,STORE-DKU,30,2718.7,False,True,False,True,False,True,False,True,False,True,False
row_03546,PRD-KK5FI1,12.201,0.0725,Canned,87.17,STORE-YLW,35,1583.62,False,True,False,False,False,False,True,True,False,False,False
row_03548,PRD-9P452B,12.850875916323977,0.0759,Hard Drinks,227.49,STORE-7WS,47,4390.16,True,False,False,False,True,True,False,False,False,False,True
row_03549,PRD-UDT59W,16.876,0.0266,CANNED,95.09,STORE-89Z,33,486.2,False,True,False,False,False,True,False,True,True,False,False
row_03552,PRD-HR8X8C,13.331,0.1278,Starchy Foods,101.08,STORE-89Z,33,1842.35,False,True,False,False,False,True,False,True,True,False,False
row_03553,PRD-54IKMO,12.850875916323977,0.1503,FRUITS AND VEGETABLES,243.61,STORE-7WS,47,9564.04,True,False,False,False,True,True,False,True,False,False,True
row_03554,PRD-74AVMI,15.399,0.0921,Snack Foods,221.73,STORE-OYG,25,3941.11,False,True,False,True,False,True,False,False,False,False,True
row_03555,PRD-HYS3T2,12.850875916323977,0.0699,Snack Foods,122.32,STORE-7WS,47,4132.71,True,False,False,False,True,True,False,False,True,False,False
row_03556,PRD-7EFVUZ,15.019,0.0461,HEALTH AND HYGIENE,139.1,STORE-DKU,30,1622.23,False,True,False,True,False,True,False,False,True,False,False
row_03558,PRD-K3596H,6.835,0.043,Snack Foods,103.52,STORE-AGY,45,2304.4,False,True,False,False,True,False,False,True,True,False,False
row_03559,PRD-B9UOE3,21.243,0.1503,Snack Foods,174.04,STORE-HL7,23,2879.73,False,False,True,False,True,True,False,False,False,True,False
row_03563,PRD-1ZL2WT,13.649,0.0441,Fruits and Vegetables,158.83,STORE-DKU,30,1121.56,False,True,False,True,False,True,False,True,False,True,False
row_03564,PRD-GW4LDH,10.202,0.0882,HEALTH AND HYGIENE,143.15,STORE-OYG,25,1569.08,False,True,False,True,False,True,False,False,False,True,False
row_03565,PRD-9FUYAS,8.992,0.0799,FROZEN FOODS,107.91,STORE-HL7,23,1477.52,False,False,True,False,True,True,False,True,True,False,False
row_03568,PRD-7Y9HQQ,13.132,0.0308,STARCHY FOODS,252.48,STORE-OYG,25,3185.62,False,True,False,True,False,True,False,False,False,False,True
row_03569,PRD-ET6ZI7,17.569,0.1268,FRUITS AND VEGETABLES,111.88,STORE-89Z,33,1596.67,False,True,False,False,False,True,False,False,True,False,False
row_03570,PRD-8KYLHT,9.263,0.1766,SNACK FOODS,102.26,STORE-DKU,30,1802.95,False,True,False,True,False,True,False,False,True,False,False
row_03571,PRD-CPCMJT,19.502,0.0964,Household,256.82,STORE-HL7,23,5496.84,False,False,True,False,True,True,False,False,False,False,True
row_03573,PRD-18NL4I,19.12,0.0204,Fruits and Vegetables,121.83,STORE-AGY,45,1309.91,False,True,False,False,True,False,False,True,True,False,False
row_03574,PRD-X5SMJY,18.543,0.0337,HOUSEHOLD,217.04,STORE-AGY,45,4570.05,False,True,False,False,True,False,False,False,False,False,True
row_03575,PRD-CTXCWN,16.636,0.0192,Soft Drinks,158.56,STORE-9RG,28,2002.43,False,True,False,True,False,False,True,False,False,True,False
row_03576,PRD-K3596H,6.752,0.0414,Snack Foods,103.3,STORE-89Z,33,853.78,False,True,False,False,False,True,False,True,True,False,False
row_03577,PRD-RLM5MP,20.995,0.0582,breads,100.97,STORE-HL7,23,1820.22,False,False,True,False,True,True,False,True,True,False,False
row_03578,PRD-BPCIKI,15.011,0.0132,Frozen Foods,62.8,STORE-YLW,35,1045.56,False,True,False,False,False,False,True,False,False,False,False
row_03579,PRD-V3ISY0,11.715,0.0103,HEALTH AND HYGIENE,47.16,STORE-OYG,25,339.73,False,True,False,True,False,True,False,False,False,False,False
row_03580,PRD-C71O4Y,11.627,0.2763,fruits and vegetables,130.58,STORE-JOR,34,250.98,False,False,False,False,True,True,False,False,True,False,False
row_03581,PRD-I379U2,19.754,0.0349,SOFT DRINKS,56.09,STORE-AGY,45,808.37,False,True,False,False,True,False,False,False,False,False,False
row_03582,PRD-TKECTS,17.761,0.076,Snack Foods,207.31,STORE-89Z,33,3858.67,False,True,False,False,False,True,False,False,False,False,True
row_03585,PRD-CFZYY9,15.69,0.0925,Frozen Foods,217.38,STORE-AGY,45,1071.84,False,True,False,False,True,False,False,False,False,False,True
row_03586,PRD-MPP566,12.103,0.0793,Household,252.04,STORE-HL7,23,471.25,False,False,True,False,True,True,False,False,False,False,True
row_03587,PRD-UDT59W,17.298,0.0253,Canned,96.18,STORE-HL7,23,751.34,False,False,True,False,True,True,False,True,True,False,False
row_03588,PRD-D7OODG,19.674,0.0494,Fruits and Vegetables,77.86,STORE-OYG,25,979.44,False,True,False,True,False,True,False,True,False,False,False
row_03589,PRD-PXXK71,12.850875916323977,0.0717,health and hygiene,47.23,STORE-7WS,47,1967.0,True,False,False,False,True,True,False,False,False,False,False
row_03590,PRD-RY40KH,12.850875916323977,0.0519,FRUITS AND VEGETABLES,105.87,STORE-T5G,47,98.43,False,False,False,False,False,False,True,False,True,False,False
row_03591,PRD-DN0YBY,6.224,0.1144,soft drinks,156.3,STORE-DKU,30,2022.56,False,True,False,True,False,True,False,False,False,True,False
row_03592,PRD-P2F8UZ,12.271,0.0525,household,193.55,STORE-DKU,30,2675.77,False,True,False,True,False,True,False,False,False,False,True
row_03594,PRD-MPXPMF,12.850875916323977,0.0313,Health and Hygiene,237.72,STORE-7WS,47,5813.41,True,False,False,False,True,True,False,False,False,False,True
row_03595,PRD-3OERXC,16.181,0.1401,Household,99.61,STORE-9RG,28,2535.91,False,True,False,True,False,False,True,False,True,False,False
row_03596,PRD-OI1003,16.798,0.0285,HOUSEHOLD,171.93,STORE-AGY,45,1868.22,False,True,False,False,True,False,False,False,False,True,False
row_03597,PRD-2PCIGY,7.694,0.0918,Fruits and Vegetables,60.55,STORE-9RG,28,1492.03,False,True,False,True,False,False,True,False,False,False,False
row_03598,PRD-A46JZO,14.932,0.0118,HEALTH AND HYGIENE,49.95,STORE-DKU,30,702.77,False,True,False,True,False,True,False,False,False,False,False
row_03599,PRD-LRTVWA,7.622,0.0971,Dairy,191.84,STORE-JOR,34,201.34,False,False,False,False,True,True,False,False,False,False,True
row_03600,PRD-6EGA7N,12.850875916323977,0.1045,canned,183.25,STORE-7WS,47,3042.72,True,False,False,False,True,True,False,False,False,True,False
row_03601,PRD-AANYGU,12.691,0.0329,snack foods,173.26,STORE-89Z,33,1218.68,False,True,False,False,False,True,False,False,False,True,False
row_03602,PRD-HYF9SX,17.222,0.0243,Soft Drinks,37.9,STORE-AGY,45,638.2,False,True,False,False,True,False,False,True,False,False,False
row_03603,PRD-OEM1VZ,19.963,0.0801,DAIRY,200.76,STORE-DKU,30,2674.47,False,True,False,True,False,True,False,True,False,False,True
row_03605,PRD-8669BY,17.216,0.1402,FRUITS AND VEGETABLES,172.78,STORE-HL7,23,1187.65,False,False,True,False,True,True,False,False,False,True,False
row_03606,PRD-21BKSM,16.67,0.0342,HEALTH AND HYGIENE,187.13,STORE-89Z,33,3511.15,False,True,False,False,False,True,False,False,False,False,True
row_03607,PRD-ZDANTN,20.781,0.0223,Baking Goods,236.89,STORE-YLW,35,5762.41,False,True,False,False,False,False,True,True,False,False,True
row_03608,PRD-LCSXU1,12.850875916323977,0.1014,BAKING GOODS,173.8,STORE-T5G,47,347.62,False,False,False,False,False,False,True,True,False,True,False
row_03609,PRD-Q7U1KU,13.276,0.0209,Dairy,115.35,STORE-OYG,25,1151.42,False,True,False,True,False,True,False,False,True,False,False
row_03610,PRD-W80O9D,18.201,0.0,FROZEN FOODS,223.18,STORE-HL7,23,4984.22,False,False,True,False,True,True,False,False,False,False,True
row_03611,PRD-UHZ6A8,9.07,0.044,Hard Drinks,125.59,STORE-DKU,30,1612.03,False,True,False,True,False,True,False,False,True,False,False
row_03612,PRD-9RHIGZ,7.817,0.0597,Snack Foods,96.3,STORE-DKU,30,1353.01,False,True,False,True,False,True,False,False,True,False,False
row_03613,PRD-EI7XZU,13.372,0.0212,FRUITS AND VEGETABLES,182.36,STORE-OYG,25,1818.14,False,True,False,True,False,True,False,False,False,True,False
row_03614,PRD-TS5BJJ,6.222,0.0194,Household,262.94,STORE-YLW,35,535.81,False,True,False,False,False,False,True,False,False,False,True
row_03615,PRD-YX3CXX,12.853,0.0496,BREADS,60.7,STORE-AGY,45,1030.53,False,True,False,False,True,False,False,False,False,False,False
row_03616,PRD-W10HOA,6.52,0.0402,Snack Foods,92.64,STORE-9RG,28,1720.99,False,True,False,True,False,False,True,False,False,False,False
row_03617,PRD-YTXH8P,12.850875916323977,0.0864,meat,190.98,STORE-T5G,47,1523.62,False,False,False,False,False,False,True,True,False,False,True
row_03618,PRD-3NP4VY,12.315,0.0434,HEALTH AND HYGIENE,34.02,STORE-89Z,33,315.19,False,True,False,False,False,True,False,False,False,False,False
row_03619,PRD-OF2TX0,7.401,0.0987,snack foods,108.95,STORE-9RG,28,2636.05,False,True,False,True,False,False,True,False,True,False,False
row_03621,PRD-44P39J,11.116,0.0679,Frozen Foods,264.52,STORE-9RG,28,4978.64,False,True,False,True,False,False,True,True,False,False,True
row_03622,PRD-4GS0FH,12.850875916323977,0.0835,canned,138.95,STORE-T5G,47,272.38,False,False,False,False,False,False,True,True,True,False,False
row_03623,PRD-1MJQUE,16.31,0.0949,Baking Goods,92.43,STORE-89Z,33,747.68,False,True,False,False,False,True,False,True,False,False,False
row_03624,PRD-AG1OL7,15.566,0.0205,soft drinks,216.81,STORE-HL7,23,2498.97,False,False,True,False,True,True,False,False,False,False,True
row_03625,PRD-T0G7RI,13.671,0.0435,Snack Foods,56.06,STORE-AGY,45,1378.08,False,True,False,False,True,False,False,True,False,False,False
row_03626,PRD-AK2WNJ,12.850875916323977,0.0822,Baking Goods,181.28,STORE-7WS,47,6514.5,True,False,False,False,True,True,False,False,False,True,False
row_03627,PRD-TJ3D90,14.59,0.1572,STARCHY FOODS,103.05,STORE-9RG,28,1131.25,False,True,False,True,False,False,True,False,True,False,False
row_03628,PRD-USV9I5,18.712,0.0683,fruits and vegetables,243.24,STORE-YLW,35,2203.83,False,True,False,False,False,False,True,True,False,False,True
row_03629,PRD-HZXGUJ,7.869,0.017,dairy,50.15,STORE-89Z,33,845.75,False,True,False,False,False,True,False,False,False,False,False
row_03630,PRD-8YXU1P,12.850875916323977,0.046,Others,108.68,STORE-7WS,47,5048.02,True,False,False,False,True,True,False,False,True,False,False
row_03632,PRD-VP8OWT,20.914,0.0296,Household,145.9,STORE-YLW,35,866.78,False,True,False,False,False,False,True,False,False,True,False
row_03633,PRD-0TRD9L,15.143,0.0202,Frozen Foods,125.76,STORE-AGY,45,3505.48,False,True,False,False,True,False,False,True,True,False,False
row_03634,PRD-9KE7J2,12.850875916323977,0.1431,Breads,171.42,STORE-T5G,47,369.43,False,False,False,False,False,False,True,False,False,True,False
row_03635,PRD-F13TKM,20.248,0.0677,Household,75.56,STORE-DKU,30,391.4,False,True,False,True,False,True,False,False,False,False,False
row_03636,PRD-TKECTS,12.850875916323977,0.0773,Snack Foods,209.05,STORE-7WS,47,3307.23,True,False,False,False,True,True,False,False,False,False,True
row_03637,PRD-J3GHQ5,9.532,0.0438,fruits and vegetables,90.51,STORE-89Z,33,1159.12,False,True,False,False,False,True,False,False,False,False,False
row_03638,PRD-Q4NM8R,12.850875916323977,0.1465,frozen foods,60.96,STORE-7WS,47,1495.1,True,False,False,False,True,True,False,False,False,False,False
row_03639,PRD-QS3E3R,5.757,0.0962,breads,164.63,STORE-YLW,35,1829.72,False,True,False,False,False,False,True,False,False,True,False
row_03640,PRD-533CFS,21.612,0.0237,Household,148.54,STORE-HL7,23,1569.6,False,False,True,False,True,True,False,False,False,True,False
row_03641,PRD-D5KXKQ,19.895,0.0531,SEAFOOD,198.67,STORE-89Z,33,2004.11,False,True,False,False,False,True,False,False,False,False,True
row_03642,PRD-X28K8T,10.505,0.011,breads,42.99,STORE-HL7,23,175.86,False,False,True,False,True,True,False,False,False,False,False
row_03644,PRD-PF322F,9.03,0.0708,Breakfast,179.24,STORE-HL7,23,552.25,False,False,True,False,True,True,False,False,False,True,False
row_03645,PRD-WT8JJ4,13.657,0.0327,Others,41.41,STORE-DKU,30,319.88,False,True,False,True,False,True,False,False,False,False,False
row_03646,PRD-XUIY0X,14.046,0.0395,starchy foods,177.66,STORE-89Z,33,4348.69,False,True,False,False,False,True,False,False,False,True,False
row_03650,PRD-O7V0VU,5.116,0.0384,CANNED,86.67,STORE-YLW,35,868.56,False,True,False,False,False,False,True,False,False,False,False
row_03651,PRD-ANNREG,19.475,0.0359,Canned,139.57,STORE-DKU,30,1009.05,False,True,False,True,False,True,False,True,True,False,False
row_03652,PRD-JOYJNE,17.336,0.0674,Dairy,175.19,STORE-JOR,34,346.87,False,False,False,False,True,True,False,False,False,True,False
row_03653,PRD-TLHXCM,14.117,0.0348,canned,249.52,STORE-AGY,45,5342.18,False,True,False,False,True,False,False,False,False,False,True
row_03654,PRD-O0V3Z0,12.850875916323977,0.1001,canned,89.67,STORE-7WS,47,3198.63,True,False,False,False,True,True,False,True,False,False,False
row_03655,PRD-NMRS5Y,8.204,0.0302,BAKING GOODS,95.21,STORE-YLW,35,672.7,False,True,False,False,False,False,True,False,True,False,False
row_03656,PRD-EQUA7O,11.844,0.026,MEAT,102.15,STORE-AGY,45,2126.62,False,True,False,False,True,False,False,True,True,False,False
row_03657,PRD-MQEEB6,17.411,0.0722,canned,80.68,STORE-DKU,30,1672.95,False,True,False,True,False,True,False,False,False,False,False
row_03659,PRD-T93K2H,11.401,0.065,HOUSEHOLD,190.75,STORE-OYG,25,3453.01,False,True,False,True,False,True,False,False,False,False,True
row_03660,PRD-1RDEZX,13.14,0.0795,DAIRY,227.25,STORE-HL7,23,4394.86,False,False,True,False,True,True,False,False,False,False,True
row_03661,PRD-CPCMJT,19.266,0.0948,HOUSEHOLD,245.0,STORE-AGY,45,2880.34,False,True,False,False,True,False,False,False,False,False,True
row_03662,PRD-EVZUBR,17.098,0.0567,FROZEN FOODS,40.85,STORE-OYG,25,220.04,False,True,False,True,False,True,False,False,False,False,False
row_03663,PRD-PPPTFE,12.068,0.1747,Canned,115.13,STORE-HL7,23,1853.09,False,False,True,False,True,True,False,True,True,False,False
row_03665,PRD-Z8TUBC,20.223,0.0214,Household,73.67,STORE-DKU,30,160.53,False,True,False,True,False,True,False,False,False,False,False
row_03666,PRD-042LPI,19.81,0.0,Health and Hygiene,43.97,STORE-89Z,33,653.52,False,True,False,False,False,True,False,False,False,False,False
row_03667,PRD-DN0YBY,6.215,0.12,soft drinks,160.79,STORE-YLW,35,1327.51,False,True,False,False,False,False,True,False,False,True,False
row_03668,PRD-C2W953,17.245,0.0398,snack foods,98.64,STORE-AGY,45,1007.94,False,True,False,False,True,False,False,True,True,False,False
row_03669,PRD-5FVDDW,9.123,0.0324,Meat,150.18,STORE-YLW,35,2411.95,False,True,False,False,False,False,True,True,False,True,False
row_03670,PRD-V94X2H,14.343,0.0365,snack foods,248.38,STORE-9RG,28,6616.24,False,True,False,True,False,False,True,False,False,False,True
row_03671,PRD-K2W2CW,16.934,0.0,canned,118.48,STORE-YLW,35,2697.95,False,True,False,False,False,False,True,False,True,False,False
row_03672,PRD-1I4EOY,19.315,0.0649,Fruits and Vegetables,214.62,STORE-JOR,34,421.94,False,False,False,False,True,True,False,False,False,False,True
row_03674,PRD-ATSN1U,19.231,0.0254,Soft Drinks,82.28,STORE-HL7,23,246.83,False,False,True,False,True,True,False,False,False,False,False
row_03675,PRD-OS7E3D,9.689,0.0294,Household,42.63,STORE-AGY,45,608.56,False,True,False,False,True,False,False,False,False,False,False
row_03677,PRD-NDSUDE,7.586,0.0,fruits and vegetables,107.24,STORE-AGY,45,1641.22,False,True,False,False,True,False,False,True,True,False,False
row_03678,PRD-MVFBO1,9.954,0.0583,household,224.64,STORE-YLW,35,4624.75,False,True,False,False,False,False,True,False,False,False,True
row_03679,PRD-5FVDDW,12.850875916323977,0.0342,meat,154.73,STORE-7WS,47,3823.7,True,False,False,False,True,True,False,True,False,True,False
row_03681,PRD-ZEFKVO,5.074,0.0445,Meat,105.08,STORE-YLW,35,1573.81,False,True,False,False,False,False,True,True,True,False,False
row_03683,PRD-82BCVD,19.6,0.0614,Fruits and Vegetables,127.57,STORE-HL7,23,1430.93,False,False,True,False,True,True,False,True,True,False,False
row_03684,PRD-F1RCAV,8.944,0.084,HARD DRINKS,154.54,STORE-DKU,30,1311.27,False,True,False,True,False,True,False,False,False,True,False
row_03685,PRD-J4WCO5,14.565,0.0273,Baking Goods,220.37,STORE-AGY,45,3084.02,False,True,False,False,True,False,False,True,False,False,True
row_03686,PRD-DI6SOU,6.764,0.0477,canned,156.71,STORE-DKU,30,2078.98,False,True,False,True,False,True,False,True,False,True,False
row_03688,PRD-OFJA5N,5.25,0.0545,canned,199.09,STORE-HL7,23,2322.66,False,False,True,False,True,True,False,True,False,False,True
row_03689,PRD-BCDPQ9,13.997,0.1146,Dairy,239.41,STORE-OYG,25,6678.96,False,True,False,True,False,True,False,True,False,False,True
row_03690,PRD-Y2YYF8,8.336,0.0854,BAKING GOODS,149.35,STORE-YLW,35,2822.63,False,True,False,False,False,False,True,False,False,True,False
row_03691,PRD-DRIIPJ,12.333,0.0353,Snack Foods,115.48,STORE-89Z,33,1995.53,False,True,False,False,False,True,False,False,True,False,False
row_03692,PRD-MDLMQ0,15.727,0.0541,Health and Hygiene,147.99,STORE-9RG,28,1102.26,False,True,False,True,False,False,True,False,False,True,False
row_03693,PRD-C3DXMR,16.364,0.0353,SNACK FOODS,87.89,STORE-89Z,33,1040.9,False,True,False,False,False,True,False,False,False,False,False
row_03695,PRD-8VF3SM,17.567,0.029,Canned,89.06,STORE-HL7,23,2144.76,False,False,True,False,True,True,False,True,False,False,False
row_03696,PRD-DZ26FO,12.850875916323977,0.0171,Canned,176.12,STORE-7WS,47,5871.59,True,False,False,False,True,True,False,False,False,True,False
row_03697,PRD-32WT59,12.850875916323977,0.0777,Baking Goods,181.18,STORE-7WS,47,3301.86,True,False,False,False,True,True,False,False,False,True,False
row_03698,PRD-YP2KNW,12.850875916323977,0.0579,fruits and vegetables,159.09,STORE-7WS,47,3129.53,True,False,False,False,True,True,False,True,False,True,False
row_03699,PRD-9ESEQG,6.134,0.0,Meat,97.04,STORE-DKU,30,1589.27,False,True,False,True,False,True,False,True,True,False,False
row_03700,PRD-4DGYDF,9.619,0.0467,Frozen Foods,249.95,STORE-HL7,23,3564.96,False,False,True,False,True,True,False,True,False,False,True
row_03701,PRD-9STG4E,14.197,0.0147,CANNED,89.42,STORE-AGY,45,1538.44,False,True,False,False,True,False,False,True,False,False,False
row_03702,PRD-RGLY41,13.599,0.0567,Health and Hygiene,35.38,STORE-YLW,35,756.79,False,True,False,False,False,False,True,False,False,False,False
row_03703,PRD-21BKSM,17.088,0.0331,health and hygiene,196.48,STORE-YLW,35,4180.57,False,True,False,False,False,False,True,False,False,False,True
row_03704,PRD-8LMN4R,15.669,0.0,Soft Drinks,40.86,STORE-OYG,25,640.8,False,True,False,True,False,True,False,False,False,False,False
row_03705,PRD-S6KFRX,18.705,0.1713,Household,169.67,STORE-9RG,28,2560.94,False,True,False,True,False,False,True,False,False,True,False
row_03706,PRD-F6KJKV,12.494,0.0259,starchy foods,118.62,STORE-AGY,45,570.66,False,True,False,False,True,False,False,False,True,False,False
row_03707,PRD-BA4ILA,15.641,0.0,Fruits and Vegetables,114.11,STORE-AGY,45,1259.59,False,True,False,False,True,False,False,True,True,False,False
row_03709,PRD-SVH3EJ,6.281,0.0,meat,40.42,STORE-9RG,28,1168.5,False,True,False,True,False,False,True,False,False,False,False
row_03710,PRD-Q9AH8R,10.415,0.0552,Dairy,227.9,STORE-YLW,35,3608.45,False,True,False,False,False,False,True,False,False,False,True
row_03711,PRD-W3QN3T,15.953,0.0405,SNACK FOODS,140.59,STORE-DKU,30,1786.33,False,True,False,True,False,True,False,False,True,False,False
row_03712,PRD-WKI85L,13.472,0.0,Snack Foods,62.67,STORE-JOR,34,60.59,False,False,False,False,True,True,False,False,False,False,False
row_03713,PRD-LK2C0X,11.862,0.0159,FROZEN FOODS,217.92,STORE-HL7,23,2661.15,False,False,True,False,True,True,False,False,False,False,True
row_03716,PRD-6LCP22,21.11,0.0719,Canned,262.76,STORE-HL7,23,7016.22,False,False,True,False,True,True,False,False,False,False,True
row_03717,PRD-OEVB9O,6.172,0.0278,soft drinks,83.77,STORE-DKU,30,895.5,False,True,False,True,False,True,False,False,False,False,False
row_03721,PRD-P8192C,8.249,0.0673,Household,211.65,STORE-DKU,30,3023.12,False,True,False,True,False,True,False,False,False,False,True
row_03722,PRD-FL1299,8.935,0.0553,canned,87.08,STORE-OYG,25,1305.94,False,True,False,True,False,True,False,True,False,False,False
row_03724,PRD-MVFBO1,10.027,0.0597,household,234.34,STORE-9RG,28,3894.9,False,True,False,True,False,False,True,False,False,False,True
row_03725,PRD-N64XL2,20.524,0.1085,Dairy,90.44,STORE-AGY,45,2266.55,False,True,False,False,True,False,False,True,False,False,False
row_03726,PRD-1WW0WD,14.433,0.0826,Baking Goods,83.16,STORE-YLW,35,1774.62,False,True,False,False,False,False,True,False,False,False,False
row_03728,PRD-R08XCC,18.768,0.2826,Meat,49.15,STORE-JOR,34,46.46,False,False,False,False,True,True,False,True,False,False,False
row_03729,PRD-LYF3YR,6.467,0.0063,Household,160.72,STORE-YLW,35,1095.79,False,True,False,False,False,False,True,False,False,True,False
row_03730,PRD-M7PL99,20.523,0.0859,meat,182.69,STORE-89Z,33,4926.67,False,True,False,False,False,True,False,False,False,True,False
row_03731,PRD-K2W2CW,16.347,0.0812,canned,119.09,STORE-JOR,34,588.42,False,False,False,False,True,True,False,False,True,False,False
row_03733,PRD-U3BDL2,8.57,0.0574,Breads,131.6,STORE-HL7,23,1450.64,False,False,True,False,True,True,False,True,True,False,False
row_03735,PRD-36I5A7,12.850875916323977,0.0262,Fruits and Vegetables,163.39,STORE-YLW,35,2311.07,False,True,False,False,False,False,True,False,False,True,False
row_03737,PRD-M2OX8M,13.28,0.0236,Fruits and Vegetables,163.21,STORE-89Z,33,4637.0,False,True,False,False,False,True,False,False,False,True,False
row_03738,PRD-U0COJB,9.303,0.0,frozen foods,181.13,STORE-OYG,25,4178.77,False,True,False,True,False,True,False,False,False,True,False
row_03739,PRD-UI2QXL,9.332,0.0999,SNACK FOODS,105.07,STORE-YLW,35,1969.3,False,True,False,False,False,False,True,False,True,False,False
row_03740,PRD-L7R843,8.212,0.0705,Hard Drinks,253.95,STORE-HL7,23,3574.42,False,False,True,False,True,True,False,False,False,False,True
row_03741,PRD-UBXCU2,8.885,0.0193,Household,172.1,STORE-DKU,30,4336.97,False,True,False,True,False,True,False,False,False,True,False
row_03743,PRD-3SY670,12.850875916323977,0.131,Snack Foods,198.49,STORE-YLW,35,1762.38,False,True,False,False,False,False,True,True,False,False,True
row_03745,PRD-I4MJMA,8.023,0.0,Household,268.69,STORE-YLW,35,810.81,False,True,False,False,False,False,True,False,False,False,True
row_03746,PRD-WCAQ6Y,12.850875916323977,0.1046,Fruits and Vegetables,82.71,STORE-7WS,47,1355.26,True,False,False,False,True,True,False,True,False,False,False
row_03747,PRD-QKDZ1Q,16.096,0.0632,Fruits and Vegetables,226.76,STORE-HL7,23,1601.12,False,False,True,False,True,True,False,True,False,False,True
row_03748,PRD-P1PFDI,17.921,0.0,OTHERS,110.2,STORE-HL7,23,1251.19,False,False,True,False,True,True,False,False,True,False,False
row_03749,PRD-UT6HR4,13.862,0.0302,HEALTH AND HYGIENE,129.29,STORE-OYG,25,3715.27,False,True,False,True,False,True,False,False,True,False,False
row_03751,PRD-6852FC,12.850875916323977,0.016,hard drinks,185.31,STORE-7WS,47,3178.22,True,False,False,False,True,True,False,False,False,True,False
row_03752,PRD-V3EOYY,16.04,0.0682,Breads,218.56,STORE-OYG,25,4896.98,False,True,False,True,False,True,False,False,False,False,True
row_03753,PRD-299PG3,8.418,0.0406,Canned,189.02,STORE-HL7,23,2773.78,False,False,True,False,True,True,False,True,False,False,True
row_03754,PRD-ZSDP5Y,12.850875916323977,0.0276,Snack Foods,90.93,STORE-7WS,47,3648.59,True,False,False,False,True,True,False,False,False,False,False
row_03756,PRD-1N8MTZ,19.375,0.024,Dairy,49.21,STORE-YLW,35,232.55,False,True,False,False,False,False,True,False,False,False,False
row_03757,PRD-RACGN7,12.053,0.061,Health and Hygiene,81.21,STORE-DKU,30,2405.89,False,True,False,True,False,True,False,False,False,False,False
row_03758,PRD-6JKLOQ,10.966,0.1794,Baking Goods,163.23,STORE-YLW,35,2764.65,False,True,False,False,False,False,True,False,False,True,False
row_03760,PRD-DY1PP4,12.850875916323977,0.0,Household,114.15,STORE-7WS,47,1076.2,True,False,False,False,True,True,False,False,True,False,False
row_03761,PRD-21520R,12.850875916323977,0.0275,snack foods,86.96,STORE-7WS,47,2286.87,True,False,False,False,True,True,False,False,False,False,False
row_03762,PRD-OQTR1Y,7.032,0.0,Snack Foods,194.82,STORE-9RG,28,2332.91,False,True,False,True,False,False,True,False,False,False,True
row_03763,PRD-Q8SB7X,21.06,0.0198,breakfast,125.95,STORE-89Z,33,1986.79,False,True,False,False,False,True,False,True,True,False,False
row_03764,PRD-SBZRAD,6.583,0.0351,SNACK FOODS,149.97,STORE-OYG,25,2422.82,False,True,False,True,False,True,False,False,False,True,False
row_03765,PRD-SYOY6G,17.332,0.0224,Snack Foods,43.58,STORE-AGY,45,699.46,False,True,False,False,True,False,False,True,False,False,False
row_03766,PRD-S82I5U,8.635,0.1761,Household,178.52,STORE-89Z,33,2172.49,False,True,False,False,False,True,False,False,False,True,False
row_03767,PRD-ZDVAG1,20.454,0.1426,HOUSEHOLD,34.87,STORE-AGY,45,72.28,False,True,False,False,True,False,False,False,False,False,False
row_03769,PRD-EPZHPC,17.322,0.0875,soft drinks,264.92,STORE-HL7,23,3887.78,False,False,True,False,True,True,False,False,False,False,True
row_03770,PRD-BPT359,4.822,0.1367,Baking Goods,51.35,STORE-89Z,33,2026.27,False,True,False,False,False,True,False,True,False,False,False
row_03771,PRD-JN3LYX,14.078,0.1235,DAIRY,124.4,STORE-AGY,45,2719.65,False,True,False,False,True,False,False,False,True,False,False
row_03772,PRD-WOC36V,15.792,0.1154,Others,179.37,STORE-JOR,34,352.03,False,False,False,False,True,True,False,False,False,True,False
row_03774,PRD-TT69UA,7.59,0.051,Canned,121.03,STORE-89Z,33,1533.57,False,True,False,False,False,True,False,False,True,False,False
row_03776,PRD-2G9O9Y,6.454,0.0934,canned,252.71,STORE-HL7,23,4445.42,False,False,True,False,True,True,False,True,False,False,True
row_03777,PRD-AFT69N,11.734,0.0143,Frozen Foods,182.54,STORE-YLW,35,1465.37,False,True,False,False,False,False,True,True,False,True,False
row_03778,PRD-TUF93A,11.19,0.1099,Fruits and Vegetables,188.17,STORE-89Z,33,5177.35,False,True,False,False,False,True,False,False,False,False,True
row_03780,PRD-EPMKVT,12.850875916323977,0.0762,Health and Hygiene,60.59,STORE-7WS,47,923.2,True,False,False,False,True,True,False,False,False,False,False
row_03781,PRD-8CLUBN,17.521,0.0427,snack foods,35.98,STORE-YLW,35,650.05,False,True,False,False,False,False,True,True,False,False,False
row_03782,PRD-OA9XM0,15.569,0.0181,MEAT,45.03,STORE-AGY,45,1039.48,False,True,False,False,True,False,False,True,False,False,False
row_03784,PRD-IGJGK2,17.242,0.1201,Meat,106.32,STORE-OYG,25,1513.73,False,True,False,True,False,True,False,True,True,False,False
row_03785,PRD-EN0T5G,12.850875916323977,0.1823,Health and Hygiene,254.95,STORE-T5G,47,1044.18,False,False,False,False,False,False,True,False,False,False,True
row_03786,PRD-2SLHIM,20.732,0.01,meat,186.02,STORE-9RG,28,3163.41,False,True,False,True,False,False,True,False,False,False,True
row_03788,PRD-S1AWP0,15.371,0.1971,FROZEN FOODS,78.96,STORE-JOR,34,151.66,False,False,False,False,True,True,False,False,False,False,False
row_03790,PRD-RHA96G,4.959,0.047,baking goods,197.95,STORE-HL7,23,4549.37,False,False,True,False,True,True,False,False,False,False,True
row_03791,PRD-5N8I4P,11.587,0.1303,DAIRY,95.61,STORE-9RG,28,1180.78,False,True,False,True,False,False,True,False,True,False,False
row_03792,PRD-MHZN3M,18.009,0.0173,meat,139.16,STORE-HL7,23,2446.3,False,False,True,False,True,True,False,False,True,False,False
row_03793,PRD-24SCOS,5.942,0.0035,hard drinks,153.18,STORE-AGY,45,1691.62,False,True,False,False,True,False,False,False,False,True,False
row_03794,PRD-95CTT5,7.883,0.074,Fruits and Vegetables,188.62,STORE-YLW,35,5651.26,False,True,False,False,False,False,True,False,False,False,True
row_03795,PRD-QL2E5M,17.108,0.0621,Dairy,172.21,STORE-DKU,30,2871.39,False,True,False,True,False,True,False,False,False,True,False
row_03796,PRD-F1RCAV,8.863,0.0884,Hard Drinks,155.57,STORE-89Z,33,1241.89,False,True,False,False,False,True,False,False,False,True,False
row_03797,PRD-B9OF3M,17.104,0.0832,FRUITS AND VEGETABLES,252.65,STORE-HL7,23,1557.71,False,False,True,False,True,True,False,False,False,False,True
row_03798,PRD-BHKJ25,20.631,0.1141,BAKING GOODS,105.19,STORE-9RG,28,991.02,False,True,False,True,False,False,True,False,True,False,False
row_03799,PRD-TBZO2W,13.633,0.1071,FROZEN FOODS,145.69,STORE-9RG,28,3138.35,False,True,False,True,False,False,True,True,False,True,False
row_03800,PRD-6HL8IZ,5.941,0.0401,FRUITS AND VEGETABLES,259.25,STORE-OYG,25,3766.26,False,True,False,True,False,True,False,True,False,False,True
row_03801,PRD-U0J0N0,9.035,0.044,Frozen Foods,211.38,STORE-JOR,34,1055.51,False,False,False,False,True,True,False,False,False,False,True
row_03802,PRD-VM8F3I,16.222,0.2019,Fruits and Vegetables,57.35,STORE-JOR,34,404.36,False,False,False,False,True,True,False,True,False,False,False
row_03803,PRD-59JSU0,14.815,0.0921,Meat,133.77,STORE-OYG,25,3048.26,False,True,False,True,False,True,False,True,True,False,False
row_03805,PRD-EFRJYJ,5.288,0.1431,Seafood,171.17,STORE-OYG,25,834.45,False,True,False,True,False,True,False,True,False,True,False
row_03806,PRD-3D9PH3,19.389,0.1326,hard drinks,154.72,STORE-DKU,30,3397.79,False,True,False,True,False,True,False,False,False,True,False
row_03807,PRD-031L36,6.824,0.1367,BAKING GOODS,95.6,STORE-YLW,35,1025.68,False,True,False,False,False,False,True,True,True,False,False
row_03808,PRD-22JUF0,12.850875916323977,0.0945,HOUSEHOLD,153.92,STORE-T5G,47,317.86,False,False,False,False,False,False,True,False,False,True,False
row_03809,PRD-BLMMDP,16.286,0.0074,SNACK FOODS,40.6,STORE-YLW,35,802.37,False,True,False,False,False,False,True,True,False,False,False
row_03810,PRD-F6ZM5U,12.850875916323977,0.04,Snack Foods,144.76,STORE-7WS,47,1666.59,True,False,False,False,True,True,False,False,False,True,False
row_03812,PRD-TQ9DZG,8.438,0.0294,FRUITS AND VEGETABLES,39.89,STORE-9RG,28,1018.63,False,True,False,True,False,False,True,False,False,False,False
row_03813,PRD-0U2BL3,15.57,0.1001,Snack Foods,148.95,STORE-YLW,35,2444.35,False,True,False,False,False,False,True,False,False,True,False
row_03814,PRD-RZXHM8,10.858,0.0909,SNACK FOODS,158.03,STORE-OYG,25,1996.95,False,True,False,True,False,True,False,True,False,True,False
row_03815,PRD-15BYVZ,12.850875916323977,0.0,Hard Drinks,191.32,STORE-7WS,47,3262.8,True,False,False,False,True,True,False,False,False,False,True
row_03816,PRD-CP4E30,12.850875916323977,0.0401,Dairy,181.12,STORE-T5G,47,682.85,False,False,False,False,False,False,True,False,False,True,False
row_03817,PRD-TVFDG0,5.947,0.0294,Breads,191.93,STORE-9RG,28,3641.81,False,True,False,True,False,False,True,True,False,False,True
row_03818,PRD-B2HWYW,12.850875916323977,0.0247,household,47.44,STORE-7WS,47,1684.71,True,False,False,False,True,True,False,False,False,False,False
row_03819,PRD-O90S1M,12.850875916323977,0.1367,Breads,233.57,STORE-T5G,47,449.65,False,False,False,False,False,False,True,True,False,False,True
row_03820,PRD-UMPYO0,12.850875916323977,0.0414,baking goods,93.29,STORE-7WS,47,1683.83,True,False,False,False,True,True,False,False,True,False,False
row_03821,PRD-N5SYDV,5.343,0.0112,Household,259.88,STORE-OYG,25,4385.85,False,True,False,True,False,True,False,False,False,False,True
row_03822,PRD-J5B4CP,10.814,0.1084,BREADS,127.82,STORE-DKU,30,2226.49,False,True,False,True,False,True,False,False,True,False,False
row_03823,PRD-L5PBHR,12.850875916323977,0.0371,Breads,86.28,STORE-T5G,47,165.74,False,False,False,False,False,False,True,False,False,False,False
row_03825,PRD-PR2ESP,14.351,0.0216,hard drinks,144.92,STORE-AGY,45,3338.1,False,True,False,False,True,False,False,False,False,True,False
row_03826,PRD-JD2GVF,9.109,0.0492,Baking Goods,194.5,STORE-JOR,34,197.59,False,False,False,False,True,True,False,False,False,False,True
row_03827,PRD-VM43VV,9.635,0.1113,HEALTH AND HYGIENE,160.89,STORE-DKU,30,1741.27,False,True,False,True,False,True,False,False,False,True,False
row_03828,PRD-LJKPHC,18.235,0.0897,Fruits and Vegetables,86.48,STORE-9RG,28,1599.88,False,True,False,True,False,False,True,True,False,False,False
row_03830,PRD-VXSN74,17.762,0.054,Snack Foods,144.21,STORE-9RG,28,2120.01,False,True,False,True,False,False,True,False,False,True,False
row_03832,PRD-6I2KOE,12.850875916323977,0.0412,Snack Foods,162.85,STORE-7WS,47,2716.89,True,False,False,False,True,True,False,False,False,True,False
row_03833,PRD-SCSFW2,12.850875916323977,0.2259,frozen foods,233.28,STORE-T5G,47,454.36,False,False,False,False,False,False,True,True,False,False,True
row_03835,PRD-3SQ3DG,18.573,0.0644,SNACK FOODS,131.47,STORE-YLW,35,1904.58,False,True,False,False,False,False,True,False,True,False,False
row_03837,PRD-TZXI9C,17.947,0.1085,snack foods,162.49,STORE-YLW,35,2440.92,False,True,False,False,False,False,True,False,False,True,False
row_03838,PRD-JVFJWT,19.31,0.1049,Fruits and Vegetables,228.99,STORE-OYG,25,5090.43,False,True,False,True,False,True,False,True,False,False,True
row_03840,PRD-LF7XE7,12.850875916323977,0.1713,fruits and vegetables,113.06,STORE-7WS,47,5137.99,True,False,False,False,True,True,False,False,True,False,False
row_03841,PRD-0V6RAS,11.582,0.0478,FRUITS AND VEGETABLES,162.28,STORE-DKU,30,2981.9,False,True,False,True,False,True,False,True,False,True,False
row_03842,PRD-KV05SZ,18.342,0.0883,Hard Drinks,128.0,STORE-89Z,33,3339.62,False,True,False,False,False,True,False,False,True,False,False
row_03843,PRD-Q90SJM,20.751,0.0834,frozen foods,183.34,STORE-89Z,33,3579.93,False,True,False,False,False,True,False,True,False,True,False
row_03844,PRD-KSF4HT,11.467,0.0344,SEAFOOD,112.41,STORE-OYG,25,466.75,False,True,False,True,False,True,False,False,True,False,False
row_03845,PRD-2I4RKK,8.211,0.1148,Health and Hygiene,67.3,STORE-AGY,45,951.65,False,True,False,False,True,False,False,False,False,False,False
row_03846,PRD-KK5FI1,12.546,0.1185,canned,85.71,STORE-JOR,34,89.7,False,False,False,False,True,True,False,True,False,False,False
row_03848,PRD-M82I1L,9.597,0.167,Soft Drinks,221.87,STORE-DKU,30,8017.36,False,True,False,True,False,True,False,False,False,False,True
row_03850,PRD-4W2O6O,6.988,0.0,Household,162.61,STORE-DKU,30,3446.67,False,True,False,True,False,True,False,False,False,True,False
row_03851,PRD-RD47WO,15.333,0.1048,SNACK FOODS,169.35,STORE-YLW,35,3447.14,False,True,False,False,False,False,True,True,False,True,False
row_03852,PRD-YUZ87C,15.525,0.0275,BAKING GOODS,153.3,STORE-9RG,28,3045.47,False,True,False,True,False,False,True,False,False,True,False
row_03853,PRD-AQA355,17.073,0.0,frozen foods,40.97,STORE-HL7,23,624.11,False,False,True,False,True,True,False,False,False,False,False
row_03855,PRD-EWB9HJ,12.850875916323977,0.0,HEALTH AND HYGIENE,180.21,STORE-7WS,47,6940.39,True,False,False,False,True,True,False,False,False,True,False
row_03856,PRD-3I603D,17.006,0.0267,Frozen Foods,254.03,STORE-9RG,28,4243.85,False,True,False,True,False,False,True,False,False,False,True
row_03857,PRD-TRMI8Q,13.322,0.0,Others,191.9,STORE-YLW,35,1557.96,False,True,False,False,False,False,True,False,False,False,True
row_03860,PRD-C5BDFU,12.850875916323977,0.0311,dairy,178.8,STORE-7WS,47,1615.29,True,False,False,False,True,True,False,False,False,True,False
row_03861,PRD-322N64,17.311,0.0936,DAIRY,91.03,STORE-9RG,28,366.19,False,True,False,True,False,False,True,False,False,False,False
row_03862,PRD-EWQGAD,5.372,0.0314,canned,192.22,STORE-DKU,30,3608.48,False,True,False,True,False,True,False,True,False,False,True
row_03863,PRD-HEZ5ED,16.413,0.1425,HARD DRINKS,172.98,STORE-HL7,23,2285.19,False,False,True,False,True,True,False,False,False,True,False
row_03864,PRD-6D4HQC,12.850875916323977,0.0812,snack foods,112.53,STORE-7WS,47,2075.02,True,False,False,False,True,True,False,False,True,False,False
row_03865,PRD-I379U2,19.537,0.0344,Soft Drinks,55.47,STORE-DKU,30,1419.98,False,True,False,True,False,True,False,False,False,False,False
row_03868,PRD-CVE6PR,15.367,0.0701,soft drinks,89.18,STORE-89Z,33,2556.34,False,True,False,False,False,True,False,False,False,False,False
row_03869,PRD-BUK3XF,20.857,0.0224,fruits and vegetables,101.5,STORE-HL7,23,1158.26,False,False,True,False,True,True,False,False,True,False,False
row_03870,PRD-N2D7GY,12.850875916323977,0.0516,Others,185.59,STORE-T5G,47,171.31,False,False,False,False,False,False,True,False,False,True,False
row_03872,PRD-JB3VCF,13.441,0.0215,SNACK FOODS,57.34,STORE-JOR,34,119.19,False,False,False,False,True,True,False,True,False,False,False
row_03873,PRD-34LIE3,15.477,0.1366,Canned,94.52,STORE-HL7,23,1040.0,False,False,True,False,True,True,False,False,True,False,False
row_03874,PRD-7VMGGA,11.821,0.0387,HEALTH AND HYGIENE,96.68,STORE-YLW,35,1445.98,False,True,False,False,False,False,True,False,True,False,False
row_03875,PRD-4TJITP,8.165,0.0372,FRUITS AND VEGETABLES,115.92,STORE-89Z,33,693.15,False,True,False,False,False,True,False,False,True,False,False
row_03877,PRD-1EYY37,14.622,0.0488,Soft Drinks,65.61,STORE-HL7,23,548.41,False,False,True,False,True,True,False,False,False,False,False
row_03878,PRD-ZN1N5R,12.426,0.0326,Meat,202.29,STORE-YLW,35,5242.57,False,True,False,False,False,False,True,True,False,False,True
row_03879,PRD-E7QYO7,9.942,0.0448,Fruits and Vegetables,117.11,STORE-HL7,23,1594.19,False,False,True,False,True,True,False,True,True,False,False
row_03880,PRD-9LB7L5,18.639,0.1714,dairy,156.62,STORE-OYG,25,2689.23,False,True,False,True,False,True,False,True,False,True,False
row_03881,PRD-DK2043,12.850875916323977,0.0155,Dairy,196.88,STORE-7WS,47,5423.91,True,False,False,False,True,True,False,True,False,False,True
row_03882,PRD-DZQ5YW,17.009,0.0464,Snack Foods,96.43,STORE-HL7,23,1320.04,False,False,True,False,True,True,False,True,True,False,False
row_03883,PRD-FP4E8T,8.689,0.0,FRUITS AND VEGETABLES,121.15,STORE-AGY,45,1516.46,False,True,False,False,True,False,False,False,True,False,False
row_03884,PRD-WTQX65,20.657,0.0948,starchy foods,223.73,STORE-AGY,45,3389.07,False,True,False,False,True,False,False,False,False,False,True
row_03885,PRD-KS265G,15.595,0.1544,Household,57.91,STORE-DKU,30,646.66,False,True,False,True,False,True,False,False,False,False,False
row_03886,PRD-U0COJB,9.328,0.0647,Frozen Foods,188.76,STORE-DKU,30,1580.99,False,True,False,True,False,True,False,False,False,False,True
row_03887,PRD-BE4HW4,12.131,0.076,Baking Goods,123.25,STORE-OYG,25,1549.51,False,True,False,True,False,True,False,False,True,False,False
row_03889,PRD-2YVL55,20.215,0.0536,FRUITS AND VEGETABLES,195.71,STORE-AGY,45,1132.38,False,True,False,False,True,False,False,True,False,False,True
row_03890,PRD-U1YBPE,10.595,0.0,Household,239.44,STORE-JOR,34,731.86,False,False,False,False,True,True,False,False,False,False,True
row_03892,PRD-PUWBWJ,12.504,0.0768,Dairy,249.63,STORE-HL7,23,5028.81,False,False,True,False,True,True,False,True,False,False,True
row_03893,PRD-Y7S361,15.838,0.0632,starchy foods,223.63,STORE-9RG,28,6133.13,False,True,False,True,False,False,True,False,False,False,True
row_03894,PRD-WJGHF5,19.357,0.1588,CANNED,248.73,STORE-HL7,23,2699.01,False,False,True,False,True,True,False,True,False,False,True
row_03895,PRD-KGPPR8,19.054,0.0646,baking goods,170.45,STORE-YLW,35,3297.27,False,True,False,False,False,False,True,True,False,True,False
row_03896,PRD-1DSTWG,7.542,0.1455,Fruits and Vegetables,237.73,STORE-HL7,23,6332.12,False,False,True,False,True,True,False,False,False,False,True
row_03897,PRD-DYYVDQ,19.511,0.0892,Canned,158.57,STORE-DKU,30,3530.24,False,True,False,True,False,True,False,True,False,True,False
row_03898,PRD-CLVEHR,16.366,0.0,Frozen Foods,34.64,STORE-OYG,25,340.76,False,True,False,True,False,True,False,True,False,False,False
row_03899,PRD-9HXEG6,7.051,0.0466,Household,59.51,STORE-AGY,45,600.09,False,True,False,False,True,False,False,False,False,False,False
row_03900,PRD-SBYDKN,6.229,0.0102,Meat,63.87,STORE-DKU,30,789.06,False,True,False,True,False,True,False,False,False,False,False
row_03901,PRD-2RFKBT,8.422,0.0542,HOUSEHOLD,140.44,STORE-OYG,25,1911.51,False,True,False,True,False,True,False,False,True,False,False
row_03902,PRD-BF343R,20.23,0.0509,FROZEN FOODS,124.35,STORE-OYG,25,3337.13,False,True,False,True,False,True,False,True,True,False,False
row_03904,PRD-EMDJNI,15.788,0.0204,Household,42.56,STORE-HL7,23,256.19,False,False,True,False,True,True,False,False,False,False,False
row_03905,PRD-4HX6BQ,12.850875916323977,0.0246,canned,112.24,STORE-7WS,47,1962.7,True,False,False,False,True,True,False,False,True,False,False
row_03906,PRD-1NG2QG,12.850875916323977,0.1494,Frozen Foods,155.15,STORE-7WS,47,2841.41,True,False,False,False,True,True,False,True,False,True,False
row_03907,PRD-V14WZZ,18.206,0.0299,health and hygiene,191.76,STORE-89Z,33,2805.68,False,True,False,False,False,True,False,False,False,False,True
row_03908,PRD-VQ553K,14.766,0.0,FRUITS AND VEGETABLES,166.04,STORE-9RG,28,1973.4,False,True,False,True,False,False,True,True,False,True,False
row_03909,PRD-6O3NRD,11.161,0.0073,meat,191.72,STORE-AGY,45,5370.16,False,True,False,False,True,False,False,False,False,False,True
row_03910,PRD-6IUUKZ,12.850875916323977,0.0,Frozen Foods,145.29,STORE-T5G,47,443.28,False,False,False,False,False,False,True,True,False,True,False
row_03911,PRD-DZQ5YW,17.501,0.0,SNACK FOODS,96.22,STORE-AGY,45,2729.77,False,True,False,False,True,False,False,True,True,False,False
row_03912,PRD-OZ9XFZ,15.866,0.1041,frozen foods,88.14,STORE-9RG,28,1087.5,False,True,False,True,False,False,True,True,False,False,False
row_03913,PRD-IQ9LVF,12.850875916323977,0.0854,baking goods,48.51,STORE-89Z,33,235.39,False,True,False,False,False,True,False,True,False,False,False
row_03914,PRD-X5SMJY,18.854,0.033,HOUSEHOLD,217.7,STORE-89Z,33,4307.78,False,True,False,False,False,True,False,False,False,False,True
row_03915,PRD-6KBJ2C,12.850875916323977,0.1562,Dairy,146.93,STORE-T5G,47,147.71,False,False,False,False,False,False,True,False,False,True,False
row_03916,PRD-7MBAPO,10.229,0.0526,fruits and vegetables,229.7,STORE-YLW,35,4663.86,False,True,False,False,False,False,True,True,False,False,True
row_03918,PRD-TBZO2W,14.023,0.102,Frozen Foods,142.53,STORE-YLW,35,5045.87,False,True,False,False,False,False,True,True,False,True,False
row_03919,PRD-32CDXS,20.279,0.0197,FRUITS AND VEGETABLES,215.87,STORE-9RG,28,5298.77,False,True,False,True,False,False,True,True,False,False,True
row_03921,PRD-CXN22P,16.038,0.0846,DAIRY,95.75,STORE-AGY,45,841.67,False,True,False,False,True,False,False,False,True,False,False
row_03922,PRD-639BCP,20.607,0.0626,BAKING GOODS,84.68,STORE-HL7,23,1560.78,False,False,True,False,True,True,False,True,False,False,False
row_03923,PRD-6MLGK8,19.683,0.0,Fruits and Vegetables,181.54,STORE-HL7,23,4010.36,False,False,True,False,True,True,False,True,False,True,False
row_03924,PRD-O84W6T,15.54,0.0377,Snack Foods,123.34,STORE-HL7,23,2734.27,False,False,True,False,True,True,False,False,True,False,False
row_03927,PRD-GZCPKR,12.850875916323977,0.0147,household,55.95,STORE-7WS,47,2479.23,True,False,False,False,True,True,False,False,False,False,False
row_03928,PRD-P9K4YE,8.027,0.0,Frozen Foods,123.27,STORE-HL7,23,508.43,False,False,True,False,True,True,False,False,True,False,False
row_03929,PRD-9STG4E,14.113,0.0142,canned,86.05,STORE-HL7,23,2426.04,False,False,True,False,True,True,False,True,False,False,False
row_03930,PRD-JDP69D,18.488,0.1688,HOUSEHOLD,196.53,STORE-OYG,25,2868.72,False,True,False,True,False,True,False,False,False,False,True
row_03932,PRD-8A170X,18.068,0.0377,FROZEN FOODS,242.71,STORE-YLW,35,2829.57,False,True,False,False,False,False,True,False,False,False,True
row_03936,PRD-WDSS7E,19.44,0.0426,Frozen Foods,47.55,STORE-89Z,33,1183.07,False,True,False,False,False,True,False,True,False,False,False
row_03937,PRD-41CMGC,7.337,0.0413,FRUITS AND VEGETABLES,226.63,STORE-HL7,23,3739.96,False,False,True,False,True,True,False,False,False,False,True
row_03939,PRD-99VH0W,7.807,0.0522,FRUITS AND VEGETABLES,79.87,STORE-OYG,25,812.14,False,True,False,True,False,True,False,False,False,False,False
row_03941,PRD-32CDXS,12.850875916323977,0.0191,fruits and vegetables,222.26,STORE-7WS,47,6816.36,True,False,False,False,True,True,False,True,False,False,True
row_03943,PRD-LUSMF0,12.850875916323977,0.0806,Meat,215.44,STORE-7WS,47,6412.63,True,False,False,False,True,True,False,False,False,False,True
row_03944,PRD-9SEY62,17.581,0.0236,Fruits and Vegetables,96.66,STORE-89Z,33,945.81,False,True,False,False,False,True,False,False,True,False,False
row_03947,PRD-XWBVYG,10.084,0.0493,Breads,33.2,STORE-YLW,35,871.31,False,True,False,False,False,False,True,False,False,False,False
row_03948,PRD-FGGUXT,5.562,0.0546,SNACK FOODS,63.06,STORE-YLW,35,1688.04,False,True,False,False,False,False,True,True,False,False,False
row_03950,PRD-GZCPKR,19.141,0.0143,household,57.19,STORE-HL7,23,1333.59,False,False,True,False,True,True,False,False,False,False,False
row_03951,PRD-DXQ6WH,12.850875916323977,0.0,Health and Hygiene,37.54,STORE-7WS,47,1041.96,True,False,False,False,True,True,False,False,False,False,False
row_03952,PRD-43Z5TX,6.136,0.0245,Fruits and Vegetables,165.29,STORE-9RG,28,2790.9,False,True,False,True,False,False,True,False,False,True,False
row_03953,PRD-1FT8J9,12.338,0.2373,health and hygiene,230.49,STORE-JOR,34,219.1,False,False,False,False,True,True,False,False,False,False,True
row_03954,PRD-0W78AQ,8.233,0.0444,Fruits and Vegetables,49.19,STORE-89Z,33,665.65,False,True,False,False,False,True,False,False,False,False,False
row_03955,PRD-MNUTT1,8.514,0.0,canned,144.64,STORE-AGY,45,3481.65,False,True,False,False,True,False,False,False,False,True,False
row_03956,PRD-AV3JCJ,17.424,0.1274,Breakfast,40.64,STORE-9RG,28,695.32,False,True,False,True,False,False,True,True,False,False,False
row_03957,PRD-Q8LYYX,11.652,0.0755,frozen foods,170.24,STORE-9RG,28,1822.7,False,True,False,True,False,False,True,True,False,True,False
row_03958,PRD-PLE5H3,10.443,0.0276,Fruits and Vegetables,98.07,STORE-HL7,23,670.88,False,False,True,False,True,True,False,False,True,False,False
row_03959,PRD-FZ61II,10.07,0.1449,frozen foods,140.27,STORE-DKU,30,1759.83,False,True,False,True,False,True,False,True,True,False,False
row_03961,PRD-NF4EK6,12.850875916323977,0.0687,Household,39.71,STORE-7WS,47,731.19,True,False,False,False,True,True,False,False,False,False,False
row_03963,PRD-58L9K5,12.850875916323977,0.0595,Starchy Foods,168.81,STORE-7WS,47,5516.66,True,False,False,False,True,True,False,False,False,True,False
row_03964,PRD-APC4XY,7.122,0.0402,BAKING GOODS,63.59,STORE-89Z,33,907.41,False,True,False,False,False,True,False,True,False,False,False
row_03966,PRD-91ZPKY,17.128,0.1223,FROZEN FOODS,243.43,STORE-9RG,28,5809.31,False,True,False,True,False,False,True,False,False,False,True
row_03967,PRD-NF4EK6,18.88,0.0641,Household,40.72,STORE-AGY,45,684.51,False,True,False,False,True,False,False,False,False,False,False
row_03968,PRD-JEIR9U,9.835,0.066,Snack Foods,228.33,STORE-HL7,23,1150.97,False,False,True,False,True,True,False,False,False,False,True
row_03969,PRD-VQPG4P,10.699,0.0504,Others,163.1,STORE-89Z,33,3805.19,False,True,False,False,False,True,False,False,False,True,False
row_03970,PRD-6RNJLK,20.188,0.0,Baking Goods,43.63,STORE-HL7,23,399.4,False,False,True,False,True,True,False,False,False,False,False
row_03971,PRD-XLTA8I,12.951,0.058,soft drinks,142.06,STORE-DKU,30,420.68,False,True,False,True,False,True,False,False,True,False,False
row_03973,PRD-MVV44C,11.323,0.07,meat,240.89,STORE-YLW,35,4897.53,False,True,False,False,False,False,True,True,False,False,True
row_03974,PRD-GJ1QQ8,20.587,0.0794,baking goods,119.91,STORE-89Z,33,1326.68,False,True,False,False,False,True,False,False,True,False,False
row_03975,PRD-QT4HS0,20.13,0.0078,Snack Foods,106.39,STORE-AGY,45,1632.24,False,True,False,False,True,False,False,False,True,False,False
row_03976,PRD-CUZREN,13.76,0.0567,dairy,238.71,STORE-OYG,25,1937.45,False,True,False,True,False,True,False,False,False,False,True
row_03977,PRD-DKYAYQ,18.808,0.0,DAIRY,153.93,STORE-AGY,45,305.51,False,True,False,False,True,False,False,False,False,True,False
row_03978,PRD-ULF5VL,5.871,0.0737,Snack Foods,261.01,STORE-DKU,30,1801.14,False,True,False,True,False,True,False,True,False,False,True
row_03979,PRD-SUDBCI,13.371,0.045,Snack Foods,187.81,STORE-YLW,35,1875.23,False,True,False,False,False,False,True,False,False,False,True
row_03980,PRD-YFXOBU,8.923,0.0715,fruits and vegetables,197.6,STORE-HL7,23,2722.99,False,False,True,False,True,True,False,True,False,False,True
row_03981,PRD-VN8NN8,9.451,0.0791,Meat,104.45,STORE-89Z,33,3965.31,False,True,False,False,False,True,False,True,True,False,False
row_03983,PRD-965050,12.850875916323977,0.0776,frozen foods,220.56,STORE-7WS,47,5602.31,True,False,False,False,True,True,False,False,False,False,True
row_03984,PRD-FNO6B9,8.433,0.1253,SOFT DRINKS,182.32,STORE-89Z,33,1248.73,False,True,False,False,False,True,False,True,False,True,False
row_03985,PRD-9DBWQW,12.850875916323977,0.0428,Household,91.59,STORE-7WS,47,3406.39,True,False,False,False,True,True,False,False,False,False,False
row_03986,PRD-0YF9P7,12.850875916323977,0.0,Fruits and Vegetables,52.95,STORE-YLW,35,1315.36,False,True,False,False,False,False,True,False,False,False,False
row_03988,PRD-QYAHPY,20.968,0.0789,FRUITS AND VEGETABLES,93.88,STORE-HL7,23,372.94,False,False,True,False,True,True,False,False,True,False,False
row_03989,PRD-M2OX8M,12.850875916323977,0.0233,Fruits and Vegetables,163.01,STORE-7WS,47,4468.03,True,False,False,False,True,True,False,False,False,True,False
row_03990,PRD-PD4RXB,12.850875916323977,0.12,BAKING GOODS,60.93,STORE-7WS,47,1065.22,True,False,False,False,True,True,False,True,False,False,False
row_03993,PRD-BLQGBI,7.488,0.1222,HOUSEHOLD,156.44,STORE-JOR,34,305.98,False,False,False,False,True,True,False,False,False,True,False
row_03994,PRD-A46JZO,15.273,0.0,health and hygiene,47.48,STORE-89Z,33,422.49,False,True,False,False,False,True,False,False,False,False,False
row_03995,PRD-NSWIL6,12.850875916323977,0.0402,Meat,119.29,STORE-7WS,47,3730.68,True,False,False,False,True,True,False,False,True,False,False
row_03997,PRD-Q7WI57,10.298,0.0415,Fruits and Vegetables,37.85,STORE-YLW,35,556.77,False,True,False,False,False,False,True,False,False,False,False
row_03999,PRD-UZS9IM,17.105,0.0398,Soft Drinks,162.71,STORE-DKU,30,2299.14,False,True,False,True,False,True,False,False,False,True,False
row_04000,PRD-JVFJWT,12.850875916323977,0.1067,Fruits and Vegetables,230.73,STORE-7WS,47,4597.01,True,False,False,False,True,True,False,True,False,False,True
row_04001,PRD-SNF69T,9.139,0.0,Household,54.1,STORE-DKU,30,315.08,False,True,False,True,False,True,False,False,False,False,False
row_04002,PRD-UMMSR8,11.153,0.0496,snack foods,48.93,STORE-JOR,34,97.98,False,False,False,False,True,True,False,False,False,False,False
row_04003,PRD-GZ0C99,12.850875916323977,0.0156,meat,248.92,STORE-7WS,47,6477.22,True,False,False,False,True,True,False,True,False,False,True
row_04004,PRD-TW0A9P,12.654,0.1365,CANNED,195.3,STORE-JOR,34,188.71,False,False,False,False,True,True,False,True,False,False,True
row_04005,PRD-MDLMQ0,15.969,0.0572,Health and Hygiene,149.19,STORE-DKU,30,2641.55,False,True,False,True,False,True,False,False,False,True,False
row_04006,PRD-ZFV8YU,12.850875916323977,0.0,Fruits and Vegetables,126.91,STORE-T5G,47,260.82,False,False,False,False,False,False,True,False,True,False,False
row_04007,PRD-90XDR7,12.458,0.02,Breads,197.95,STORE-89Z,33,3671.27,False,True,False,False,False,True,False,False,False,False,True
row_04008,PRD-3SY670,6.765,0.1382,snack foods,199.82,STORE-AGY,45,2813.18,False,True,False,False,True,False,False,True,False,False,True
row_04010,PRD-SNF69T,8.693,0.0128,Household,58.13,STORE-OYG,25,865.78,False,True,False,True,False,True,False,False,False,False,False
row_04011,PRD-ZDANTN,12.850875916323977,0.0225,BAKING GOODS,243.0,STORE-7WS,47,4611.47,True,False,False,False,True,True,False,True,False,False,True
row_04013,PRD-0KDULB,20.348,0.0717,Household,91.35,STORE-HL7,23,1744.92,False,False,True,False,True,True,False,False,False,False,False
row_04014,PRD-N5F62D,12.850875916323977,0.0244,FROZEN FOODS,254.7,STORE-T5G,47,492.85,False,False,False,False,False,False,True,False,False,False,True
row_04015,PRD-S2MXCB,12.231,0.0871,household,171.58,STORE-OYG,25,2527.31,False,True,False,True,False,True,False,False,False,True,False
row_04016,PRD-XQFXKD,12.850875916323977,0.0934,Canned,141.96,STORE-7WS,47,1922.16,True,False,False,False,True,True,False,False,True,False,False
row_04017,PRD-M9RIT8,7.8,0.0163,Snack Foods,160.3,STORE-9RG,28,2806.7,False,True,False,True,False,False,True,False,False,True,False
row_04018,PRD-8YXU1P,12.756,0.0451,others,115.65,STORE-YLW,35,813.02,False,True,False,False,False,False,True,False,True,False,False
row_04019,PRD-00EIUE,8.52,0.0722,Canned,188.59,STORE-YLW,35,3032.21,False,True,False,False,False,False,True,True,False,False,True
row_04020,PRD-C04T2V,13.066,0.0347,household,46.41,STORE-OYG,25,713.11,False,True,False,True,False,True,False,False,False,False,False
row_04021,PRD-58CEPS,6.759,0.0653,Fruits and Vegetables,186.79,STORE-OYG,25,2721.61,False,True,False,True,False,True,False,False,False,False,True
row_04022,PRD-SQ8X3A,17.119,0.0653,baking goods,89.02,STORE-9RG,28,1651.85,False,True,False,True,False,False,True,True,False,False,False
row_04023,PRD-CJ2XX2,8.134,0.0357,fruits and vegetables,37.0,STORE-HL7,23,448.14,False,False,True,False,True,True,False,False,False,False,False
row_04025,PRD-1HOH9O,12.850875916323977,0.0438,Household,193.03,STORE-T5G,47,196.23,False,False,False,False,False,False,True,False,False,False,True
row_04026,PRD-3SQ3DG,12.850875916323977,0.0641,Snack Foods,133.95,STORE-7WS,47,3362.91,True,False,False,False,True,True,False,False,True,False,False
row_04027,PRD-08I4W0,5.739,0.0836,baking goods,35.63,STORE-AGY,45,879.3,False,True,False,False,True,False,False,False,False,False,False
row_04028,PRD-FKTCNU,9.005,0.0906,SNACK FOODS,122.96,STORE-HL7,23,2885.59,False,False,True,False,True,True,False,True,True,False,False
row_04030,PRD-E6VA05,9.518,0.0419,Soft Drinks,32.01,STORE-HL7,23,359.63,False,False,True,False,True,True,False,False,False,False,False
row_04032,PRD-44P39J,11.592,0.0694,FROZEN FOODS,256.79,STORE-DKU,30,2880.11,False,True,False,True,False,True,False,True,False,False,True
row_04034,PRD-A0IOEJ,7.898,0.0113,Canned,191.08,STORE-HL7,23,928.19,False,False,True,False,True,True,False,False,False,False,True
row_04035,PRD-D4K7YJ,18.194,0.1412,starchy foods,180.54,STORE-AGY,45,3188.78,False,True,False,False,True,False,False,True,False,True,False
row_04036,PRD-0CHYKM,12.850875916323977,0.1186,Health and Hygiene,271.12,STORE-T5G,47,252.44,False,False,False,False,False,False,True,False,False,False,True
row_04037,PRD-YUG5GN,11.458,0.0,fruits and vegetables,46.21,STORE-HL7,23,1123.02,False,False,True,False,True,True,False,False,False,False,False
row_04038,PRD-FA4IUZ,13.525,0.0791,dairy,188.51,STORE-YLW,35,3198.38,False,True,False,False,False,False,True,True,False,False,True
row_04039,PRD-7CZE3S,12.850875916323977,0.015,MEAT,115.51,STORE-7WS,47,1648.96,True,False,False,False,True,True,False,False,True,False,False
row_04041,PRD-64V0WS,18.604,0.0719,SNACK FOODS,120.55,STORE-OYG,25,3556.08,False,True,False,True,False,True,False,False,True,False,False
row_04042,PRD-RPHBL5,20.02,0.0446,snack foods,177.75,STORE-AGY,45,522.94,False,True,False,False,True,False,False,True,False,True,False
row_04043,PRD-M80O2R,12.850875916323977,0.0835,soft drinks,193.31,STORE-7WS,47,575.13,True,False,False,False,True,True,False,False,False,False,True
row_04044,PRD-ANEC1W,12.850875916323977,0.0119,FRUITS AND VEGETABLES,38.14,STORE-7WS,47,502.29,True,False,False,False,True,True,False,False,False,False,False
row_04045,PRD-7IOABT,7.365,0.089,FROZEN FOODS,146.83,STORE-DKU,30,1319.54,False,True,False,True,False,True,False,False,False,True,False
row_04046,PRD-HR8X8C,13.2,0.1352,starchy foods,97.9,STORE-YLW,35,2544.17,False,True,False,False,False,False,True,True,True,False,False
row_04047,PRD-88AENN,10.793,0.0,fruits and vegetables,168.89,STORE-HL7,23,1961.09,False,False,True,False,True,True,False,True,False,True,False
row_04048,PRD-DN0YBY,12.850875916323977,0.1108,SOFT DRINKS,159.99,STORE-7WS,47,2280.61,True,False,False,False,True,True,False,False,False,True,False
row_04049,PRD-JNODL5,12.850875916323977,0.0158,Health and Hygiene,159.45,STORE-7WS,47,4459.71,True,False,False,False,True,True,False,False,False,True,False
row_04050,PRD-C0AR0O,5.165,0.0516,snack foods,106.78,STORE-JOR,34,210.04,False,False,False,False,True,True,False,True,True,False,False
row_04051,PRD-XMSTP3,14.746,0.0,SNACK FOODS,48.26,STORE-9RG,28,701.57,False,True,False,True,False,False,True,False,False,False,False
row_04052,PRD-GS8W0Q,10.596,0.0492,fruits and vegetables,242.08,STORE-OYG,25,4786.66,False,True,False,True,False,True,False,False,False,False,True
row_04053,PRD-LCSXU1,11.715,0.0593,Baking Goods,174.04,STORE-AGY,45,520.78,False,True,False,False,True,False,False,True,False,True,False
row_04056,PRD-THVKB8,8.737,0.0,Dairy,259.76,STORE-OYG,25,4670.39,False,True,False,True,False,True,False,True,False,False,True
row_04057,PRD-GW4LDH,10.196,0.0856,health and hygiene,145.87,STORE-DKU,30,2587.16,False,True,False,True,False,True,False,False,False,True,False
row_04058,PRD-679O2X,20.896,0.0803,Snack Foods,196.66,STORE-JOR,34,794.15,False,False,False,False,True,True,False,False,False,False,True
row_04059,PRD-3HGG9C,20.571,0.0971,Household,190.02,STORE-HL7,23,3403.1,False,False,True,False,True,True,False,False,False,False,True
row_04060,PRD-GNJ6OM,15.549,0.1021,Baking Goods,181.72,STORE-9RG,28,2441.85,False,True,False,True,False,False,True,True,False,True,False
row_04061,PRD-LKS9L3,6.4,0.0506,Baking Goods,222.99,STORE-HL7,23,667.16,False,False,True,False,True,True,False,True,False,False,True
row_04062,PRD-4W2O6O,12.850875916323977,0.0295,HOUSEHOLD,156.79,STORE-7WS,47,4571.7,True,False,False,False,True,True,False,False,False,True,False
row_04063,PRD-5FI6ER,9.434,0.1005,Canned,78.7,STORE-9RG,28,1914.79,False,True,False,True,False,False,True,True,False,False,False
row_04064,PRD-2XAHHF,20.179,0.0251,health and hygiene,142.22,STORE-JOR,34,591.54,False,False,False,False,True,True,False,False,False,True,False
row_04067,PRD-Q90SJM,20.971,0.0851,Frozen Foods,182.11,STORE-9RG,28,3164.62,False,True,False,True,False,False,True,True,False,True,False
row_04068,PRD-QS3E3R,5.637,0.0982,Breads,160.34,STORE-89Z,33,3437.56,False,True,False,False,False,True,False,False,False,True,False
row_04069,PRD-8NY9QX,16.958,0.1372,Snack Foods,143.54,STORE-HL7,23,2459.87,False,False,True,False,True,True,False,False,False,True,False
row_04070,PRD-PNWDDS,11.342,0.1235,DAIRY,44.43,STORE-9RG,28,606.43,False,True,False,True,False,False,True,False,False,False,False
row_04071,PRD-VTTR5G,13.638,0.0548,BREAKFAST,228.82,STORE-OYG,25,2686.11,False,True,False,True,False,True,False,True,False,False,True
row_04072,PRD-K15UL9,9.211,0.1108,frozen foods,95.94,STORE-DKU,30,1654.59,False,True,False,True,False,True,False,False,True,False,False
row_04073,PRD-JT10UE,12.213,0.0805,Fruits and Vegetables,90.68,STORE-HL7,23,1337.6,False,False,True,False,True,True,False,True,False,False,False
row_04074,PRD-QP5M3G,7.536,0.0149,Canned,90.57,STORE-89Z,33,531.06,False,True,False,False,False,True,False,False,False,False,False
row_04075,PRD-L9E9NI,8.345,0.0358,BAKING GOODS,148.06,STORE-YLW,35,2760.28,False,True,False,False,False,False,True,True,False,True,False
row_04076,PRD-C1B3EU,18.989,0.0954,frozen foods,47.88,STORE-HL7,23,636.83,False,False,True,False,True,True,False,True,False,False,False
row_04079,PRD-IQ9LVF,19.223,0.0839,Baking Goods,49.46,STORE-9RG,28,553.82,False,True,False,True,False,False,True,True,False,False,False
row_04080,PRD-Q4MPR9,9.675,0.0297,Snack Foods,158.65,STORE-HL7,23,2840.18,False,False,True,False,True,True,False,False,False,True,False
row_04082,PRD-V94X2H,13.994,0.0593,Snack Foods,247.85,STORE-JOR,34,732.24,False,False,False,False,True,True,False,False,False,False,True
row_04083,PRD-WOSQMC,16.632,0.0426,Fruits and Vegetables,181.62,STORE-AGY,45,1662.65,False,True,False,False,True,False,False,False,False,True,False
row_04085,PRD-T6MJXK,18.894,0.0,Dairy,95.05,STORE-DKU,30,1700.31,False,True,False,True,False,True,False,False,True,False,False
row_04086,PRD-NSWIL6,21.355,0.0,MEAT,114.71,STORE-HL7,23,1071.22,False,False,True,False,True,True,False,False,True,False,False
row_04087,PRD-B2HWYW,19.467,0.0254,Household,45.56,STORE-AGY,45,598.98,False,True,False,False,True,False,False,False,False,False,False
row_04088,PRD-9U47YU,11.299,0.0057,FRUITS AND VEGETABLES,172.31,STORE-OYG,25,3127.87,False,True,False,True,False,True,False,True,False,True,False
row_04089,PRD-A0R0L9,13.716,0.0363,Frozen Foods,165.41,STORE-AGY,45,1827.65,False,True,False,False,True,False,False,True,False,True,False
row_04090,PRD-UL2AE5,9.537,0.0248,Health and Hygiene,116.33,STORE-DKU,30,2912.95,False,True,False,True,False,True,False,False,True,False,False
row_04091,PRD-6RNJLK,19.49,0.0579,Baking Goods,42.35,STORE-JOR,34,86.33,False,False,False,False,True,True,False,False,False,False,False
row_04093,PRD-90XDR7,12.850875916323977,0.0197,Breads,203.05,STORE-7WS,47,9258.66,True,False,False,False,True,True,False,False,False,False,True
row_04095,PRD-LJZEJB,6.506,0.0947,dairy,194.34,STORE-AGY,45,2515.3,False,True,False,False,True,False,False,False,False,False,True
row_04096,PRD-18NL4I,19.075,0.0206,fruits and vegetables,121.74,STORE-DKU,30,2716.87,False,True,False,True,False,True,False,True,True,False,False
row_04097,PRD-UBXCU2,8.841,0.0205,HOUSEHOLD,173.45,STORE-HL7,23,4394.34,False,False,True,False,True,True,False,False,False,True,False
row_04098,PRD-4GPYWS,14.024,0.0293,FRUITS AND VEGETABLES,221.01,STORE-DKU,30,3000.94,False,True,False,True,False,True,False,False,False,False,True
row_04099,PRD-E4XLA5,9.623,0.1255,Baking Goods,226.32,STORE-OYG,25,2691.7,False,True,False,True,False,True,False,True,False,False,True
row_04100,PRD-MS2LEL,18.791,0.1189,Snack Foods,219.36,STORE-9RG,28,5748.13,False,True,False,True,False,False,True,False,False,False,True
row_04102,PRD-J0KX9K,9.89,0.1834,fruits and vegetables,179.13,STORE-JOR,34,167.67,False,False,False,False,True,True,False,False,False,True,False
row_04103,PRD-F3G3T3,12.850875916323977,0.0194,Snack Foods,239.19,STORE-7WS,47,6309.99,True,False,False,False,True,True,False,False,False,False,True
row_04104,PRD-W4Z56R,5.634,0.0825,FRUITS AND VEGETABLES,163.23,STORE-YLW,35,2286.74,False,True,False,False,False,False,True,False,False,True,False
row_04105,PRD-JGLNR2,10.645,0.0114,Snack Foods,160.55,STORE-89Z,33,1896.09,False,True,False,False,False,True,False,True,False,True,False
row_04106,PRD-4AAL09,20.113,0.1314,Others,38.57,STORE-JOR,34,150.87,False,False,False,False,True,True,False,False,False,False,False
row_04108,PRD-52UH5B,16.295,0.0759,Canned,213.25,STORE-OYG,25,4754.06,False,True,False,True,False,True,False,False,False,False,True
row_04109,PRD-YDT7CU,14.625,0.063,BREADS,259.32,STORE-89Z,33,2686.71,False,True,False,False,False,True,False,True,False,False,True
row_04110,PRD-DY1PP4,8.617,0.091,HOUSEHOLD,111.31,STORE-YLW,35,452.15,False,True,False,False,False,False,True,False,True,False,False
row_04111,PRD-0DZ6XP,18.749,0.1037,fruits and vegetables,93.64,STORE-AGY,45,1329.83,False,True,False,False,True,False,False,False,True,False,False
row_04113,PRD-JVZA65,11.956,0.0209,Snack Foods,153.28,STORE-YLW,35,2131.8,False,True,False,False,False,False,True,False,False,True,False
row_04114,PRD-BF1I3L,14.886,0.1466,Soft Drinks,50.58,STORE-OYG,25,1061.37,False,True,False,True,False,True,False,False,False,False,False
row_04115,PRD-0XPJ70,6.42,0.0924,Household,195.56,STORE-9RG,28,2344.05,False,True,False,True,False,False,True,False,False,False,True
row_04116,PRD-24Z860,6.056,0.0109,Frozen Foods,91.9,STORE-OYG,25,1400.46,False,True,False,True,False,True,False,True,False,False,False
row_04117,PRD-MICMBP,7.683,0.0852,Frozen Foods,35.78,STORE-YLW,35,769.18,False,True,False,False,False,False,True,True,False,False,False
row_04118,PRD-2RL15F,10.202,0.1155,HARD DRINKS,112.16,STORE-OYG,25,2578.56,False,True,False,True,False,True,False,False,True,False,False
row_04119,PRD-FHKP7I,12.850875916323977,0.0117,Canned,163.85,STORE-DKU,30,1738.39,False,True,False,True,False,True,False,True,False,True,False
row_04121,PRD-JMV47T,6.215,0.0097,MEAT,147.89,STORE-89Z,33,1929.12,False,True,False,False,False,True,False,True,False,True,False
row_04123,PRD-FA4IUZ,14.019,0.0816,Dairy,185.99,STORE-89Z,33,4597.09,False,True,False,False,False,True,False,True,False,False,True
row_04124,PRD-4IHRV7,12.372,0.0416,meat,179.83,STORE-YLW,35,1916.81,False,True,False,False,False,False,True,True,False,True,False
row_04125,PRD-302FAP,13.664,0.0493,Fruits and Vegetables,146.04,STORE-89Z,33,2666.13,False,True,False,False,False,True,False,False,False,True,False
row_04126,PRD-4CYXQB,18.193,0.1203,Snack Foods,187.2,STORE-9RG,28,2887.5,False,True,False,True,False,False,True,False,False,False,True
row_04128,PRD-8449K6,17.155,0.0766,FRUITS AND VEGETABLES,211.83,STORE-YLW,35,3584.93,False,True,False,False,False,False,True,True,False,False,True
row_04129,PRD-KDGVNM,6.71,0.0884,Canned,143.53,STORE-JOR,34,285.98,False,False,False,False,True,True,False,False,False,True,False
row_04130,PRD-4PZT3E,16.317,0.0728,DAIRY,219.1,STORE-HL7,23,6153.28,False,False,True,False,True,True,False,False,False,False,True
row_04131,PRD-ZE84LM,6.881,0.0232,Frozen Foods,101.42,STORE-OYG,25,2590.58,False,True,False,True,False,True,False,False,True,False,False
row_04132,PRD-9STG4E,12.850875916323977,0.0148,Canned,89.38,STORE-7WS,47,2415.74,True,False,False,False,True,True,False,True,False,False,False
row_04133,PRD-0B7UYQ,19.668,0.1489,household,226.57,STORE-89Z,33,1922.46,False,True,False,False,False,True,False,False,False,False,True
row_04134,PRD-5JACYR,7.565,0.0278,Fruits and Vegetables,39.89,STORE-HL7,23,392.65,False,False,True,False,True,True,False,False,False,False,False
row_04135,PRD-TE0XFZ,12.850875916323977,0.1593,frozen foods,215.37,STORE-AGY,45,1489.22,False,True,False,False,True,False,False,True,False,False,True
row_04136,PRD-QDXOEA,7.345,0.0276,snack foods,110.83,STORE-DKU,30,1254.47,False,True,False,True,False,True,False,False,True,False,False
row_04140,PRD-C0AR0O,5.083,0.0297,snack foods,109.12,STORE-9RG,28,2751.41,False,True,False,True,False,False,True,True,True,False,False
row_04141,PRD-JSPKET,12.850875916323977,0.1065,Dairy,97.67,STORE-7WS,47,2190.13,True,False,False,False,True,True,False,True,True,False,False
row_04142,PRD-IJOTIN,18.085,0.0,Frozen Foods,150.85,STORE-HL7,23,887.82,False,False,True,False,True,True,False,False,False,True,False
row_04143,PRD-D8LKB5,17.066,0.0449,Snack Foods,186.62,STORE-HL7,23,4833.03,False,False,True,False,True,True,False,False,False,False,True
row_04144,PRD-W10HOA,6.827,0.0411,Snack Foods,89.43,STORE-AGY,45,1246.92,False,True,False,False,True,False,False,False,False,False,False
row_04146,PRD-77KXXS,8.38,0.0756,Dairy,192.88,STORE-OYG,25,5197.26,False,True,False,True,False,True,False,True,False,False,True
row_04148,PRD-KUE98H,9.156,0.1068,BREADS,64.64,STORE-AGY,45,2072.24,False,True,False,False,True,False,False,False,False,False,False
row_04149,PRD-8R8KUS,9.663,0.0638,Fruits and Vegetables,113.83,STORE-DKU,30,2296.97,False,True,False,True,False,True,False,True,True,False,False
row_04150,PRD-4AWTY0,9.693,0.0827,Hard Drinks,187.18,STORE-AGY,45,1776.04,False,True,False,False,True,False,False,False,False,False,True
row_04151,PRD-Y8VYIF,18.46,0.044,Canned,252.65,STORE-OYG,25,5267.66,False,True,False,True,False,True,False,False,False,False,True
row_04152,PRD-3I603D,17.224,0.0272,Frozen Foods,269.31,STORE-YLW,35,3742.35,False,True,False,False,False,False,True,False,False,False,True
row_04153,PRD-FPTNK2,14.744,0.0958,fruits and vegetables,174.54,STORE-HL7,23,658.13,False,False,True,False,True,True,False,False,False,True,False
row_04155,PRD-MLWBFJ,6.474,0.0518,BAKING GOODS,93.3,STORE-JOR,34,93.33,False,False,False,False,True,True,False,False,True,False,False
row_04156,PRD-ZRMH3F,12.850875916323977,0.132,Frozen Foods,173.4,STORE-7WS,47,4702.16,True,False,False,False,True,True,False,True,False,True,False
row_04157,PRD-DTQLBZ,14.617,0.1314,BAKING GOODS,101.44,STORE-9RG,28,210.72,False,True,False,True,False,False,True,True,True,False,False
row_04159,PRD-8JU6OJ,12.850875916323977,0.1331,Baking Goods,77.35,STORE-7WS,47,1041.63,True,False,False,False,True,True,False,False,False,False,False
row_04161,PRD-H0JJGG,19.128,0.1086,FROZEN FOODS,105.29,STORE-9RG,28,1913.88,False,True,False,True,False,False,True,False,True,False,False
row_04162,PRD-HGCAIK,5.808,0.0895,CANNED,54.08,STORE-AGY,45,1487.74,False,True,False,False,True,False,False,True,False,False,False
row_04163,PRD-YGW5F2,10.26,0.1499,MEAT,102.2,STORE-YLW,35,3061.62,False,True,False,False,False,False,True,False,True,False,False
row_04164,PRD-NQ65QD,6.182,0.0746,Dairy,57.83,STORE-9RG,28,2120.82,False,True,False,True,False,False,True,False,False,False,False
row_04167,PRD-UZET1P,12.937,0.0395,fruits and vegetables,177.05,STORE-89Z,33,1019.63,False,True,False,False,False,True,False,False,False,True,False
row_04168,PRD-KINNDW,20.889,0.0306,Frozen Foods,85.67,STORE-JOR,34,168.81,False,False,False,False,True,True,False,True,False,False,False
row_04169,PRD-FA4IUZ,13.577,0.1263,DAIRY,192.26,STORE-JOR,34,714.08,False,False,False,False,True,True,False,True,False,False,True
row_04170,PRD-H8YZWJ,9.369,0.0901,CANNED,147.35,STORE-89Z,33,1003.37,False,True,False,False,False,True,False,False,False,True,False
row_04171,PRD-9SEY62,12.850875916323977,0.0212,Fruits and Vegetables,93.38,STORE-7WS,47,3728.58,True,False,False,False,True,True,False,False,True,False,False
row_04172,PRD-X5M8PJ,4.953,0.1248,SNACK FOODS,141.72,STORE-DKU,30,3295.79,False,True,False,True,False,True,False,True,True,False,False
row_04173,PRD-VGA3ZI,7.86,0.0266,HEALTH AND HYGIENE,142.48,STORE-YLW,35,3650.31,False,True,False,False,False,False,True,False,False,True,False
row_04174,PRD-D6O9YZ,10.884,0.0502,baking goods,41.67,STORE-89Z,33,701.46,False,True,False,False,False,True,False,True,False,False,False
row_04180,PRD-N3R81D,12.850875916323977,0.1548,frozen foods,184.72,STORE-T5G,47,1148.62,False,False,False,False,False,False,True,True,False,True,False
row_04181,PRD-87AU5B,9.541,0.0138,Soft Drinks,48.8,STORE-DKU,30,997.9,False,True,False,True,False,True,False,False,False,False,False
row_04182,PRD-ZTO1FG,14.204,0.1435,Dairy,264.51,STORE-AGY,45,5470.34,False,True,False,False,True,False,False,False,False,False,True
row_04183,PRD-87AU5B,9.943,0.0134,soft drinks,46.83,STORE-HL7,23,359.03,False,False,True,False,True,True,False,False,False,False,False
row_04184,PRD-I64XLY,12.850875916323977,0.0399,Fruits and Vegetables,188.29,STORE-7WS,47,4824.15,True,False,False,False,True,True,False,False,False,False,True
row_04185,PRD-TC2QWF,15.384,0.1544,Canned,180.61,STORE-OYG,25,4631.35,False,True,False,True,False,True,False,True,False,True,False
row_04188,PRD-MH7GX8,18.839,0.1005,Dairy,52.03,STORE-OYG,25,970.87,False,True,False,True,False,True,False,False,False,False,False
row_04190,PRD-FT3J41,6.687,0.1095,BAKING GOODS,167.81,STORE-HL7,23,1841.66,False,False,True,False,True,True,False,True,False,True,False
row_04191,PRD-HK23A1,8.478,0.0759,Snack Foods,171.05,STORE-AGY,45,1365.39,False,True,False,False,True,False,False,True,False,True,False
row_04192,PRD-OBR9GP,5.606,0.036,Health and Hygiene,99.14,STORE-9RG,28,2655.46,False,True,False,True,False,False,True,False,True,False,False
row_04194,PRD-UJG7IN,6.077,0.0944,FROZEN FOODS,125.79,STORE-YLW,35,527.48,False,True,False,False,False,False,True,False,True,False,False
row_04195,PRD-ZHWW3L,12.331,0.0214,Meat,97.36,STORE-9RG,28,573.66,False,True,False,True,False,False,True,True,True,False,False
row_04196,PRD-Y7CQKD,13.798,0.0631,FRUITS AND VEGETABLES,76.43,STORE-89Z,33,1573.57,False,True,False,False,False,True,False,True,False,False,False
row_04197,PRD-Q2RPUV,8.444,0.0568,health and hygiene,139.76,STORE-JOR,34,430.55,False,False,False,False,True,True,False,False,True,False,False
row_04198,PRD-95N4VP,15.899,0.0461,frozen foods,180.82,STORE-DKU,30,1913.29,False,True,False,True,False,True,False,False,False,True,False
row_04199,PRD-QKDZ1Q,16.8,0.1055,fruits and vegetables,230.93,STORE-JOR,34,226.54,False,False,False,False,True,True,False,True,False,False,True
row_04201,PRD-MLWBFJ,6.626,0.0295,BAKING GOODS,93.67,STORE-OYG,25,1385.0,False,True,False,True,False,True,False,False,True,False,False
row_04202,PRD-C5BDFU,6.239,0.0315,Dairy,183.33,STORE-HL7,23,3319.65,False,False,True,False,True,True,False,False,False,True,False
row_04203,PRD-KV05SZ,18.574,0.0939,hard drinks,127.0,STORE-DKU,30,875.17,False,True,False,True,False,True,False,False,True,False,False
row_04204,PRD-LYF3YR,6.289,0.0057,HOUSEHOLD,167.38,STORE-DKU,30,5154.89,False,True,False,True,False,True,False,False,False,True,False
row_04205,PRD-PDRI65,11.208,0.0181,Health and Hygiene,133.87,STORE-YLW,35,2885.68,False,True,False,False,False,False,True,False,True,False,False
row_04206,PRD-VM8F3I,12.850875916323977,0.1097,Fruits and Vegetables,59.11,STORE-7WS,47,2241.48,True,False,False,False,True,True,False,True,False,False,False
row_04208,PRD-2OQEWF,18.037,0.0596,others,132.51,STORE-JOR,34,258.65,False,False,False,False,True,True,False,False,True,False,False
row_04209,PRD-VRURQT,12.850875916323977,0.0604,dairy,181.05,STORE-7WS,47,1253.98,True,False,False,False,True,True,False,True,False,True,False
row_04210,PRD-CEEQ2B,12.850875916323977,0.0305,Fruits and Vegetables,110.97,STORE-7WS,47,3193.42,True,False,False,False,True,True,False,False,True,False,False
row_04211,PRD-3KK8SL,12.850875916323977,0.0412,FRUITS AND VEGETABLES,201.14,STORE-7WS,47,3811.86,True,False,False,False,True,True,False,True,False,False,True
row_04212,PRD-H4CI9H,12.850875916323977,0.0645,Meat,181.92,STORE-T5G,47,168.19,False,False,False,False,False,False,True,True,False,True,False
row_04213,PRD-JZZGKE,10.797,0.0489,dairy,48.25,STORE-AGY,45,703.35,False,True,False,False,True,False,False,True,False,False,False
row_04214,PRD-YHRDU3,13.402,0.0926,Household,162.24,STORE-89Z,33,4107.71,False,True,False,False,False,True,False,False,False,True,False
row_04215,PRD-T0G7RI,12.850875916323977,0.0765,Snack Foods,51.83,STORE-T5G,47,55.75,False,False,False,False,False,False,True,True,False,False,False
row_04216,PRD-FYZF7M,12.850875916323977,0.0902,Health and Hygiene,160.91,STORE-7WS,47,6158.33,True,False,False,False,True,True,False,False,False,True,False
row_04217,PRD-YL84PO,12.850875916323977,0.0143,SNACK FOODS,199.28,STORE-7WS,47,5707.32,True,False,False,False,True,True,False,True,False,False,True
row_04218,PRD-U438R9,12.850875916323977,0.0617,Frozen Foods,178.94,STORE-T5G,47,350.82,False,False,False,False,False,False,True,True,False,True,False
row_04219,PRD-QDI07H,17.623,0.1527,DAIRY,242.65,STORE-AGY,45,4516.89,False,True,False,False,True,False,False,True,False,False,True
row_04220,PRD-EPMKVT,19.708,0.0738,HEALTH AND HYGIENE,62.33,STORE-9RG,28,979.39,False,True,False,True,False,False,True,False,False,False,False
row_04221,PRD-YM6IER,7.704,0.0314,FRUITS AND VEGETABLES,126.0,STORE-DKU,30,2050.21,False,True,False,True,False,True,False,True,True,False,False
row_04222,PRD-K1DZCJ,7.297,0.0952,Household,251.29,STORE-89Z,33,4141.91,False,True,False,False,False,True,False,False,False,False,True
row_04223,PRD-TJ3D90,15.397,0.1549,Starchy Foods,108.62,STORE-AGY,45,1452.63,False,True,False,False,True,False,False,False,True,False,False
row_04224,PRD-EI7XZU,13.191,0.0209,FRUITS AND VEGETABLES,179.56,STORE-HL7,23,2243.25,False,False,True,False,True,True,False,False,False,True,False
row_04225,PRD-KINNDW,12.850875916323977,0.0188,Frozen Foods,85.79,STORE-YLW,35,1850.7,False,True,False,False,False,False,True,True,False,False,False
row_04227,PRD-1Z14YA,12.850875916323977,0.0,meat,108.48,STORE-7WS,47,2043.5,True,False,False,False,True,True,False,False,True,False,False
row_04230,PRD-JDP69D,18.952,0.1607,Household,198.37,STORE-AGY,45,1130.85,False,True,False,False,True,False,False,False,False,False,True
row_04231,PRD-V2V1IT,9.79,0.0451,Frozen Foods,139.03,STORE-9RG,28,2167.49,False,True,False,True,False,False,True,False,True,False,False
row_04232,PRD-6C3BE3,12.850875916323977,0.0372,Household,148.87,STORE-7WS,47,2076.69,True,False,False,False,True,True,False,False,False,True,False
row_04235,PRD-DOYWLL,12.453,0.1875,Canned,122.28,STORE-JOR,34,118.6,False,False,False,False,True,True,False,False,True,False,False
row_04236,PRD-YWIQC5,19.756,0.0291,FRUITS AND VEGETABLES,46.09,STORE-89Z,33,452.11,False,True,False,False,False,True,False,True,False,False,False
row_04237,PRD-1WW0WD,12.850875916323977,0.0784,BAKING GOODS,78.58,STORE-7WS,47,2811.64,True,False,False,False,True,True,False,False,False,False,False
row_04238,PRD-6O3NRD,12.850875916323977,0.0,Meat,191.03,STORE-T5G,47,596.98,False,False,False,False,False,False,True,False,False,False,True
row_04239,PRD-V14WZZ,12.850875916323977,0.0293,Health and Hygiene,190.14,STORE-7WS,47,2957.23,True,False,False,False,True,True,False,False,False,False,True
row_04240,PRD-HXTPDP,9.674,0.1665,Soft Drinks,239.91,STORE-OYG,25,4587.81,False,True,False,True,False,True,False,False,False,False,True
row_04241,PRD-TLHXCM,14.192,0.0358,Canned,258.25,STORE-OYG,25,4610.45,False,True,False,True,False,True,False,False,False,False,True
row_04243,PRD-YTXH8P,5.175,0.0469,Meat,180.53,STORE-HL7,23,2480.27,False,False,True,False,True,True,False,True,False,True,False
row_04244,PRD-EVYY91,14.134,0.0177,health and hygiene,112.71,STORE-OYG,25,1714.38,False,True,False,True,False,True,False,False,True,False,False
row_04246,PRD-ZIX69G,8.091,0.0823,Fruits and Vegetables,255.6,STORE-OYG,25,8488.77,False,True,False,True,False,True,False,True,False,False,True
row_04247,PRD-NMIC1F,11.073,0.0,SNACK FOODS,101.75,STORE-YLW,35,210.14,False,True,False,False,False,False,True,True,True,False,False
row_04248,PRD-T9U9NM,7.692,0.0581,BREAKFAST,57.61,STORE-9RG,28,771.59,False,True,False,True,False,False,True,True,False,False,False
row_04249,PRD-L38V8W,12.850875916323977,0.0,Fruits and Vegetables,112.76,STORE-7WS,47,3648.96,True,False,False,False,True,True,False,False,True,False,False
row_04250,PRD-XQS3H4,20.493,0.0487,dairy,214.6,STORE-HL7,23,1313.02,False,False,True,False,True,True,False,True,False,False,True
row_04251,PRD-JDXA1F,10.023,0.0267,Meat,123.99,STORE-OYG,25,2384.09,False,True,False,True,False,True,False,False,True,False,False
row_04252,PRD-0U2BL3,15.618,0.1083,Snack Foods,144.68,STORE-AGY,45,1640.77,False,True,False,False,True,False,False,False,False,True,False
row_04253,PRD-8R8KUS,9.881,0.1018,FRUITS AND VEGETABLES,112.22,STORE-JOR,34,445.69,False,False,False,False,True,True,False,True,True,False,False
row_04254,PRD-GSTFS2,5.38,0.0145,frozen foods,81.08,STORE-DKU,30,3165.11,False,True,False,True,False,True,False,False,False,False,False
row_04256,PRD-V0PRKG,7.854,0.0689,Soft Drinks,239.2,STORE-HL7,23,2224.94,False,False,True,False,True,True,False,False,False,False,True
row_04257,PRD-J2E42T,13.369,0.1347,Frozen Foods,145.11,STORE-89Z,33,1902.71,False,True,False,False,False,True,False,False,False,True,False
row_04258,PRD-YROQ4H,11.488,0.0227,HEALTH AND HYGIENE,174.73,STORE-AGY,45,3005.09,False,True,False,False,True,False,False,False,False,True,False
row_04260,PRD-BTN76M,17.344,0.2877,fruits and vegetables,117.07,STORE-JOR,34,343.94,False,False,False,False,True,True,False,False,True,False,False
row_04262,PRD-OQTR1Y,7.091,0.1045,Snack Foods,191.28,STORE-YLW,35,1881.4,False,True,False,False,False,False,True,False,False,False,True
row_04264,PRD-G9LC5B,19.257,0.1826,HOUSEHOLD,35.22,STORE-JOR,34,64.68,False,False,False,False,True,True,False,False,False,False,False
row_04265,PRD-9YFZQL,10.388,0.1078,SNACK FOODS,148.0,STORE-OYG,25,1282.25,False,True,False,True,False,True,False,False,False,True,False
row_04266,PRD-DZVGPM,20.888,0.0204,SOFT DRINKS,156.9,STORE-HL7,23,1329.91,False,False,True,False,True,True,False,False,False,True,False
row_04267,PRD-HD96M8,11.912,0.0622,starchy foods,37.89,STORE-9RG,28,1104.78,False,True,False,True,False,False,True,False,False,False,False
row_04269,PRD-D4K7YJ,17.801,0.1296,Starchy Foods,184.12,STORE-89Z,33,2196.02,False,True,False,False,False,True,False,True,False,True,False
row_04271,PRD-1VG7CO,15.097,0.2073,fruits and vegetables,175.15,STORE-JOR,34,170.59,False,False,False,False,True,True,False,True,False,True,False
row_04274,PRD-SBZRAD,6.534,0.0324,Snack Foods,145.79,STORE-89Z,33,3252.95,False,True,False,False,False,True,False,False,False,True,False
row_04275,PRD-YHVNT3,9.392,0.0416,OTHERS,80.57,STORE-9RG,28,1977.42,False,True,False,True,False,False,True,False,False,False,False
row_04276,PRD-1XRZN0,15.501,0.022,Canned,216.98,STORE-OYG,25,2953.42,False,True,False,True,False,True,False,False,False,False,True
row_04277,PRD-KC97HQ,17.173,0.0101,snack foods,166.72,STORE-89Z,33,1710.04,False,True,False,False,False,True,False,False,False,True,False
row_04279,PRD-AV3JCJ,17.748,0.1215,Breakfast,40.75,STORE-YLW,35,691.49,False,True,False,False,False,False,True,True,False,False,False
row_04280,PRD-64DI7N,19.514,0.0532,Frozen Foods,154.52,STORE-9RG,28,5063.53,False,True,False,True,False,False,True,True,False,True,False
row_04282,PRD-F6ZM5U,18.025,0.0392,Snack Foods,144.09,STORE-89Z,33,886.38,False,True,False,False,False,True,False,False,False,True,False
row_04283,PRD-PJ1TV2,12.850875916323977,0.0303,FRUITS AND VEGETABLES,138.48,STORE-7WS,47,4287.93,True,False,False,False,True,True,False,True,True,False,False
row_04284,PRD-KSF4HT,11.847,0.0324,Seafood,110.16,STORE-9RG,28,975.14,False,True,False,True,False,False,True,False,True,False,False
row_04286,PRD-Q7U1KU,13.031,0.02,DAIRY,113.99,STORE-AGY,45,1842.88,False,True,False,False,True,False,False,False,True,False,False
row_04287,PRD-HDPJSA,6.321,0.1246,CANNED,258.2,STORE-DKU,30,3435.5,False,True,False,True,False,True,False,False,False,False,True
row_04288,PRD-042LPI,12.850875916323977,0.0808,health and hygiene,45.23,STORE-T5G,47,217.98,False,False,False,False,False,False,True,False,False,False,False
row_04289,PRD-MVFBO1,9.671,0.0631,Household,239.83,STORE-DKU,30,6167.75,False,True,False,True,False,True,False,False,False,False,True
row_04290,PRD-DSN8CW,15.36,0.0476,Snack Foods,174.03,STORE-OYG,25,2493.15,False,True,False,True,False,True,False,True,False,True,False
row_04291,PRD-7VMGGA,11.425,0.0598,health and hygiene,102.3,STORE-JOR,34,604.3,False,False,False,False,True,True,False,False,True,False,False
row_04292,PRD-6RX35U,13.355,0.0749,FROZEN FOODS,196.38,STORE-HL7,23,2859.3,False,False,True,False,True,True,False,True,False,False,True
row_04294,PRD-ZSDP5Y,16.762,0.0297,Snack Foods,93.49,STORE-AGY,45,2372.52,False,True,False,False,True,False,False,False,True,False,False
row_04295,PRD-OIT2UR,8.185,0.0316,canned,158.02,STORE-9RG,28,1869.56,False,True,False,True,False,False,True,True,False,True,False
row_04296,PRD-E42X6G,11.043,0.0647,dairy,90.33,STORE-YLW,35,1486.75,False,True,False,False,False,False,True,True,False,False,False
row_04297,PRD-TY5H59,15.43,0.0531,Fruits and Vegetables,220.7,STORE-YLW,35,6022.1,False,True,False,False,False,False,True,False,False,False,True
row_04298,PRD-EHJIMM,13.041,0.0835,Household,61.06,STORE-DKU,30,2282.6,False,True,False,True,False,True,False,False,False,False,False
row_04299,PRD-TT69UA,7.658,0.0511,CANNED,120.15,STORE-9RG,28,1759.34,False,True,False,True,False,False,True,False,True,False,False
row_04300,PRD-BUQGEV,12.850875916323977,0.0202,snack foods,218.28,STORE-T5G,47,223.4,False,False,False,False,False,False,True,False,False,False,True
row_04302,PRD-54S8AG,18.057,0.1795,dairy,108.65,STORE-AGY,45,2122.85,False,True,False,False,True,False,False,True,True,False,False
row_04303,PRD-7EFVUZ,15.026,0.0464,Health and Hygiene,136.98,STORE-YLW,35,1377.43,False,True,False,False,False,False,True,False,True,False,False
row_04304,PRD-U3BDL2,8.62,0.0564,breads,129.62,STORE-9RG,28,1056.48,False,True,False,True,False,False,True,True,True,False,False
row_04305,PRD-1UBYH8,12.850875916323977,0.109,breakfast,165.39,STORE-T5G,47,504.3,False,False,False,False,False,False,True,False,False,True,False
row_04307,PRD-30D7TU,19.507,0.0121,Fruits and Vegetables,194.38,STORE-AGY,45,3878.87,False,True,False,False,True,False,False,False,False,False,True
row_04308,PRD-QEYOOU,18.763,0.0738,Frozen Foods,226.84,STORE-HL7,23,1649.86,False,False,True,False,True,True,False,True,False,False,True
row_04309,PRD-IF1HEB,18.687,0.0928,FRUITS AND VEGETABLES,242.13,STORE-9RG,28,3071.93,False,True,False,True,False,False,True,False,False,False,True
row_04310,PRD-RGLY41,13.736,0.0548,HEALTH AND HYGIENE,34.59,STORE-OYG,25,317.55,False,True,False,True,False,True,False,False,False,False,False
row_04311,PRD-YUZ87C,12.850875916323977,0.0285,Baking Goods,145.61,STORE-7WS,47,3075.74,True,False,False,False,True,True,False,False,False,True,False
row_04312,PRD-1QW65X,5.923,0.0,HOUSEHOLD,125.59,STORE-OYG,25,1838.22,False,True,False,True,False,True,False,False,True,False,False
row_04313,PRD-HLJ2XL,18.794,0.0344,Meat,57.81,STORE-YLW,35,678.91,False,True,False,False,False,False,True,False,False,False,False
row_04314,PRD-CEM9N4,12.850875916323977,0.1268,FROZEN FOODS,250.26,STORE-7WS,47,7868.06,True,False,False,False,True,True,False,False,False,False,True
row_04317,PRD-TBZO2W,13.847,0.1101,FROZEN FOODS,142.27,STORE-HL7,23,1160.57,False,False,True,False,True,True,False,True,False,True,False
row_04318,PRD-1I4N2E,9.72,0.0224,Household,245.37,STORE-YLW,35,2932.11,False,True,False,False,False,False,True,False,False,False,True
row_04321,PRD-FHG8KS,20.515,0.108,Household,122.97,STORE-YLW,35,2879.86,False,True,False,False,False,False,True,False,True,False,False
row_04322,PRD-ONUBR9,8.551,0.1354,Canned,50.53,STORE-YLW,35,1226.35,False,True,False,False,False,False,True,False,False,False,False
row_04323,PRD-88O5OR,13.02,0.1082,Soft Drinks,164.63,STORE-JOR,34,942.82,False,False,False,False,True,True,False,False,False,True,False
row_04324,PRD-WT29FN,18.43,0.0083,Baking Goods,80.95,STORE-89Z,33,785.47,False,True,False,False,False,True,False,False,False,False,False
row_04325,PRD-8KYLHT,9.4,0.1722,snack foods,109.71,STORE-HL7,23,546.07,False,False,True,False,True,True,False,False,True,False,False
row_04326,PRD-059SC5,20.685,0.0464,Health and Hygiene,147.76,STORE-DKU,30,854.95,False,True,False,True,False,True,False,False,False,True,False
row_04327,PRD-L9B3N2,16.266,0.0421,Starchy Foods,40.4,STORE-DKU,30,1013.78,False,True,False,True,False,True,False,False,False,False,False
row_04328,PRD-KUE98H,9.467,0.1126,BREADS,62.86,STORE-DKU,30,1093.56,False,True,False,True,False,True,False,False,False,False,False
row_04329,PRD-T93K2H,12.850875916323977,0.0667,household,199.05,STORE-7WS,47,6968.83,True,False,False,False,True,True,False,False,False,False,True
row_04330,PRD-S3JKV0,13.732,0.0714,Dairy,60.45,STORE-OYG,25,558.97,False,True,False,True,False,True,False,True,False,False,False
row_04331,PRD-DE4M6H,6.627,0.0459,Frozen Foods,37.04,STORE-OYG,25,1208.5,False,True,False,True,False,True,False,True,False,False,False
row_04332,PRD-JSPKET,6.687,0.1073,dairy,96.37,STORE-HL7,23,1252.43,False,False,True,False,True,True,False,True,True,False,False
row_04334,PRD-N5F3DX,16.722,0.0163,Snack Foods,224.71,STORE-OYG,25,8617.32,False,True,False,True,False,True,False,True,False,False,True
row_04336,PRD-MPP566,12.850875916323977,0.0795,household,239.04,STORE-7WS,47,3587.41,True,False,False,False,True,True,False,False,False,False,True
row_04337,PRD-UHT6T0,16.418,0.0334,SOFT DRINKS,74.33,STORE-OYG,25,2109.94,False,True,False,True,False,True,False,False,False,False,False
row_04338,PRD-U438R9,12.850875916323977,0.0361,frozen foods,173.53,STORE-7WS,47,3544.64,True,False,False,False,True,True,False,True,False,True,False
row_04339,PRD-JXVIHM,18.493,0.0274,Household,132.31,STORE-AGY,45,3413.18,False,True,False,False,True,False,False,False,True,False,False
row_04340,PRD-UDD467,8.884,0.0283,Dairy,154.18,STORE-89Z,33,4822.97,False,True,False,False,False,True,False,False,False,True,False
row_04341,PRD-UPQZIT,7.158,0.0742,SOFT DRINKS,113.32,STORE-9RG,28,1389.61,False,True,False,True,False,False,True,False,True,False,False
row_04342,PRD-R9OUDO,5.697,0.046,soft drinks,87.85,STORE-AGY,45,1846.01,False,True,False,False,True,False,False,False,False,False,False
row_04343,PRD-JFPWZ6,11.621,0.0931,snack foods,122.39,STORE-AGY,45,1896.57,False,True,False,False,True,False,False,True,True,False,False
row_04344,PRD-NHLLA9,13.453,0.0788,HEALTH AND HYGIENE,55.58,STORE-HL7,23,435.38,False,False,True,False,True,True,False,False,False,False,False
row_04345,PRD-T14KTM,11.327,0.0336,Health and Hygiene,166.76,STORE-HL7,23,2936.07,False,False,True,False,True,True,False,False,False,True,False
row_04346,PRD-ILAZCL,8.083,0.0164,snack foods,247.01,STORE-JOR,34,516.0,False,False,False,False,True,True,False,False,False,False,True
row_04347,PRD-28N1GP,12.850875916323977,0.1009,baking goods,88.84,STORE-T5G,47,512.81,False,False,False,False,False,False,True,False,False,False,False
row_04348,PRD-Y23CCL,9.503,0.0387,Meat,190.62,STORE-JOR,34,817.09,False,False,False,False,True,True,False,True,False,False,True
row_04350,PRD-GZGU9E,13.155,0.1009,Dairy,222.84,STORE-89Z,33,3489.1,False,True,False,False,False,True,False,False,False,False,True
row_04351,PRD-SE05IT,20.847,0.062,BAKING GOODS,231.04,STORE-YLW,35,5878.89,False,True,False,False,False,False,True,False,False,False,True
row_04352,PRD-IGBM76,9.736,0.0473,baking goods,36.77,STORE-DKU,30,424.99,False,True,False,True,False,True,False,True,False,False,False
row_04353,PRD-VQPG4P,10.654,0.0491,Others,159.5,STORE-DKU,30,1723.73,False,True,False,True,False,True,False,False,False,True,False
row_04354,PRD-1FEQOX,12.850875916323977,0.1497,SNACK FOODS,257.77,STORE-T5G,47,245.83,False,False,False,False,False,False,True,False,False,False,True
row_04355,PRD-533CFS,20.808,0.0239,Household,148.03,STORE-OYG,25,3925.3,False,True,False,True,False,True,False,False,False,True,False
row_04356,PRD-4DGYDF,9.943,0.0471,Frozen Foods,250.92,STORE-YLW,35,3484.14,False,True,False,False,False,False,True,True,False,False,True
row_04357,PRD-N8W9UR,7.173,0.1521,canned,106.29,STORE-AGY,45,2998.54,False,True,False,False,True,False,False,False,True,False,False
row_04361,PRD-4HX6BQ,9.872,0.023,canned,119.67,STORE-DKU,30,1313.99,False,True,False,True,False,True,False,False,True,False,False
row_04362,PRD-ATSWZZ,11.055,0.0273,Household,115.18,STORE-9RG,28,3916.25,False,True,False,True,False,False,True,False,True,False,False
row_04363,PRD-4XH4FJ,12.850875916323977,0.1676,FROZEN FOODS,189.74,STORE-T5G,47,374.7,False,False,False,False,False,False,True,True,False,False,True
row_04364,PRD-PT4MX2,14.449,0.042,FRUITS AND VEGETABLES,112.39,STORE-AGY,45,1560.4,False,True,False,False,True,False,False,True,True,False,False
row_04366,PRD-S6KFRX,18.849,0.1763,household,175.95,STORE-DKU,30,2414.92,False,True,False,True,False,True,False,False,False,True,False
row_04367,PRD-GOAVWS,11.733,0.0,Snack Foods,122.48,STORE-HL7,23,839.33,False,False,True,False,True,True,False,False,True,False,False
row_04368,PRD-ZJZCZV,8.245,0.0,SNACK FOODS,101.66,STORE-AGY,45,936.78,False,True,False,False,True,False,False,False,True,False,False
row_04369,PRD-T5HGP8,10.774,0.123,Baking Goods,166.32,STORE-HL7,23,1867.6,False,False,True,False,True,True,False,True,False,True,False
row_04375,PRD-XMSTP3,15.169,0.0598,Snack Foods,46.68,STORE-DKU,30,687.04,False,True,False,True,False,True,False,False,False,False,False
row_04376,PRD-AHB3HN,10.242,0.1143,SNACK FOODS,59.72,STORE-DKU,30,791.59,False,True,False,True,False,True,False,False,False,False,False
row_04377,PRD-6HEP2U,17.669,0.0125,Snack Foods,142.61,STORE-YLW,35,1358.22,False,True,False,False,False,False,True,False,False,True,False
row_04378,PRD-EVYY91,14.573,0.0177,health and hygiene,107.92,STORE-HL7,23,562.69,False,False,True,False,True,True,False,False,True,False,False
row_04379,PRD-HP5E7A,10.588,0.0826,SNACK FOODS,224.61,STORE-9RG,28,4034.97,False,True,False,True,False,False,True,True,False,False,True
row_04380,PRD-NCP2VI,17.766,0.0188,Health and Hygiene,230.8,STORE-HL7,23,2875.98,False,False,True,False,True,True,False,False,False,False,True
row_04381,PRD-I7OGZA,15.781,0.0508,household,189.23,STORE-DKU,30,2645.42,False,True,False,True,False,True,False,False,False,False,True
row_04382,PRD-1WW0WD,14.348,0.0814,Baking Goods,79.22,STORE-AGY,45,726.59,False,True,False,False,True,False,False,False,False,False,False
row_04383,PRD-YUZ87C,14.708,0.0486,Baking Goods,145.98,STORE-JOR,34,290.62,False,False,False,False,True,True,False,False,False,True,False
row_04384,PRD-M5VWIP,12.850875916323977,0.0712,Frozen Foods,123.39,STORE-7WS,47,459.22,True,False,False,False,True,True,False,False,True,False,False
row_04387,PRD-U7MX3G,5.979,0.0883,HOUSEHOLD,165.16,STORE-HL7,23,1680.87,False,False,True,False,True,True,False,False,False,True,False
row_04389,PRD-V4B1K1,12.850875916323977,0.007,BAKING GOODS,46.04,STORE-7WS,47,632.57,True,False,False,False,True,True,False,False,False,False,False
row_04390,PRD-5K9MLE,12.213,0.1665,household,119.97,STORE-9RG,28,1328.8,False,True,False,True,False,False,True,False,True,False,False
row_04391,PRD-MX6K0J,19.367,0.0623,health and hygiene,126.12,STORE-OYG,25,2513.55,False,True,False,True,False,True,False,False,True,False,False
row_04392,PRD-KTGBTY,11.33,0.0326,HARD DRINKS,39.11,STORE-JOR,34,80.66,False,False,False,False,True,True,False,False,False,False,False
row_04393,PRD-95N4VP,15.531,0.0759,FROZEN FOODS,183.81,STORE-JOR,34,188.0,False,False,False,False,True,True,False,False,False,True,False
row_04394,PRD-EBEM2I,12.64,0.1053,Fruits and Vegetables,170.26,STORE-OYG,25,3568.8,False,True,False,True,False,True,False,True,False,True,False
row_04396,PRD-XQL9QP,12.850875916323977,0.1133,breads,258.18,STORE-T5G,47,269.58,False,False,False,False,False,False,True,True,False,False,True
row_04397,PRD-DZ26FO,11.723,0.0182,CANNED,179.9,STORE-OYG,25,5720.21,False,True,False,True,False,True,False,False,False,True,False
row_04399,PRD-X4KNSF,16.772,0.0641,household,174.9,STORE-JOR,34,371.29,False,False,False,False,True,True,False,False,False,True,False
row_04401,PRD-PSQUZU,12.850875916323977,0.0534,Snack Foods,194.75,STORE-7WS,47,1915.61,True,False,False,False,True,True,False,False,False,False,True
row_04402,PRD-86HF4I,15.411,0.0,meat,262.17,STORE-JOR,34,1289.07,False,False,False,False,True,True,False,False,False,False,True
row_04403,PRD-DTQLBZ,12.850875916323977,0.1219,Baking Goods,105.84,STORE-7WS,47,2464.03,True,False,False,False,True,True,False,True,True,False,False
row_04404,PRD-7Y6KY9,20.765,0.0317,BAKING GOODS,178.73,STORE-YLW,35,1120.59,False,True,False,False,False,False,True,False,False,True,False
row_04405,PRD-U438R9,11.396,0.0599,Frozen Foods,180.8,STORE-JOR,34,180.01,False,False,False,False,True,True,False,True,False,True,False
row_04406,PRD-UDD467,9.15,0.029,Dairy,157.28,STORE-YLW,35,2511.06,False,True,False,False,False,False,True,False,False,True,False
row_04407,PRD-K6I2KL,9.503,0.0137,SNACK FOODS,190.03,STORE-9RG,28,1631.6,False,True,False,True,False,False,True,True,False,False,True
row_04408,PRD-T0G7RI,12.850875916323977,0.0401,Snack Foods,51.86,STORE-7WS,47,1556.92,True,False,False,False,True,True,False,True,False,False,False
row_04409,PRD-P2F8UZ,12.509,0.0501,Household,190.63,STORE-HL7,23,579.76,False,False,True,False,True,True,False,False,False,False,True
row_04410,PRD-N3VBIA,20.168,0.0588,household,250.56,STORE-DKU,30,1982.61,False,True,False,True,False,True,False,False,False,False,True
row_04411,PRD-PXXK71,7.8,0.0697,Health and Hygiene,44.84,STORE-HL7,23,1039.34,False,False,True,False,True,True,False,False,False,False,False
row_04412,PRD-070S1K,14.793,0.06,HOUSEHOLD,183.32,STORE-YLW,35,3735.61,False,True,False,False,False,False,True,False,False,True,False
row_04414,PRD-FSOZPT,12.850875916323977,0.0749,Soft Drinks,227.55,STORE-7WS,47,8488.66,True,False,False,False,True,True,False,True,False,False,True
row_04415,PRD-2PCIGY,12.850875916323977,0.15,Fruits and Vegetables,63.52,STORE-T5G,47,319.85,False,False,False,False,False,False,True,False,False,False,False
row_04417,PRD-P1LPTS,12.850875916323977,0.2013,HOUSEHOLD,255.17,STORE-T5G,47,250.7,False,False,False,False,False,False,True,False,False,False,True
row_04418,PRD-WMFTOO,18.712,0.0462,health and hygiene,151.38,STORE-89Z,33,1655.5,False,True,False,False,False,True,False,False,False,True,False
row_04420,PRD-O69WEZ,17.087,0.0123,DAIRY,144.84,STORE-JOR,34,282.5,False,False,False,False,True,True,False,True,False,True,False
row_04421,PRD-82BCVD,19.698,0.062,fruits and vegetables,124.34,STORE-89Z,33,2686.11,False,True,False,False,False,True,False,True,True,False,False
row_04422,PRD-I64XLY,11.905,0.0407,Fruits and Vegetables,183.1,STORE-DKU,30,1808.63,False,True,False,True,False,True,False,False,False,True,False
row_04423,PRD-DN0YBY,6.149,0.1139,Soft Drinks,159.62,STORE-9RG,28,1224.56,False,True,False,True,False,False,True,False,False,True,False
row_04424,PRD-3I603D,12.850875916323977,0.0262,Frozen Foods,268.75,STORE-7WS,47,5671.89,True,False,False,False,True,True,False,False,False,False,True
row_04425,PRD-XYXASW,15.011,0.0752,BREADS,119.58,STORE-JOR,34,247.95,False,False,False,False,True,True,False,False,True,False,False
row_04426,PRD-KFRZWZ,12.823,0.072,Meat,54.58,STORE-OYG,25,846.47,False,True,False,True,False,True,False,False,False,False,False
row_04427,PRD-R3PE29,5.516,0.1802,Soft Drinks,146.7,STORE-OYG,25,1742.96,False,True,False,True,False,True,False,False,False,True,False
row_04428,PRD-QS3E3R,12.850875916323977,0.0944,Breads,158.1,STORE-7WS,47,5842.84,True,False,False,False,True,True,False,False,False,True,False
row_04429,PRD-DI6SOU,12.850875916323977,0.0467,Canned,155.51,STORE-7WS,47,4119.22,True,False,False,False,True,True,False,True,False,True,False
row_04430,PRD-N9CUWJ,9.666,0.0353,SNACK FOODS,242.6,STORE-OYG,25,3640.68,False,True,False,True,False,True,False,False,False,False,True
row_04431,PRD-1QW65X,6.015,0.0891,HOUSEHOLD,132.15,STORE-DKU,30,2921.37,False,True,False,True,False,True,False,False,True,False,False
row_04432,PRD-042LPI,19.987,0.0456,Health and Hygiene,41.22,STORE-9RG,28,603.93,False,True,False,True,False,False,True,False,False,False,False
row_04433,PRD-SB61LG,20.854,0.0474,Fruits and Vegetables,184.0,STORE-DKU,30,3925.72,False,True,False,True,False,True,False,True,False,True,False
row_04434,PRD-VM8F3I,16.021,0.1198,Fruits and Vegetables,58.14,STORE-9RG,28,169.39,False,True,False,True,False,False,True,True,False,False,False
row_04435,PRD-DZVGPM,21.285,0.0,Soft Drinks,151.43,STORE-9RG,28,2433.54,False,True,False,True,False,False,True,False,False,True,False
row_04436,PRD-E8N6QI,11.09,0.0537,Soft Drinks,234.19,STORE-89Z,33,3691.24,False,True,False,False,False,True,False,False,False,False,True
row_04437,PRD-SUDBCI,13.076,0.0418,Snack Foods,179.53,STORE-AGY,45,3467.55,False,True,False,False,True,False,False,False,False,True,False
row_04439,PRD-AYNU0X,6.8,0.0364,Breads,224.19,STORE-HL7,23,5438.69,False,False,True,False,True,True,False,False,False,False,True
row_04440,PRD-RPHBL5,20.328,0.0483,snack foods,178.42,STORE-OYG,25,2054.92,False,True,False,True,False,True,False,True,False,True,False
row_04442,PRD-8KQGUY,7.842,0.0304,Household,120.15,STORE-OYG,25,1331.02,False,True,False,True,False,True,False,False,True,False,False
row_04443,PRD-YOQF1P,13.957,0.0137,fruits and vegetables,117.46,STORE-DKU,30,1449.6,False,True,False,True,False,True,False,True,True,False,False
row_04444,PRD-Y7084P,18.67,0.0254,MEAT,89.38,STORE-OYG,25,822.43,False,True,False,True,False,True,False,False,False,False,False
row_04445,PRD-1VG7CO,15.119,0.1234,FRUITS AND VEGETABLES,173.43,STORE-OYG,25,2523.65,False,True,False,True,False,True,False,True,False,True,False
row_04446,PRD-F6KJKV,12.145,0.0,starchy foods,120.21,STORE-9RG,28,2692.81,False,True,False,True,False,False,True,False,True,False,False
row_04447,PRD-9VW3RT,18.472,0.0149,HARD DRINKS,107.0,STORE-9RG,28,1953.06,False,True,False,True,False,False,True,False,True,False,False
row_04448,PRD-QEYOOU,12.850875916323977,0.0714,Frozen Foods,231.19,STORE-7WS,47,7112.86,True,False,False,False,True,True,False,True,False,False,True
row_04449,PRD-6O0HUH,12.850875916323977,0.0,Fruits and Vegetables,239.89,STORE-T5G,47,473.79,False,False,False,False,False,False,True,True,False,False,True
row_04450,PRD-AK5AGE,12.850875916323977,0.0402,Health and Hygiene,190.88,STORE-7WS,47,6065.84,True,False,False,False,True,True,False,False,False,False,True
row_04451,PRD-UHZ6A8,9.557,0.0417,Hard Drinks,122.19,STORE-HL7,23,1126.37,False,False,True,False,True,True,False,False,True,False,False
row_04452,PRD-JQHUCI,7.676,0.1524,Canned,51.65,STORE-OYG,25,591.53,False,True,False,True,False,True,False,True,False,False,False
row_04453,PRD-UDD467,12.850875916323977,0.0292,dairy,148.74,STORE-7WS,47,1098.36,True,False,False,False,True,True,False,False,False,True,False
row_04455,PRD-ICW8VL,9.227,0.0159,Baking Goods,85.49,STORE-OYG,25,1286.63,False,True,False,True,False,True,False,False,False,False,False
row_04456,PRD-L8WU3R,19.315,0.0184,Snack Foods,112.37,STORE-HL7,23,1726.72,False,False,True,False,True,True,False,True,True,False,False
row_04457,PRD-HEZ5ED,16.726,0.1296,Hard Drinks,170.53,STORE-89Z,33,2713.49,False,True,False,False,False,True,False,False,False,True,False
row_04458,PRD-MW0SKC,12.850875916323977,0.2862,MEAT,158.15,STORE-T5G,47,465.7,False,False,False,False,False,False,True,True,False,True,False
row_04459,PRD-RLBUOB,12.850875916323977,0.0,Seafood,179.14,STORE-T5G,47,178.35,False,False,False,False,False,False,True,True,False,True,False
row_04460,PRD-5JACYR,7.492,0.0286,Fruits and Vegetables,41.39,STORE-AGY,45,559.47,False,True,False,False,True,False,False,False,False,False,False
row_04461,PRD-059SC5,20.635,0.0,health and hygiene,153.02,STORE-YLW,35,2582.95,False,True,False,False,False,False,True,False,False,True,False
row_04462,PRD-8669BY,12.850875916323977,0.1304,Fruits and Vegetables,172.74,STORE-7WS,47,3420.92,True,False,False,False,True,True,False,False,False,True,False
row_04463,PRD-3H7I5X,14.921,0.1051,FRUITS AND VEGETABLES,147.37,STORE-OYG,25,2726.89,False,True,False,True,False,True,False,True,False,True,False
row_04464,PRD-UWE98S,7.437,0.0325,Frozen Foods,231.95,STORE-AGY,45,3430.6,False,True,False,False,True,False,False,False,False,False,True
row_04465,PRD-CFZYY9,15.516,0.0907,FROZEN FOODS,220.56,STORE-89Z,33,3343.13,False,True,False,False,False,True,False,False,False,False,True
row_04466,PRD-0CHYKM,9.136,0.0719,health and hygiene,272.08,STORE-AGY,45,4066.58,False,True,False,False,True,False,False,False,False,False,True
row_04467,PRD-NJR720,19.437,0.1333,breads,153.91,STORE-YLW,35,4005.93,False,True,False,False,False,False,True,False,False,True,False
row_04468,PRD-0U24IQ,5.658,0.1319,Dairy,90.31,STORE-YLW,35,1338.08,False,True,False,False,False,False,True,False,False,False,False
row_04469,PRD-UP0URE,12.850875916323977,0.0727,Dairy,48.93,STORE-AGY,45,922.64,False,True,False,False,True,False,False,True,False,False,False
row_04472,PRD-WMFTOO,19.241,0.0465,HEALTH AND HYGIENE,150.32,STORE-OYG,25,1659.88,False,True,False,True,False,True,False,False,False,True,False
row_04473,PRD-679O2X,20.775,0.0474,SNACK FOODS,195.01,STORE-OYG,25,1153.31,False,True,False,True,False,True,False,False,False,False,True
row_04474,PRD-N3VBIA,19.919,0.0594,Household,240.81,STORE-OYG,25,3705.16,False,True,False,True,False,True,False,False,False,False,True
row_04475,PRD-2SLHIM,21.171,0.0105,MEAT,186.42,STORE-OYG,25,2829.85,False,True,False,True,False,True,False,False,False,False,True
row_04476,PRD-JVFJWT,18.843,0.1069,Fruits and Vegetables,226.88,STORE-YLW,35,3141.9,False,True,False,False,False,False,True,True,False,False,True
row_04477,PRD-M58TL5,7.221,0.053,Frozen Foods,60.12,STORE-YLW,35,797.65,False,True,False,False,False,False,True,False,False,False,False
row_04478,PRD-BLQGBI,12.850875916323977,0.0762,Household,151.61,STORE-7WS,47,3350.82,True,False,False,False,True,True,False,False,False,True,False
row_04479,PRD-5QVWC9,6.365,0.1186,HOUSEHOLD,268.03,STORE-89Z,33,3334.81,False,True,False,False,False,True,False,False,False,False,True
row_04480,PRD-KGPPR8,19.226,0.063,Baking Goods,159.71,STORE-AGY,45,1697.17,False,True,False,False,True,False,False,True,False,True,False
row_04481,PRD-QNVF2X,14.491,0.0188,DAIRY,265.31,STORE-YLW,35,5011.59,False,True,False,False,False,False,True,True,False,False,True
row_04482,PRD-G5MMQ7,10.449,0.0634,Breakfast,178.62,STORE-OYG,25,2703.44,False,True,False,True,False,True,False,True,False,True,False
row_04484,PRD-2VLDQ4,6.624,0.0686,Hard Drinks,260.42,STORE-HL7,23,4293.73,False,False,True,False,True,True,False,False,False,False,True
row_04485,PRD-OSI366,12.868,0.0861,Fruits and Vegetables,109.99,STORE-DKU,30,3352.55,False,True,False,True,False,True,False,False,True,False,False
row_04486,PRD-SCRO8S,15.283,0.1052,Fruits and Vegetables,42.23,STORE-YLW,35,493.98,False,True,False,False,False,False,True,True,False,False,False
row_04487,PRD-3A1DU1,5.694,0.0794,Household,175.38,STORE-OYG,25,1011.66,False,True,False,True,False,True,False,False,False,True,False
row_04488,PRD-28N1GP,13.582,0.0585,BAKING GOODS,86.51,STORE-DKU,30,1691.08,False,True,False,True,False,True,False,False,False,False,False
row_04489,PRD-HD96M8,12.044,0.0633,Starchy Foods,35.32,STORE-HL7,23,258.07,False,False,True,False,True,True,False,False,False,False,False
row_04491,PRD-WEPXSK,12.850875916323977,0.0766,Soft Drinks,79.79,STORE-T5G,47,240.22,False,False,False,False,False,False,True,False,False,False,False
row_04492,PRD-2QPR75,12.850875916323977,0.0971,dairy,54.84,STORE-7WS,47,3218.56,True,False,False,False,True,True,False,False,False,False,False
row_04493,PRD-FP4E8T,12.850875916323977,0.0444,fruits and vegetables,118.4,STORE-T5G,47,818.48,False,False,False,False,False,False,True,False,True,False,False
row_04494,PRD-YLAH3X,12.850875916323977,0.0343,household,108.01,STORE-7WS,47,3204.6,True,False,False,False,True,True,False,False,True,False,False
row_04495,PRD-WEWPGV,14.566,0.1186,snack foods,224.08,STORE-9RG,28,5787.83,False,True,False,True,False,False,True,False,False,False,True
row_04496,PRD-VW2RFX,12.850875916323977,0.0525,dairy,180.15,STORE-7WS,47,8181.71,True,False,False,False,True,True,False,False,False,True,False
row_04497,PRD-74AVMI,12.850875916323977,0.1637,Snack Foods,227.58,STORE-T5G,47,954.95,False,False,False,False,False,False,True,False,False,False,True
row_04499,PRD-ILAZCL,7.869,0.0103,snack foods,254.69,STORE-YLW,35,2887.21,False,True,False,False,False,False,True,False,False,False,True
row_04500,PRD-CLVEHR,16.205,0.1639,Frozen Foods,33.45,STORE-HL7,23,208.44,False,False,True,False,True,True,False,True,False,False,False
row_04501,PRD-PUWBWJ,12.365,0.1262,Dairy,252.22,STORE-JOR,34,251.86,False,False,False,False,True,True,False,True,False,False,True
row_04502,PRD-THVKB8,8.968,0.1494,Dairy,258.45,STORE-JOR,34,1263.02,False,False,False,False,True,True,False,True,False,False,True
row_04503,PRD-PRFP9S,14.259,0.0268,FROZEN FOODS,77.39,STORE-DKU,30,795.93,False,True,False,True,False,True,False,False,False,False,False
row_04504,PRD-6D4HQC,12.850875916323977,0.156,snack foods,113.46,STORE-T5G,47,112.61,False,False,False,False,False,False,True,False,True,False,False
row_04505,PRD-CC46C1,20.097,0.1188,Baking Goods,199.11,STORE-OYG,25,2493.23,False,True,False,True,False,True,False,True,False,False,True
row_04506,PRD-6HL8IZ,5.825,0.0388,fruits and vegetables,268.95,STORE-AGY,45,5924.64,False,True,False,False,True,False,False,True,False,False,True
row_04507,PRD-Y8VYIF,19.064,0.0443,canned,258.42,STORE-89Z,33,3317.87,False,True,False,False,False,True,False,False,False,False,True
row_04508,PRD-J28SY2,15.888,0.0741,baking goods,254.43,STORE-89Z,33,1902.47,False,True,False,False,False,True,False,True,False,False,True
row_04509,PRD-JDP69D,19.358,0.1668,Household,194.87,STORE-89Z,33,3000.87,False,True,False,False,False,True,False,False,False,False,True
row_04510,PRD-6S601Z,11.544,0.1202,Frozen Foods,102.77,STORE-DKU,30,2058.66,False,True,False,True,False,True,False,True,True,False,False
row_04511,PRD-N3R81D,12.850875916323977,0.0944,Frozen Foods,181.33,STORE-7WS,47,6670.55,True,False,False,False,True,True,False,True,False,True,False
row_04512,PRD-EFRJYJ,5.413,0.1378,Seafood,168.3,STORE-YLW,35,3195.27,False,True,False,False,False,False,True,True,False,True,False
row_04513,PRD-VN11V8,12.850875916323977,0.1029,Fruits and Vegetables,147.49,STORE-T5G,47,148.1,False,False,False,False,False,False,True,False,False,True,False
row_04514,PRD-MDLMQ0,12.850875916323977,0.0961,health and hygiene,153.25,STORE-T5G,47,151.44,False,False,False,False,False,False,True,False,False,True,False
row_04515,PRD-0PKUUM,7.6,0.1443,STARCHY FOODS,168.7,STORE-89Z,33,4213.06,False,True,False,False,False,True,False,True,False,True,False
row_04516,PRD-V82DIB,12.850875916323977,0.0186,MEAT,113.93,STORE-T5G,47,213.04,False,False,False,False,False,False,True,True,True,False,False
row_04517,PRD-NHLLA9,13.697,0.0801,Health and Hygiene,55.2,STORE-DKU,30,694.12,False,True,False,True,False,True,False,False,False,False,False
row_04518,PRD-6NJX8K,6.882,0.0374,household,230.56,STORE-OYG,25,6152.27,False,True,False,True,False,True,False,False,False,False,True
row_04519,PRD-7W86NG,12.850875916323977,0.1009,health and hygiene,102.12,STORE-T5G,47,104.21,False,False,False,False,False,False,True,False,True,False,False
row_04520,PRD-JZ2N82,12.762,0.1023,household,45.21,STORE-OYG,25,809.33,False,True,False,True,False,True,False,False,False,False,False
row_04521,PRD-THVKB8,8.999,0.0871,Dairy,253.94,STORE-DKU,30,3440.36,False,True,False,True,False,True,False,True,False,False,True
row_04523,PRD-KV05SZ,19.37,0.0879,Hard Drinks,129.59,STORE-9RG,28,1178.96,False,True,False,True,False,False,True,False,True,False,False
row_04524,PRD-58CEPS,12.850875916323977,0.0685,Fruits and Vegetables,182.49,STORE-HL7,23,1333.96,False,False,True,False,True,True,False,False,False,True,False
row_04525,PRD-Y0VDVE,15.347,0.047,Dairy,235.84,STORE-HL7,23,2068.92,False,False,True,False,True,True,False,False,False,False,True
row_04526,PRD-BTN76M,17.284,0.1665,Fruits and Vegetables,118.25,STORE-AGY,45,658.55,False,True,False,False,True,False,False,False,True,False,False
row_04527,PRD-IEIQO7,18.269,0.1133,others,56.74,STORE-DKU,30,1510.88,False,True,False,True,False,True,False,False,False,False,False
row_04528,PRD-U02KQN,19.628,0.0,HEALTH AND HYGIENE,153.43,STORE-HL7,23,2694.24,False,False,True,False,True,True,False,False,False,True,False
row_04530,PRD-C71O4Y,11.795,0.0,fruits and vegetables,130.83,STORE-AGY,45,1984.82,False,True,False,False,True,False,False,False,True,False,False
row_04531,PRD-D7OODG,12.850875916323977,0.0846,Fruits and Vegetables,77.04,STORE-T5G,47,313.33,False,False,False,False,False,False,True,True,False,False,False
row_04532,PRD-AQ6L6G,6.225,0.1276,Soft Drinks,113.66,STORE-JOR,34,467.66,False,False,False,False,True,True,False,False,True,False,False
row_04533,PRD-OQ0Y2Z,16.091,0.0538,baking goods,198.44,STORE-9RG,28,4810.62,False,True,False,True,False,False,True,False,False,False,True
row_04534,PRD-6S601Z,11.728,0.1227,Frozen Foods,98.34,STORE-HL7,23,840.07,False,False,True,False,True,True,False,True,True,False,False
row_04535,PRD-45H02C,13.059,0.0301,Canned,59.36,STORE-AGY,45,913.76,False,True,False,False,True,False,False,True,False,False,False
row_04536,PRD-G1X3J1,11.843,0.1157,Soft Drinks,195.33,STORE-AGY,45,3946.0,False,True,False,False,True,False,False,False,False,False,True
row_04543,PRD-3KI24S,12.850875916323977,0.0149,Household,179.65,STORE-7WS,47,4948.13,True,False,False,False,True,True,False,False,False,True,False
row_04544,PRD-PGW90J,13.925,0.0428,Dairy,51.01,STORE-HL7,23,1296.88,False,False,True,False,True,True,False,False,False,False,False
row_04546,PRD-JEDKTS,14.889,0.0,Soft Drinks,96.18,STORE-YLW,35,459.22,False,True,False,False,False,False,True,False,True,False,False
row_04547,PRD-XH6DLO,17.878,0.1293,FROZEN FOODS,121.12,STORE-DKU,30,2760.88,False,True,False,True,False,True,False,False,True,False,False
row_04548,PRD-0TB4QO,6.547,0.0,Snack Foods,133.09,STORE-89Z,33,1579.67,False,True,False,False,False,True,False,True,True,False,False
row_04549,PRD-18NL4I,19.726,0.0209,Fruits and Vegetables,120.89,STORE-89Z,33,2997.25,False,True,False,False,False,True,False,True,True,False,False
row_04551,PRD-1N0XXZ,11.062,0.0107,Canned,83.64,STORE-9RG,28,788.8,False,True,False,True,False,False,True,False,False,False,False
row_04552,PRD-7G23CP,9.16,0.0823,Canned,81.32,STORE-HL7,23,1504.67,False,False,True,False,True,True,False,False,False,False,False
row_04553,PRD-PSQUZU,19.239,0.0513,SNACK FOODS,185.43,STORE-AGY,45,2534.39,False,True,False,False,True,False,False,False,False,True,False
row_04554,PRD-2VQXX9,16.367,0.0288,Snack Foods,39.54,STORE-DKU,30,325.97,False,True,False,True,False,True,False,False,False,False,False
row_04555,PRD-A46JZO,15.615,0.0116,Health and Hygiene,49.79,STORE-OYG,25,151.17,False,True,False,True,False,True,False,False,False,False,False
row_04557,PRD-J5B4CP,12.850875916323977,0.1793,Breads,128.99,STORE-T5G,47,616.62,False,False,False,False,False,False,True,False,True,False,False
row_04558,PRD-Z3PM7V,20.316,0.0988,Meat,177.8,STORE-HL7,23,6671.99,False,False,True,False,True,True,False,True,False,True,False
row_04560,PRD-Q51250,16.429,0.0949,HOUSEHOLD,207.12,STORE-AGY,45,624.41,False,True,False,False,True,False,False,False,False,False,True
row_04561,PRD-1FEQOX,18.505,0.0,snack foods,261.68,STORE-HL7,23,2924.44,False,False,True,False,True,True,False,False,False,False,True
row_04564,PRD-2I4RKK,8.62,0.1866,health and hygiene,64.57,STORE-JOR,34,123.86,False,False,False,False,True,True,False,False,False,False,False
row_04565,PRD-5K9MLE,12.569,0.1688,Household,120.77,STORE-AGY,45,3804.58,False,True,False,False,True,False,False,False,True,False,False
row_04566,PRD-P1PFDI,18.005,0.1088,OTHERS,108.91,STORE-OYG,25,324.36,False,True,False,True,False,True,False,False,True,False,False
row_04567,PRD-D7OODG,19.253,0.0498,Fruits and Vegetables,77.24,STORE-DKU,30,1568.2,False,True,False,True,False,True,False,True,False,False,False
row_04568,PRD-SVH3EJ,6.153,0.0219,MEAT,38.99,STORE-JOR,34,80.42,False,False,False,False,True,True,False,False,False,False,False
row_04569,PRD-U02KQN,12.850875916323977,0.0258,Health and Hygiene,152.28,STORE-7WS,47,6373.0,True,False,False,False,True,True,False,False,False,True,False
row_04570,PRD-LI16DH,12.387,0.0187,frozen foods,245.65,STORE-YLW,35,2224.32,False,True,False,False,False,False,True,False,False,False,True
row_04571,PRD-3OERXC,15.598,0.1391,household,99.26,STORE-OYG,25,1274.32,False,True,False,True,False,True,False,False,True,False,False
row_04572,PRD-H56OB4,8.926,0.0829,Household,106.83,STORE-JOR,34,109.08,False,False,False,False,True,True,False,False,True,False,False
row_04575,PRD-94QTWZ,8.383,0.1226,Meat,188.35,STORE-AGY,45,4948.01,False,True,False,False,True,False,False,False,False,False,True
row_04578,PRD-ZFWONV,5.357,0.1074,fruits and vegetables,147.95,STORE-YLW,35,2046.45,False,True,False,False,False,False,True,True,False,True,False
row_04579,PRD-M2PZNT,14.391,0.0203,Others,168.68,STORE-89Z,33,2527.28,False,True,False,False,False,True,False,False,False,True,False
row_04580,PRD-G05TPN,18.873,0.1246,Household,194.65,STORE-JOR,34,596.91,False,False,False,False,True,True,False,False,False,False,True
row_04581,PRD-DH2TA3,12.850875916323977,0.028,Household,103.51,STORE-T5G,47,203.97,False,False,False,False,False,False,True,False,True,False,False
row_04582,PRD-RLBUOB,7.225,0.0207,SEAFOOD,180.27,STORE-DKU,30,5373.31,False,True,False,True,False,True,False,True,False,True,False
row_04583,PRD-8CL0LC,12.850875916323977,0.0453,Canned,161.63,STORE-7WS,47,4423.86,True,False,False,False,True,True,False,False,False,True,False
row_04584,PRD-FL1299,8.933,0.0515,Canned,88.31,STORE-YLW,35,1013.08,False,True,False,False,False,False,True,True,False,False,False
row_04585,PRD-RVRRGQ,5.894,0.0723,Dairy,115.49,STORE-89Z,33,554.22,False,True,False,False,False,True,False,True,True,False,False
row_04586,PRD-WJIQXP,12.804,0.0728,frozen foods,197.81,STORE-AGY,45,1912.09,False,True,False,False,True,False,False,True,False,False,True
row_04587,PRD-28N1GP,13.644,0.0983,Baking Goods,87.25,STORE-JOR,34,172.75,False,False,False,False,True,True,False,False,False,False,False
row_04588,PRD-WJRNZT,16.833,0.0,HOUSEHOLD,169.89,STORE-HL7,23,1367.15,False,False,True,False,True,True,False,False,False,True,False
row_04589,PRD-IWS48A,14.536,0.0355,BAKING GOODS,96.7,STORE-HL7,23,653.06,False,False,True,False,True,True,False,True,True,False,False
row_04590,PRD-K2W2CW,16.345,0.0496,Canned,119.9,STORE-89Z,33,1488.86,False,True,False,False,False,True,False,False,True,False,False
row_04593,PRD-1K1QT6,12.850875916323977,0.01,Household,181.13,STORE-7WS,47,6458.43,True,False,False,False,True,True,False,False,False,True,False
row_04594,PRD-VTZDFX,16.843,0.0638,baking goods,97.69,STORE-AGY,45,1689.03,False,True,False,False,True,False,False,True,True,False,False
row_04595,PRD-6RX35U,13.688,0.0715,Frozen Foods,193.86,STORE-9RG,28,2043.55,False,True,False,True,False,False,True,True,False,False,True
row_04596,PRD-J10FFD,8.314,0.0128,Household,140.82,STORE-YLW,35,673.7,False,True,False,False,False,False,True,False,True,False,False
row_04600,PRD-47VEYF,6.246,0.0959,Meat,216.44,STORE-OYG,25,2284.2,False,True,False,True,False,True,False,True,False,False,True
row_04601,PRD-P3WJRM,12.929,0.0316,FRUITS AND VEGETABLES,194.72,STORE-AGY,45,3259.78,False,True,False,False,True,False,False,False,False,False,True
row_04603,PRD-IHO2KG,13.333,0.0793,FROZEN FOODS,258.62,STORE-DKU,30,2433.52,False,True,False,True,False,True,False,True,False,False,True
row_04604,PRD-6HL8IZ,5.667,0.0371,Fruits and Vegetables,267.14,STORE-89Z,33,510.53,False,True,False,False,False,True,False,True,False,False,True
row_04605,PRD-2G2HFD,9.493,0.0117,Household,162.54,STORE-JOR,34,681.84,False,False,False,False,True,True,False,False,False,True,False
row_04607,PRD-OM3ZAQ,12.850875916323977,0.0313,Snack Foods,250.83,STORE-7WS,47,4802.71,True,False,False,False,True,True,False,True,False,False,True
row_04609,PRD-ANNREG,19.276,0.0336,Canned,143.99,STORE-YLW,35,4057.14,False,True,False,False,False,False,True,True,False,True,False
row_04610,PRD-58CEPS,6.796,0.0673,fruits and vegetables,183.28,STORE-AGY,45,4021.93,False,True,False,False,True,False,False,False,False,True,False
row_04611,PRD-7MBAPO,9.816,0.0936,Fruits and Vegetables,230.04,STORE-JOR,34,1295.55,False,False,False,False,True,True,False,True,False,False,True
row_04612,PRD-1J8NER,6.501,0.0256,Household,117.64,STORE-9RG,28,2414.38,False,True,False,True,False,False,True,False,True,False,False
row_04613,PRD-OONR06,12.850875916323977,0.0,FROZEN FOODS,234.57,STORE-T5G,47,723.61,False,False,False,False,False,False,True,True,False,False,True
row_04614,PRD-ONUBR9,8.887,0.1457,Canned,47.09,STORE-HL7,23,919.59,False,False,True,False,True,True,False,False,False,False,False
row_04615,PRD-CEM9N4,11.932,0.1273,FROZEN FOODS,244.68,STORE-DKU,30,6618.89,False,True,False,True,False,True,False,False,False,False,True
row_04616,PRD-T5HGP8,10.257,0.118,BAKING GOODS,162.02,STORE-YLW,35,3461.61,False,True,False,False,False,False,True,True,False,True,False
row_04617,PRD-1LYFSP,12.850875916323977,0.173,FRUITS AND VEGETABLES,219.5,STORE-7WS,47,9537.99,True,False,False,False,True,True,False,False,False,False,True
row_04618,PRD-WTIGY6,11.238,0.0874,Snack Foods,170.84,STORE-YLW,35,1042.23,False,True,False,False,False,False,True,True,False,True,False
row_04619,PRD-12310X,8.097,0.0138,Health and Hygiene,181.95,STORE-89Z,33,3727.9,False,True,False,False,False,True,False,False,False,True,False
row_04621,PRD-MICMBP,7.785,0.0797,Frozen Foods,34.17,STORE-9RG,28,676.65,False,True,False,True,False,False,True,True,False,False,False
row_04622,PRD-CETEN7,6.784,0.1996,Baking Goods,41.59,STORE-JOR,34,252.94,False,False,False,False,True,True,False,True,False,False,False
row_04623,PRD-UJG7IN,5.906,0.1007,FROZEN FOODS,125.03,STORE-OYG,25,777.12,False,True,False,True,False,True,False,False,True,False,False
row_04624,PRD-639BCP,21.332,0.0599,baking goods,85.18,STORE-DKU,30,1423.54,False,True,False,True,False,True,False,True,False,False,False
row_04625,PRD-N5F62D,17.524,0.0142,Frozen Foods,252.66,STORE-89Z,33,6373.57,False,True,False,False,False,True,False,False,False,False,True
row_04626,PRD-G05TPN,12.850875916323977,0.0766,Household,192.17,STORE-7WS,47,5634.11,True,False,False,False,True,True,False,False,False,False,True
row_04627,PRD-OE45D1,10.055,0.0259,CANNED,260.86,STORE-9RG,28,3133.91,False,True,False,True,False,False,True,False,False,False,True
row_04628,PRD-1L8SUG,16.501,0.056,STARCHY FOODS,64.05,STORE-9RG,28,1024.52,False,True,False,True,False,False,True,True,False,False,False
row_04629,PRD-9AHW2P,14.069,0.0584,SNACK FOODS,231.78,STORE-89Z,33,3845.87,False,True,False,False,False,True,False,True,False,False,True
row_04632,PRD-CEM9N4,12.091,0.1352,FROZEN FOODS,242.5,STORE-OYG,25,737.39,False,True,False,True,False,True,False,False,False,False,True
row_04633,PRD-8A170X,18.456,0.0402,FROZEN FOODS,243.49,STORE-HL7,23,3047.18,False,False,True,False,True,True,False,False,False,False,True
row_04635,PRD-38JOEC,14.581,0.0101,Snack Foods,155.4,STORE-OYG,25,3573.6,False,True,False,True,False,True,False,True,False,True,False
row_04639,PRD-GJY1KD,12.850875916323977,0.0087,household,192.87,STORE-HL7,23,4384.76,False,False,True,False,True,True,False,False,False,False,True
row_04640,PRD-IQK291,10.715,0.0188,SOFT DRINKS,192.05,STORE-9RG,28,2346.92,False,True,False,True,False,False,True,False,False,False,True
row_04641,PRD-W3QN3T,15.934,0.0416,snack foods,140.65,STORE-YLW,35,2284.07,False,True,False,False,False,False,True,False,True,False,False
row_04642,PRD-P3WJRM,12.947,0.0548,fruits and vegetables,199.69,STORE-JOR,34,379.99,False,False,False,False,True,True,False,False,False,False,True
row_04643,PRD-C2W953,17.096,0.0379,SNACK FOODS,96.68,STORE-89Z,33,2695.65,False,True,False,False,False,True,False,True,True,False,False
row_04644,PRD-OI4J3X,17.157,0.1528,FRUITS AND VEGETABLES,59.76,STORE-OYG,25,1100.91,False,True,False,True,False,True,False,True,False,False,False
row_04645,PRD-BRCL47,14.036,0.0333,Hard Drinks,116.07,STORE-OYG,25,1915.73,False,True,False,True,False,True,False,False,True,False,False
row_04646,PRD-4WYJ9D,16.581,0.0,Fruits and Vegetables,112.08,STORE-HL7,23,528.11,False,False,True,False,True,True,False,False,True,False,False
row_04647,PRD-UN5Z3J,12.665,0.0461,SOFT DRINKS,178.14,STORE-9RG,28,1276.07,False,True,False,True,False,False,True,True,False,True,False
row_04648,PRD-3U0H8W,12.113,0.022,FROZEN FOODS,192.81,STORE-OYG,25,1865.91,False,True,False,True,False,True,False,False,False,False,True
row_04649,PRD-JGLNR2,10.477,0.0112,Snack Foods,165.85,STORE-DKU,30,2915.82,False,True,False,True,False,True,False,True,False,True,False
row_04650,PRD-JZ2N82,13.338,0.096,household,44.2,STORE-YLW,35,629.37,False,True,False,False,False,False,True,False,False,False,False
row_04652,PRD-87AU5B,9.888,0.0143,SOFT DRINKS,44.58,STORE-AGY,45,1249.08,False,True,False,False,True,False,False,False,False,False,False
row_04654,PRD-VI7F16,9.515,0.0723,Snack Foods,122.02,STORE-OYG,25,1271.06,False,True,False,True,False,True,False,True,True,False,False
row_04655,PRD-IDKG04,8.495,0.0866,snack foods,121.72,STORE-OYG,25,2153.57,False,True,False,True,False,True,False,True,True,False,False
row_04658,PRD-CTXCWN,16.654,0.0202,Soft Drinks,150.18,STORE-HL7,23,1186.32,False,False,True,False,True,True,False,False,False,True,False
row_04659,PRD-1ZUYZY,8.641,0.0465,fruits and vegetables,170.24,STORE-9RG,28,1646.3,False,True,False,True,False,False,True,True,False,True,False
row_04660,PRD-N4RCER,17.721,0.1398,seafood,150.55,STORE-YLW,35,3762.69,False,True,False,False,False,False,True,True,False,True,False
row_04661,PRD-R9OUDO,5.712,0.046,Soft Drinks,88.23,STORE-YLW,35,1077.66,False,True,False,False,False,False,True,False,False,False,False
row_04662,PRD-Q2RPUV,8.594,0.0323,health and hygiene,140.75,STORE-DKU,30,1103.8,False,True,False,True,False,True,False,False,True,False,False
row_04663,PRD-RMBF82,9.727,0.0363,fruits and vegetables,164.06,STORE-AGY,45,1028.32,False,True,False,False,True,False,False,True,False,True,False
row_04664,PRD-UMMSR8,11.088,0.0314,snack foods,48.46,STORE-DKU,30,694.49,False,True,False,True,False,True,False,False,False,False,False
row_04665,PRD-M7PL99,19.959,0.0797,Meat,183.65,STORE-YLW,35,2209.28,False,True,False,False,False,False,True,False,False,True,False
row_04666,PRD-T2DADY,17.477,0.0195,OTHERS,82.56,STORE-AGY,45,337.25,False,True,False,False,True,False,False,False,False,False,False
row_04667,PRD-1J8NER,12.850875916323977,0.0264,Household,124.65,STORE-7WS,47,3247.86,True,False,False,False,True,True,False,False,True,False,False
row_04668,PRD-78TW48,12.850875916323977,0.0194,SNACK FOODS,180.12,STORE-T5G,47,360.14,False,False,False,False,False,False,True,True,False,True,False
row_04669,PRD-3IMLYS,12.742,0.0225,fruits and vegetables,243.19,STORE-YLW,35,3128.64,False,True,False,False,False,False,True,True,False,False,True
row_04670,PRD-RP91YM,20.531,0.1436,MEAT,78.4,STORE-9RG,28,677.53,False,True,False,True,False,False,True,True,False,False,False
row_04671,PRD-5URYBL,8.22,0.1188,Household,159.64,STORE-YLW,35,2629.22,False,True,False,False,False,False,True,False,False,True,False
row_04672,PRD-T5HGP8,12.850875916323977,0.1128,BAKING GOODS,167.66,STORE-7WS,47,6147.39,True,False,False,False,True,True,False,True,False,True,False
row_04673,PRD-RP91YM,12.850875916323977,0.1436,MEAT,83.33,STORE-7WS,47,1910.1,True,False,False,False,True,True,False,True,False,False,False
row_04676,PRD-QP5L7C,21.116,0.0391,FROZEN FOODS,186.86,STORE-YLW,35,2773.05,False,True,False,False,False,False,True,False,False,False,True
row_04677,PRD-XQS3H4,20.313,0.0461,dairy,221.39,STORE-9RG,28,3414.21,False,True,False,True,False,False,True,True,False,False,True
row_04678,PRD-JD2GVF,9.579,0.0291,baking goods,199.86,STORE-HL7,23,2124.31,False,False,True,False,True,True,False,False,False,False,True
row_04679,PRD-4TJITP,8.223,0.0394,Fruits and Vegetables,113.09,STORE-OYG,25,803.91,False,True,False,True,False,True,False,False,True,False,False
row_04680,PRD-GD8AFP,12.850875916323977,0.0445,Dairy,39.18,STORE-7WS,47,1044.83,True,False,False,False,True,True,False,False,False,False,False
row_04681,PRD-Z4T48O,10.004,0.0115,snack foods,83.52,STORE-DKU,30,781.73,False,True,False,True,False,True,False,True,False,False,False
row_04682,PRD-1LWNLR,11.374,0.058,Baking Goods,240.93,STORE-YLW,35,3046.81,False,True,False,False,False,False,True,False,False,False,True
row_04683,PRD-HGCAIK,5.775,0.0896,Canned,54.04,STORE-YLW,35,1030.23,False,True,False,False,False,False,True,True,False,False,False
row_04684,PRD-0HHXSC,20.621,0.0276,HOUSEHOLD,74.72,STORE-9RG,28,2498.83,False,True,False,True,False,False,True,False,False,False,False
row_04685,PRD-LU9AAE,7.758,0.0665,FROZEN FOODS,152.03,STORE-HL7,23,2388.86,False,False,True,False,True,True,False,False,False,True,False
row_04687,PRD-RHZPAC,10.065,0.0288,CANNED,119.58,STORE-AGY,45,825.85,False,True,False,False,True,False,False,True,True,False,False
row_04688,PRD-FG1BKU,6.577,0.1069,HOUSEHOLD,82.46,STORE-9RG,28,3123.61,False,True,False,True,False,False,True,False,False,False,False
row_04689,PRD-HQ57UY,15.709,0.1148,Frozen Foods,36.87,STORE-HL7,23,518.45,False,False,True,False,True,True,False,True,False,False,False
row_04690,PRD-UUSRZR,12.850875916323977,0.062,Frozen Foods,157.94,STORE-AGY,45,2539.95,False,True,False,False,True,False,False,True,False,True,False
row_04691,PRD-302FAP,12.850875916323977,0.05,fruits and vegetables,148.6,STORE-7WS,47,3004.7,True,False,False,False,True,True,False,False,False,True,False
row_04692,PRD-AWPUBL,9.728,0.0288,Canned,169.65,STORE-9RG,28,1263.75,False,True,False,True,False,False,True,True,False,True,False
row_04693,PRD-KDJU3I,15.683,0.0561,dairy,228.95,STORE-YLW,35,5118.52,False,True,False,False,False,False,True,False,False,False,True
row_04694,PRD-2I4RKK,8.387,0.1098,health and hygiene,63.94,STORE-YLW,35,669.8,False,True,False,False,False,False,True,False,False,False,False
row_04695,PRD-SQ8X3A,12.850875916323977,0.063,Baking Goods,86.98,STORE-7WS,47,2164.06,True,False,False,False,True,True,False,True,False,False,False
row_04696,PRD-THLXJ6,12.789,0.1177,snack foods,44.18,STORE-YLW,35,535.89,False,True,False,False,False,False,True,False,False,False,False
row_04697,PRD-51LIY8,11.744,0.0384,Dairy,54.94,STORE-OYG,25,1509.0,False,True,False,True,False,True,False,False,False,False,False
row_04698,PRD-IWHL8Z,7.648,0.028,Canned,155.44,STORE-DKU,30,2422.27,False,True,False,True,False,True,False,False,False,True,False
row_04701,PRD-43Z5TX,6.176,0.0267,Fruits and Vegetables,157.62,STORE-OYG,25,4116.35,False,True,False,True,False,True,False,False,False,True,False
row_04702,PRD-CZD9MX,14.762,0.107,Fruits and Vegetables,178.39,STORE-DKU,30,3803.77,False,True,False,True,False,True,False,True,False,True,False
row_04703,PRD-IE2L2F,12.850875916323977,0.0624,Frozen Foods,76.48,STORE-T5G,47,72.14,False,False,False,False,False,False,True,False,False,False,False
row_04705,PRD-JRFCO7,8.931,0.1148,Frozen Foods,57.88,STORE-OYG,25,844.95,False,True,False,True,False,True,False,False,False,False,False
row_04706,PRD-GGO8YM,16.75,0.0687,breakfast,181.13,STORE-9RG,28,6159.56,False,True,False,True,False,False,True,True,False,True,False
row_04707,PRD-J10FFD,8.182,0.0225,Household,143.48,STORE-JOR,34,432.2,False,False,False,False,True,True,False,False,False,True,False
row_04708,PRD-BXIITA,12.454,0.0108,Others,123.28,STORE-JOR,34,123.19,False,False,False,False,True,True,False,False,True,False,False
row_04711,PRD-PT4MX2,14.8,0.0422,Fruits and Vegetables,108.83,STORE-OYG,25,1848.8,False,True,False,True,False,True,False,True,True,False,False
row_04712,PRD-GSTFS2,5.499,0.0146,Frozen Foods,80.44,STORE-HL7,23,2253.31,False,False,True,False,True,True,False,False,False,False,False
row_04713,PRD-9789H0,18.159,0.0264,baking goods,237.48,STORE-YLW,35,3907.69,False,True,False,False,False,False,True,True,False,False,True
row_04714,PRD-1GXI9D,13.253,0.0357,Frozen Foods,181.84,STORE-OYG,25,3162.69,False,True,False,True,False,True,False,False,False,True,False
row_04715,PRD-M0ZQ63,10.161,0.0669,Dairy,261.4,STORE-AGY,45,6077.44,False,True,False,False,True,False,False,False,False,False,True
row_04716,PRD-QYAHPY,21.305,0.1249,Fruits and Vegetables,98.9,STORE-JOR,34,187.24,False,False,False,False,True,True,False,False,True,False,False
row_04717,PRD-EVYY91,14.578,0.0178,HEALTH AND HYGIENE,111.02,STORE-AGY,45,2157.18,False,True,False,False,True,False,False,False,True,False,False
row_04718,PRD-2I4RKK,8.295,0.1115,HEALTH AND HYGIENE,63.44,STORE-9RG,28,697.0,False,True,False,True,False,False,True,False,False,False,False
row_04719,PRD-VDCG3B,21.089,0.0,Seafood,236.23,STORE-DKU,30,2683.04,False,True,False,True,False,True,False,True,False,False,True
row_04720,PRD-QVRR9A,7.931,0.0654,hard drinks,232.8,STORE-89Z,33,4659.72,False,True,False,False,False,True,False,False,False,False,True
row_04721,PRD-DZVGPM,20.84,0.0351,SOFT DRINKS,147.72,STORE-JOR,34,149.03,False,False,False,False,True,True,False,False,False,True,False
row_04722,PRD-95N4VP,12.850875916323977,0.0793,frozen foods,184.86,STORE-T5G,47,188.52,False,False,False,False,False,False,True,False,False,True,False
row_04723,PRD-6SVH6Q,7.415,0.0422,baking goods,183.95,STORE-YLW,35,5691.18,False,True,False,False,False,False,True,True,False,True,False
row_04724,PRD-1GXI9D,13.273,0.037,frozen foods,187.15,STORE-YLW,35,4093.61,False,True,False,False,False,False,True,False,False,False,True
row_04725,PRD-UT6HR4,13.659,0.0295,HEALTH AND HYGIENE,132.35,STORE-89Z,33,744.67,False,True,False,False,False,True,False,False,True,False,False
row_04726,PRD-MW0SKC,12.411,0.1579,meat,153.7,STORE-HL7,23,1110.12,False,False,True,False,True,True,False,True,False,True,False
row_04727,PRD-IEPXXY,18.866,0.0164,FROZEN FOODS,122.69,STORE-HL7,23,1939.4,False,False,True,False,True,True,False,False,True,False,False
row_04728,PRD-VM43VV,9.454,0.1139,HEALTH AND HYGIENE,154.67,STORE-OYG,25,2541.35,False,True,False,True,False,True,False,False,False,True,False
row_04730,PRD-1UQBFO,14.582,0.0649,Hard Drinks,46.39,STORE-89Z,33,827.24,False,True,False,False,False,True,False,False,False,False,False
row_04732,PRD-2UETCH,19.811,0.0322,meat,171.23,STORE-YLW,35,541.17,False,True,False,False,False,False,True,False,False,True,False
row_04734,PRD-IF1HEB,18.691,0.1002,Fruits and Vegetables,241.42,STORE-AGY,45,4570.36,False,True,False,False,True,False,False,False,False,False,True
row_04735,PRD-PZFBNK,6.51,0.0783,STARCHY FOODS,197.28,STORE-YLW,35,3946.49,False,True,False,False,False,False,True,False,False,False,True
row_04736,PRD-ILCMG5,6.498,0.0484,Fruits and Vegetables,140.9,STORE-89Z,33,4562.18,False,True,False,False,False,True,False,True,True,False,False
row_04738,PRD-TS3K1S,8.764,0.0056,Frozen Foods,99.81,STORE-HL7,23,1025.17,False,False,True,False,True,True,False,False,True,False,False
row_04739,PRD-VP8H4N,8.661,0.0959,CANNED,51.19,STORE-OYG,25,250.19,False,True,False,True,False,True,False,False,False,False,False
row_04740,PRD-MX6K0J,19.857,0.0638,Health and Hygiene,125.32,STORE-9RG,28,1737.03,False,True,False,True,False,False,True,False,True,False,False
row_04742,PRD-GLI4UP,14.469,0.0398,Starchy Foods,123.2,STORE-OYG,25,2002.29,False,True,False,True,False,True,False,False,True,False,False
row_04743,PRD-R73A70,18.758,0.0266,MEAT,191.52,STORE-DKU,30,3164.85,False,True,False,True,False,True,False,True,False,False,True
row_04746,PRD-7IOABT,12.850875916323977,0.0871,frozen foods,146.83,STORE-7WS,47,1694.73,True,False,False,False,True,True,False,False,False,True,False
row_04747,PRD-UHG7EC,14.081,0.026,Frozen Foods,169.92,STORE-YLW,35,4077.91,False,True,False,False,False,False,True,True,False,True,False
row_04748,PRD-JDP69D,19.36,0.1712,Household,190.36,STORE-9RG,28,2267.23,False,True,False,True,False,False,True,False,False,False,True
row_04750,PRD-YOZV8C,12.850875916323977,0.3029,Household,181.3,STORE-T5G,47,361.49,False,False,False,False,False,False,True,False,False,True,False
row_04751,PRD-BWWWTP,20.808,0.0885,Dairy,260.22,STORE-89Z,33,3217.38,False,True,False,False,False,True,False,False,False,False,True
row_04752,PRD-TS3K1S,9.021,0.0056,frozen foods,98.94,STORE-DKU,30,590.39,False,True,False,True,False,True,False,False,True,False,False
row_04753,PRD-L6H2NL,12.850875916323977,0.1434,Household,46.33,STORE-T5G,47,144.1,False,False,False,False,False,False,True,False,False,False,False
row_04754,PRD-0JGL4C,8.107,0.1325,Canned,42.22,STORE-HL7,23,207.22,False,False,True,False,True,True,False,True,False,False,False
row_04755,PRD-G7JPM7,6.715,0.0113,Snack Foods,57.01,STORE-HL7,23,340.6,False,False,True,False,True,True,False,True,False,False,False
row_04756,PRD-E4XLA5,9.656,0.1304,BAKING GOODS,226.02,STORE-HL7,23,5970.42,False,False,True,False,True,True,False,True,False,False,True
row_04758,PRD-JZETKP,7.782,0.0147,baking goods,83.51,STORE-OYG,25,2576.04,False,True,False,True,False,True,False,False,False,False,False
row_04760,PRD-ZL5GJ8,17.535,0.0564,MEAT,154.64,STORE-DKU,30,5505.16,False,True,False,True,False,True,False,False,False,True,False
row_04761,PRD-IJOTIN,18.327,0.0671,Frozen Foods,147.0,STORE-AGY,45,2508.68,False,True,False,False,True,False,False,False,False,True,False
row_04762,PRD-IUYATD,12.850875916323977,0.0339,HOUSEHOLD,118.38,STORE-7WS,47,2456.65,True,False,False,False,True,True,False,False,True,False,False
row_04763,PRD-KC97HQ,17.363,0.016,Snack Foods,165.2,STORE-JOR,34,628.71,False,False,False,False,True,True,False,False,False,True,False
row_04764,PRD-EGKRHJ,5.324,0.0059,Snack Foods,102.46,STORE-9RG,28,2101.27,False,True,False,True,False,False,True,True,True,False,False
row_04765,PRD-30D7TU,19.722,0.013,fruits and vegetables,186.97,STORE-YLW,35,2567.35,False,True,False,False,False,False,True,False,False,False,True
row_04766,PRD-C2W953,17.621,0.0373,SNACK FOODS,99.23,STORE-YLW,35,189.97,False,True,False,False,False,False,True,True,True,False,False
row_04767,PRD-B9OF3M,16.567,0.0805,fruits and vegetables,263.87,STORE-AGY,45,7305.95,False,True,False,False,True,False,False,False,False,False,True
row_04768,PRD-YZB4K8,17.894,0.0166,fruits and vegetables,46.79,STORE-HL7,23,693.93,False,False,True,False,True,True,False,True,False,False,False
row_04770,PRD-EOGKKC,14.261,0.0118,Others,54.69,STORE-DKU,30,1035.74,False,True,False,True,False,True,False,False,False,False,False
row_04771,PRD-64V0WS,12.850875916323977,0.0768,Snack Foods,123.79,STORE-7WS,47,4365.55,True,False,False,False,True,True,False,False,True,False,False
row_04773,PRD-8KE2WT,16.416,0.0481,Frozen Foods,127.99,STORE-9RG,28,3217.95,False,True,False,True,False,False,True,True,True,False,False
row_04774,PRD-4TJITP,8.364,0.0653,Fruits and Vegetables,113.22,STORE-JOR,34,226.07,False,False,False,False,True,True,False,False,True,False,False
row_04776,PRD-V56VKT,9.353,0.1697,fruits and vegetables,142.78,STORE-OYG,25,1958.88,False,True,False,True,False,True,False,True,False,True,False
row_04777,PRD-RLBUOB,7.498,0.0373,SEAFOOD,181.95,STORE-JOR,34,183.61,False,False,False,False,True,True,False,True,False,True,False
row_04778,PRD-S82I5U,8.461,0.181,Household,166.31,STORE-YLW,35,2542.66,False,True,False,False,False,False,True,False,False,True,False
row_04779,PRD-PKT9A9,14.905,0.0526,Canned,57.16,STORE-DKU,30,453.44,False,True,False,True,False,True,False,True,False,False,False
row_04780,PRD-L11FC6,19.321,0.0176,meat,102.93,STORE-OYG,25,1134.19,False,True,False,True,False,True,False,True,True,False,False
row_04782,PRD-63RMAJ,12.850875916323977,0.0283,household,187.77,STORE-T5G,47,533.24,False,False,False,False,False,False,True,False,False,False,True
row_04786,PRD-EGKRHJ,5.429,0.0058,SNACK FOODS,102.07,STORE-OYG,25,1512.32,False,True,False,True,False,True,False,True,True,False,False
row_04788,PRD-202SK1,20.034,0.0844,CANNED,180.19,STORE-AGY,45,2966.82,False,True,False,False,True,False,False,False,False,True,False
row_04789,PRD-HCW81X,8.097,0.0107,Hard Drinks,151.83,STORE-HL7,23,1053.86,False,False,True,False,True,True,False,False,False,True,False
row_04790,PRD-SMRD3A,8.741,0.056,Fruits and Vegetables,180.24,STORE-89Z,33,4787.13,False,True,False,False,False,True,False,False,False,True,False
row_04791,PRD-1N8MTZ,20.098,0.0238,DAIRY,45.54,STORE-9RG,28,963.39,False,True,False,True,False,False,True,False,False,False,False
row_04792,PRD-QYXGO4,12.850875916323977,0.0525,fruits and vegetables,57.02,STORE-7WS,47,1840.61,True,False,False,False,True,True,False,False,False,False,False
row_04793,PRD-R73A70,12.850875916323977,0.028,meat,199.71,STORE-7WS,47,4965.32,True,False,False,False,True,True,False,True,False,False,True
row_04794,PRD-OOBWF4,12.850875916323977,0.0251,frozen foods,34.23,STORE-T5G,47,35.4,False,False,False,False,False,False,True,False,False,False,False
row_04795,PRD-E5UPVR,17.205,0.0817,snack foods,111.52,STORE-YLW,35,2968.95,False,True,False,False,False,False,True,True,True,False,False
row_04797,PRD-4GYSMJ,8.735,0.0987,HOUSEHOLD,203.94,STORE-YLW,35,5570.99,False,True,False,False,False,False,True,False,False,False,True
row_04798,PRD-OK2ECS,12.850875916323977,0.0508,fruits and vegetables,150.22,STORE-7WS,47,5225.81,True,False,False,False,True,True,False,True,False,True,False
row_04800,PRD-9USY38,12.850875916323977,0.1564,snack foods,114.67,STORE-T5G,47,598.71,False,False,False,False,False,False,True,False,True,False,False
row_04801,PRD-LCSXU1,11.441,0.0574,Baking Goods,174.61,STORE-89Z,33,3322.87,False,True,False,False,False,True,False,True,False,True,False
row_04802,PRD-15BYVZ,18.21,0.0432,Hard Drinks,193.11,STORE-AGY,45,3671.63,False,True,False,False,True,False,False,False,False,False,True
row_04804,PRD-8KYLHT,9.137,0.2788,snack foods,106.86,STORE-JOR,34,406.21,False,False,False,False,True,True,False,False,True,False,False
row_04805,PRD-08S1A7,11.33,0.0755,fruits and vegetables,191.6,STORE-DKU,30,2631.23,False,True,False,True,False,True,False,False,False,False,True
row_04806,PRD-1FO2WB,12.850875916323977,0.0247,Frozen Foods,111.27,STORE-7WS,47,1878.38,True,False,False,False,True,True,False,True,True,False,False
row_04807,PRD-OSKK9O,15.745,0.0141,Fruits and Vegetables,112.39,STORE-DKU,30,1185.0,False,True,False,True,False,True,False,True,True,False,False
row_04808,PRD-Q7U1KU,13.028,0.0219,DAIRY,116.57,STORE-89Z,33,3177.59,False,True,False,False,False,True,False,False,True,False,False
row_04809,PRD-4JP18M,17.854,0.0549,Snack Foods,120.89,STORE-HL7,23,2766.15,False,False,True,False,True,True,False,False,True,False,False
row_04810,PRD-0L0JBS,9.028,0.0093,canned,104.72,STORE-YLW,35,2660.07,False,True,False,False,False,False,True,True,True,False,False
row_04811,PRD-2H3TZR,9.818,0.095,SOFT DRINKS,163.97,STORE-AGY,45,3302.01,False,True,False,False,True,False,False,False,False,True,False
row_04812,PRD-5HJHWF,12.850875916323977,0.0449,Snack Foods,82.95,STORE-7WS,47,1753.11,True,False,False,False,True,True,False,False,False,False,False
row_04813,PRD-5RX1SQ,7.617,0.0499,Dairy,117.32,STORE-OYG,25,3132.26,False,True,False,True,False,True,False,True,True,False,False
row_04815,PRD-X7Z97Z,9.004,0.0977,household,56.82,STORE-89Z,33,1045.91,False,True,False,False,False,True,False,False,False,False,False
row_04816,PRD-EDLQ9E,8.174,0.0317,Breads,246.18,STORE-YLW,35,6717.32,False,True,False,False,False,False,True,True,False,False,True
row_04817,PRD-IMV03J,14.766,0.0647,snack foods,259.28,STORE-HL7,23,3804.51,False,False,True,False,True,True,False,True,False,False,True
row_04818,PRD-RPHBL5,20.754,0.0,snack foods,177.07,STORE-9RG,28,3711.38,False,True,False,True,False,False,True,True,False,True,False
row_04819,PRD-042LPI,19.686,0.0498,Health and Hygiene,44.26,STORE-YLW,35,164.83,False,True,False,False,False,False,True,False,False,False,False
row_04820,PRD-679O2X,21.074,0.0506,Snack Foods,191.46,STORE-89Z,33,1475.87,False,True,False,False,False,True,False,False,False,False,True
row_04821,PRD-TJ3D90,15.181,0.1601,STARCHY FOODS,105.84,STORE-OYG,25,4048.34,False,True,False,True,False,True,False,False,True,False,False
row_04822,PRD-Q3QA3S,19.869,0.0311,dairy,260.28,STORE-89Z,33,3157.8,False,True,False,False,False,True,False,True,False,False,True
row_04823,PRD-6C3BE3,20.234,0.0399,Household,151.39,STORE-YLW,35,1444.66,False,True,False,False,False,False,True,False,False,True,False
row_04825,PRD-EVZUBR,17.373,0.058,Frozen Foods,42.55,STORE-AGY,45,1024.39,False,True,False,False,True,False,False,False,False,False,False
row_04827,PRD-SDX9DA,13.357,0.0275,Meat,34.22,STORE-AGY,45,679.82,False,True,False,False,True,False,False,True,False,False,False
row_04828,PRD-K82WU9,12.850875916323977,0.1002,Fruits and Vegetables,130.63,STORE-7WS,47,1626.52,True,False,False,False,True,True,False,True,True,False,False
row_04829,PRD-SIIAEB,12.616,0.095,SNACK FOODS,118.93,STORE-OYG,25,1916.89,False,True,False,True,False,True,False,False,True,False,False
row_04830,PRD-76RKQ4,5.568,0.025,DAIRY,242.79,STORE-89Z,33,3465.22,False,True,False,False,False,True,False,False,False,False,True
row_04832,PRD-YM6IER,7.35,0.032,fruits and vegetables,124.47,STORE-9RG,28,2007.98,False,True,False,True,False,False,True,True,True,False,False
row_04833,PRD-RDW6ET,8.936,0.0715,fruits and vegetables,184.28,STORE-HL7,23,906.99,False,False,True,False,True,True,False,True,False,True,False
row_04834,PRD-8UHW94,5.906,0.0295,Frozen Foods,103.75,STORE-89Z,33,395.09,False,True,False,False,False,True,False,True,True,False,False
row_04835,PRD-CU4YYJ,12.850875916323977,0.143,canned,39.2,STORE-T5G,47,37.76,False,False,False,False,False,False,True,False,False,False,False
row_04836,PRD-F4B8DW,20.849,0.0368,DAIRY,224.6,STORE-9RG,28,5278.79,False,True,False,True,False,False,True,False,False,False,True
row_04837,PRD-RY40KH,12.636,0.0308,Fruits and Vegetables,104.51,STORE-DKU,30,1444.12,False,True,False,True,False,True,False,False,True,False,False
row_04838,PRD-1Q3TMY,7.178,0.1151,Fruits and Vegetables,168.15,STORE-HL7,23,2230.43,False,False,True,False,True,True,False,False,False,True,False
row_04839,PRD-PRFP9S,12.850875916323977,0.0263,Frozen Foods,78.52,STORE-7WS,47,1944.34,True,False,False,False,True,True,False,False,False,False,False
row_04840,PRD-HEZ5ED,16.523,0.1409,Hard Drinks,169.41,STORE-9RG,28,1373.55,False,True,False,True,False,False,True,False,False,True,False
row_04842,PRD-K82WU9,6.149,0.099,fruits and vegetables,127.43,STORE-OYG,25,1190.5,False,True,False,True,False,True,False,True,True,False,False
row_04844,PRD-U652FY,12.850875916323977,0.0286,Canned,174.46,STORE-7WS,47,3513.76,True,False,False,False,True,True,False,True,False,True,False
row_04845,PRD-JLC90O,12.850875916323977,0.0421,CANNED,146.4,STORE-T5G,47,290.01,False,False,False,False,False,False,True,True,False,True,False
row_04847,PRD-0JE4QV,12.850875916323977,0.0337,frozen foods,224.74,STORE-7WS,47,7053.43,True,False,False,False,True,True,False,False,False,False,True
row_04848,PRD-K82WU9,6.201,0.1046,Fruits and Vegetables,128.7,STORE-9RG,28,1406.1,False,True,False,True,False,False,True,True,True,False,False
row_04849,PRD-7RS8R0,6.741,0.1053,fruits and vegetables,85.05,STORE-YLW,35,1356.78,False,True,False,False,False,False,True,False,False,False,False
row_04850,PRD-WA5IMY,11.595,0.0824,Frozen Foods,78.91,STORE-YLW,35,1095.02,False,True,False,False,False,False,True,True,False,False,False
row_04851,PRD-J3GHQ5,9.458,0.0423,FRUITS AND VEGETABLES,91.1,STORE-OYG,25,510.23,False,True,False,True,False,True,False,False,False,False,False
row_04853,PRD-GJ1QQ8,12.850875916323977,0.0844,Baking Goods,118.57,STORE-7WS,47,3851.02,True,False,False,False,True,True,False,False,True,False,False
row_04854,PRD-V33B4H,14.083,0.0834,meat,119.99,STORE-HL7,23,2336.96,False,False,True,False,True,True,False,True,True,False,False
row_04856,PRD-UVYR0Q,12.850875916323977,0.0626,SOFT DRINKS,150.47,STORE-7WS,47,3268.89,True,False,False,False,True,True,False,False,False,True,False
row_04857,PRD-JVZA65,11.757,0.0204,SNACK FOODS,146.07,STORE-OYG,25,1349.1,False,True,False,True,False,True,False,False,False,True,False
row_04858,PRD-NY1QEG,9.119,0.0653,Frozen Foods,65.6,STORE-JOR,34,124.11,False,False,False,False,True,True,False,False,False,False,False
row_04860,PRD-AK5AGE,10.561,0.0424,Health and Hygiene,195.68,STORE-DKU,30,2449.83,False,True,False,True,False,True,False,False,False,False,True
row_04861,PRD-40MGG1,13.189,0.0976,Soft Drinks,182.78,STORE-HL7,23,3059.21,False,False,True,False,True,True,False,False,False,True,False
row_04862,PRD-HU814P,12.256,0.0093,Baking Goods,69.89,STORE-DKU,30,1066.74,False,True,False,True,False,True,False,False,False,False,False
row_04864,PRD-2HPNW1,12.850875916323977,0.079,Frozen Foods,60.71,STORE-T5G,47,118.27,False,False,False,False,False,False,True,True,False,False,False
row_04865,PRD-0U9DAQ,5.815,0.0,FROZEN FOODS,156.6,STORE-YLW,35,2006.2,False,True,False,False,False,False,True,False,False,True,False
row_04866,PRD-AYNU0X,6.771,0.0,Breads,212.76,STORE-AGY,45,2424.78,False,True,False,False,True,False,False,False,False,False,True
row_04867,PRD-VOYP59,16.286,0.1143,Fruits and Vegetables,177.34,STORE-DKU,30,5397.67,False,True,False,True,False,True,False,True,False,True,False
row_04868,PRD-JFXKHA,20.074,0.1249,snack foods,92.89,STORE-OYG,25,1135.47,False,True,False,True,False,True,False,True,False,False,False
row_04869,PRD-0XPJ70,6.563,0.0974,Household,194.21,STORE-YLW,35,5097.1,False,True,False,False,False,False,True,False,False,False,True
row_04870,PRD-20AP4V,12.850875916323977,0.0233,HOUSEHOLD,104.3,STORE-7WS,47,3045.23,True,False,False,False,True,True,False,False,True,False,False
row_04871,PRD-SR6GI0,10.692,0.0353,Fruits and Vegetables,133.94,STORE-OYG,25,3422.47,False,True,False,True,False,True,False,False,True,False,False
row_04872,PRD-6IUUKZ,12.850875916323977,0.0328,FROZEN FOODS,140.69,STORE-7WS,47,5247.27,True,False,False,False,True,True,False,True,True,False,False
row_04873,PRD-0TRD9L,15.173,0.0203,Frozen Foods,125.82,STORE-HL7,23,1811.74,False,False,True,False,True,True,False,True,True,False,False
row_04874,PRD-3KI24S,18.123,0.0162,Household,185.47,STORE-HL7,23,1648.1,False,False,True,False,True,True,False,False,False,True,False
row_04875,PRD-IF1HEB,18.549,0.0928,Fruits and Vegetables,237.19,STORE-YLW,35,5064.0,False,True,False,False,False,False,True,False,False,False,True
row_04876,PRD-UVYP1N,14.271,0.1013,Snack Foods,159.03,STORE-YLW,35,2834.18,False,True,False,False,False,False,True,True,False,True,False
row_04877,PRD-93TBZQ,14.181,0.0642,FRUITS AND VEGETABLES,87.99,STORE-YLW,35,953.4,False,True,False,False,False,False,True,True,False,False,False
row_04878,PRD-J28SY2,15.887,0.0754,baking goods,264.72,STORE-YLW,35,5699.16,False,True,False,False,False,False,True,True,False,False,True
row_04879,PRD-299PG3,8.557,0.0409,Canned,186.16,STORE-9RG,28,3002.02,False,True,False,True,False,False,True,True,False,False,True
row_04880,PRD-EBEM2I,12.302,0.171,FRUITS AND VEGETABLES,178.11,STORE-JOR,34,697.53,False,False,False,False,True,True,False,True,False,True,False
row_04882,PRD-ZFWONV,12.850875916323977,0.1956,FRUITS AND VEGETABLES,143.61,STORE-T5G,47,285.22,False,False,False,False,False,False,True,True,False,True,False
row_04883,PRD-TVFDG0,5.814,0.0304,Breads,191.78,STORE-HL7,23,917.87,False,False,True,False,True,True,False,True,False,False,True
row_04884,PRD-B2HWYW,19.406,0.0251,HOUSEHOLD,50.45,STORE-YLW,35,1023.22,False,True,False,False,False,False,True,False,False,False,False
row_04885,PRD-KJ6I53,7.792,0.184,Household,33.46,STORE-YLW,35,756.72,False,True,False,False,False,False,True,False,False,False,False
row_04887,PRD-3EHIB4,7.617,0.05,Canned,257.38,STORE-DKU,30,3832.02,False,True,False,True,False,True,False,False,False,False,True
row_04890,PRD-3HGG9C,19.648,0.0962,Household,186.32,STORE-OYG,25,2274.11,False,True,False,True,False,True,False,False,False,False,True
row_04891,PRD-XLZYOB,6.258,0.0071,Frozen Foods,62.71,STORE-YLW,35,819.35,False,True,False,False,False,False,True,False,False,False,False
row_04892,PRD-BQNJ97,15.152,0.0316,baking goods,107.35,STORE-AGY,45,3309.83,False,True,False,False,True,False,False,False,True,False,False
row_04893,PRD-4TMXDN,10.372,0.1432,breads,160.14,STORE-AGY,45,1835.28,False,True,False,False,True,False,False,True,False,True,False
row_04894,PRD-RLM5MP,21.144,0.0547,Breads,106.06,STORE-DKU,30,611.95,False,True,False,True,False,True,False,True,True,False,False
row_04895,PRD-PXZYDW,12.850875916323977,0.0948,Household,143.23,STORE-T5G,47,589.95,False,False,False,False,False,False,True,False,False,True,False
row_04896,PRD-9SEY62,17.988,0.0226,Fruits and Vegetables,93.48,STORE-YLW,35,1718.58,False,True,False,False,False,False,True,False,True,False,False
row_04897,PRD-98BNVW,18.929,0.0646,fruits and vegetables,184.1,STORE-OYG,25,2895.95,False,True,False,True,False,True,False,True,False,True,False
row_04898,PRD-Y7084P,18.846,0.0267,MEAT,89.4,STORE-HL7,23,1772.0,False,False,True,False,True,True,False,False,False,False,False
row_04899,PRD-FTNWN0,17.618,0.1491,breads,93.19,STORE-9RG,28,1463.62,False,True,False,True,False,False,True,False,False,False,False
row_04900,PRD-DXQ6WH,16.817,0.0122,Health and Hygiene,39.6,STORE-AGY,45,737.21,False,True,False,False,True,False,False,False,False,False,False
row_04901,PRD-MN8Z1H,12.850875916323977,0.0388,Health and Hygiene,147.61,STORE-T5G,47,453.61,False,False,False,False,False,False,True,False,False,True,False
row_04903,PRD-0U2BL3,15.189,0.0,SNACK FOODS,145.7,STORE-OYG,25,2949.23,False,True,False,True,False,True,False,False,False,True,False
row_04904,PRD-QP5L7C,21.144,0.0385,frozen foods,197.23,STORE-AGY,45,3174.62,False,True,False,False,True,False,False,False,False,False,True
row_04905,PRD-CVE6PR,15.489,0.0697,Soft Drinks,90.45,STORE-YLW,35,1748.94,False,True,False,False,False,False,True,False,False,False,False
row_04906,PRD-4JP18M,12.850875916323977,0.0919,snack foods,122.63,STORE-T5G,47,123.44,False,False,False,False,False,False,True,False,True,False,False
row_04907,PRD-T14KTM,10.818,0.031,Health and Hygiene,165.03,STORE-OYG,25,2206.3,False,True,False,True,False,True,False,False,False,True,False
row_04908,PRD-8NY9QX,16.359,0.1441,snack foods,143.34,STORE-AGY,45,2751.3,False,True,False,False,True,False,False,False,False,True,False
row_04910,PRD-32R5MU,12.850875916323977,0.0,snack foods,158.38,STORE-T5G,47,436.99,False,False,False,False,False,False,True,False,False,True,False
row_04911,PRD-9WHSBP,19.711,0.0,Frozen Foods,82.47,STORE-DKU,30,924.88,False,True,False,True,False,True,False,True,False,False,False
row_04912,PRD-XWBVYG,10.064,0.0498,BREADS,31.63,STORE-AGY,45,391.91,False,True,False,False,True,False,False,False,False,False,False
row_04915,PRD-PQJ1YE,7.196,0.0219,canned,92.66,STORE-HL7,23,804.79,False,False,True,False,True,True,False,True,False,False,False
row_04916,PRD-8MX1EV,18.828,0.0,Soft Drinks,52.46,STORE-9RG,28,444.96,False,True,False,True,False,False,True,False,False,False,False
row_04917,PRD-QKXIRH,18.519,0.103,Frozen Foods,118.0,STORE-DKU,30,3061.75,False,True,False,True,False,True,False,False,True,False,False
row_04918,PRD-HCW81X,8.401,0.0105,hard drinks,146.01,STORE-89Z,33,1850.3,False,True,False,False,False,True,False,False,False,True,False
row_04919,PRD-XLTA8I,12.878,0.0573,Soft Drinks,139.69,STORE-9RG,28,2325.6,False,True,False,True,False,False,True,False,True,False,False
row_04920,PRD-JB3VCF,13.864,0.0124,Snack Foods,58.33,STORE-AGY,45,332.7,False,True,False,False,True,False,False,True,False,False,False
row_04921,PRD-MSK8AG,17.821,0.0888,dairy,178.97,STORE-9RG,28,3246.12,False,True,False,True,False,False,True,False,False,True,False
row_04922,PRD-PGDZ95,12.850875916323977,0.1246,Frozen Foods,88.31,STORE-7WS,47,3338.71,True,False,False,False,True,True,False,False,False,False,False
row_04923,PRD-D9DSYZ,14.41,0.0594,HOUSEHOLD,246.17,STORE-DKU,30,2213.6,False,True,False,True,False,True,False,False,False,False,True
row_04924,PRD-U58FLM,4.545,0.1395,Breads,124.32,STORE-DKU,30,2942.74,False,True,False,True,False,True,False,False,True,False,False
row_04925,PRD-YUG5GN,11.714,0.1159,Fruits and Vegetables,46.71,STORE-AGY,45,408.66,False,True,False,False,True,False,False,False,False,False,False
row_04926,PRD-DQYUN3,9.955,0.0471,HARD DRINKS,59.09,STORE-OYG,25,376.66,False,True,False,True,False,True,False,False,False,False,False
row_04927,PRD-XLZYOB,6.355,0.0075,frozen foods,60.81,STORE-89Z,33,498.64,False,True,False,False,False,True,False,False,False,False,False
row_04928,PRD-FP4E8T,8.886,0.0269,Fruits and Vegetables,120.93,STORE-YLW,35,1528.66,False,True,False,False,False,False,True,False,True,False,False
row_04930,PRD-HYF9SX,16.509,0.0238,soft drinks,37.44,STORE-OYG,25,549.69,False,True,False,True,False,True,False,True,False,False,False
row_04931,PRD-1WMMME,15.554,0.0159,Others,138.09,STORE-89Z,33,2758.57,False,True,False,False,False,True,False,False,True,False,False
row_04932,PRD-1FEQOX,18.636,0.0924,Snack Foods,256.88,STORE-OYG,25,5474.51,False,True,False,True,False,True,False,False,False,False,True
row_04933,PRD-60GBFW,12.850875916323977,0.0388,Frozen Foods,31.53,STORE-7WS,47,961.39,True,False,False,False,True,True,False,False,False,False,False
row_04934,PRD-BLQGBI,7.484,0.0735,Household,153.02,STORE-HL7,23,2616.85,False,False,True,False,True,True,False,False,False,True,False
row_04935,PRD-PXZYDW,14.895,0.0554,Household,142.27,STORE-OYG,25,2786.85,False,True,False,True,False,True,False,False,False,True,False
row_04939,PRD-H4CI9H,6.551,0.0383,MEAT,180.21,STORE-9RG,28,1204.01,False,True,False,True,False,False,True,True,False,True,False
row_04940,PRD-NHLLA9,12.850875916323977,0.1318,HEALTH AND HYGIENE,57.18,STORE-T5G,47,115.82,False,False,False,False,False,False,True,False,False,False,False
row_04941,PRD-5XCR5N,12.850875916323977,0.0609,household,116.39,STORE-T5G,47,233.67,False,False,False,False,False,False,True,False,True,False,False
row_04942,PRD-83UJSO,18.225,0.0186,Health and Hygiene,131.12,STORE-HL7,23,2379.93,False,False,True,False,True,True,False,False,True,False,False
row_04943,PRD-87AU5B,10.068,0.0134,soft drinks,44.3,STORE-89Z,33,1445.22,False,True,False,False,False,True,False,False,False,False,False
row_04944,PRD-93TBZQ,14.348,0.1103,Fruits and Vegetables,86.22,STORE-JOR,34,167.2,False,False,False,False,True,True,False,True,False,False,False
row_04946,PRD-XLZYOB,12.850875916323977,0.0131,frozen foods,57.71,STORE-T5G,47,126.39,False,False,False,False,False,False,True,False,False,False,False
row_04947,PRD-QOHMUH,15.603,0.0305,hard drinks,43.18,STORE-OYG,25,753.09,False,True,False,True,False,True,False,False,False,False,False
row_04948,PRD-90O7Y2,15.721,0.0932,Soft Drinks,199.78,STORE-AGY,45,3352.14,False,True,False,False,True,False,False,False,False,False,True
row_04949,PRD-QKDZ1Q,12.850875916323977,0.105,fruits and vegetables,222.8,STORE-T5G,47,677.78,False,False,False,False,False,False,True,True,False,False,True
row_04950,PRD-Y2YYF8,8.41,0.082,Baking Goods,147.75,STORE-HL7,23,1602.7,False,False,True,False,True,True,False,False,False,True,False
row_04951,PRD-4PZT3E,12.850875916323977,0.0699,dairy,220.54,STORE-7WS,47,4230.06,True,False,False,False,True,True,False,False,False,False,True
row_04952,PRD-ORDJGF,19.82,0.0053,DAIRY,271.82,STORE-AGY,45,5041.29,False,True,False,False,True,False,False,False,False,False,True
row_04953,PRD-38JOEC,14.648,0.0096,SNACK FOODS,158.07,STORE-89Z,33,2676.02,False,True,False,False,False,True,False,True,False,True,False
row_04954,PRD-8KYLHT,9.136,0.1699,SNACK FOODS,109.62,STORE-9RG,28,801.36,False,True,False,True,False,False,True,False,True,False,False
row_04956,PRD-0HHXSC,21.197,0.028,Household,72.55,STORE-YLW,35,707.46,False,True,False,False,False,False,True,False,False,False,False
row_04957,PRD-6V1JZP,16.539,0.027,Household,244.25,STORE-HL7,23,6676.1,False,False,True,False,True,True,False,False,False,False,True
row_04958,PRD-VM43VV,9.737,0.182,health and hygiene,156.51,STORE-JOR,34,626.36,False,False,False,False,True,True,False,False,False,True,False
row_04959,PRD-Q2RPUV,8.563,0.034,Health and Hygiene,139.09,STORE-89Z,33,674.16,False,True,False,False,False,True,False,False,True,False,False
row_04960,PRD-0U24IQ,5.691,0.1322,DAIRY,92.24,STORE-HL7,23,1537.47,False,False,True,False,True,True,False,False,False,False,False
row_04961,PRD-08I4W0,5.807,0.0791,Baking Goods,37.83,STORE-YLW,35,685.14,False,True,False,False,False,False,True,False,False,False,False
row_04962,PRD-UMMSR8,11.654,0.0301,Snack Foods,51.5,STORE-HL7,23,634.23,False,False,True,False,True,True,False,False,False,False,False
row_04963,PRD-34LIE3,16.057,0.0,CANNED,94.55,STORE-9RG,28,1298.04,False,True,False,True,False,False,True,False,True,False,False
row_04964,PRD-G7TBTN,15.56,0.0598,snack foods,57.44,STORE-HL7,23,493.87,False,False,True,False,True,True,False,False,False,False,False
row_04966,PRD-6BH3LL,17.369,0.0766,Baking Goods,109.93,STORE-DKU,30,999.58,False,True,False,True,False,True,False,False,True,False,False
row_04967,PRD-097IYP,12.055,0.027,Canned,40.26,STORE-YLW,35,354.44,False,True,False,False,False,False,True,True,False,False,False
row_04968,PRD-T0HICC,13.395,0.1203,snack foods,193.36,STORE-OYG,25,1856.09,False,True,False,True,False,True,False,False,False,False,True
row_04969,PRD-G9LC5B,12.850875916323977,0.1032,Household,33.93,STORE-7WS,47,423.31,True,False,False,False,True,True,False,False,False,False,False
row_04971,PRD-K5635T,10.263,0.029,Baking Goods,115.51,STORE-DKU,30,2778.12,False,True,False,True,False,True,False,False,True,False,False
row_04972,PRD-YLAH3X,15.296,0.0,HOUSEHOLD,108.79,STORE-OYG,25,1570.96,False,True,False,True,False,True,False,False,True,False,False
row_04973,PRD-ULF5VL,5.65,0.0759,Snack Foods,266.39,STORE-AGY,45,7137.55,False,True,False,False,True,False,False,True,False,False,True
row_04975,PRD-FGGUXT,12.850875916323977,0.0568,Snack Foods,63.16,STORE-7WS,47,1670.93,True,False,False,False,True,True,False,True,False,False,False
row_04977,PRD-U0COJB,9.107,0.065,Frozen Foods,185.98,STORE-89Z,33,3192.79,False,True,False,False,False,True,False,False,False,True,False
row_04978,PRD-ZOID71,14.839,0.0868,FRUITS AND VEGETABLES,222.68,STORE-YLW,35,651.37,False,True,False,False,False,False,True,True,False,False,True
row_04979,PRD-YWIQC5,20.53,0.0,Fruits and Vegetables,45.22,STORE-JOR,34,46.65,False,False,False,False,True,True,False,True,False,False,False
row_04980,PRD-9ROJVZ,8.371,0.0833,Frozen Foods,56.73,STORE-DKU,30,452.67,False,True,False,True,False,True,False,True,False,False,False
row_04981,PRD-PJ1TV2,17.824,0.0284,Fruits and Vegetables,142.92,STORE-OYG,25,1072.78,False,True,False,True,False,True,False,True,False,True,False
row_04982,PRD-54IKMO,12.850875916323977,0.264,Fruits and Vegetables,245.38,STORE-T5G,47,504.2,False,False,False,False,False,False,True,True,False,False,True
row_04983,PRD-2UETCH,12.850875916323977,0.0565,Meat,172.82,STORE-T5G,47,352.81,False,False,False,False,False,False,True,False,False,True,False
row_04984,PRD-8LXUM3,6.946,0.061,DAIRY,144.14,STORE-AGY,45,1691.6,False,True,False,False,True,False,False,False,False,True,False
row_04985,PRD-PCUYHY,12.850875916323977,0.0951,Baking Goods,161.25,STORE-7WS,47,4300.68,True,False,False,False,True,True,False,False,False,True,False
row_04988,PRD-6MLGK8,19.232,0.0222,Fruits and Vegetables,181.97,STORE-DKU,30,2563.76,False,True,False,True,False,True,False,True,False,True,False
row_04990,PRD-VTAQXP,5.838,0.0991,Dairy,43.5,STORE-OYG,25,740.98,False,True,False,True,False,True,False,True,False,False,False
row_04991,PRD-WM8LSW,15.264,0.0706,Baking Goods,252.16,STORE-AGY,45,6259.3,False,True,False,False,True,False,False,False,False,False,True
row_04992,PRD-C0AR0O,5.094,0.0285,Snack Foods,106.56,STORE-HL7,23,2094.32,False,False,True,False,True,True,False,True,True,False,False
row_04993,PRD-9QWB0H,6.589,0.0237,Breads,103.85,STORE-AGY,45,1756.71,False,True,False,False,True,False,False,False,True,False,False
row_04994,PRD-VB2Y6O,12.850875916323977,0.0193,Health and Hygiene,193.22,STORE-HL7,23,2918.91,False,False,True,False,True,True,False,False,False,False,True
row_04996,PRD-K3I8BZ,12.046,0.1179,Soft Drinks,190.49,STORE-HL7,23,359.62,False,False,True,False,True,True,False,False,False,False,True
row_04997,PRD-ZVRERW,17.154,0.0336,dairy,92.19,STORE-89Z,33,887.55,False,True,False,False,False,True,False,False,False,False,False
row_04998,PRD-K1Z5BY,11.228,0.0429,SNACK FOODS,175.78,STORE-YLW,35,2017.35,False,True,False,False,False,False,True,False,False,True,False
row_04999,PRD-97XGCK,15.62,0.0834,Baking Goods,107.41,STORE-DKU,30,1761.41,False,True,False,True,False,True,False,False,True,False,False
row_05000,PRD-94QTWZ,7.923,0.198,meat,184.37,STORE-JOR,34,390.07,False,False,False,False,True,True,False,False,False,True,False
row_05001,PRD-IFY7O0,12.850875916323977,0.0426,FRUITS AND VEGETABLES,178.12,STORE-AGY,45,3819.32,False,True,False,False,True,False,False,True,False,True,False
row_05002,PRD-PJ1TV2,17.346,0.0311,FRUITS AND VEGETABLES,141.55,STORE-9RG,28,1273.22,False,True,False,True,False,False,True,True,True,False,False
row_05003,PRD-X5M8PJ,5.03,0.1268,Snack Foods,144.35,STORE-AGY,45,1782.81,False,True,False,False,True,False,False,True,False,True,False
row_05005,PRD-QDI07H,17.544,0.1528,Dairy,246.89,STORE-89Z,33,3828.12,False,True,False,False,False,True,False,True,False,False,True
row_05006,PRD-IZED1I,12.850875916323977,0.0371,SNACK FOODS,144.4,STORE-7WS,47,4029.01,True,False,False,False,True,True,False,True,False,True,False
row_05007,PRD-R1N6UV,18.831,0.0137,household,230.4,STORE-DKU,30,1328.04,False,True,False,True,False,True,False,False,False,False,True
row_05008,PRD-9S9WWR,16.38,0.076,Fruits and Vegetables,100.4,STORE-9RG,28,1596.38,False,True,False,True,False,False,True,True,True,False,False
row_05009,PRD-TIGUE8,12.850875916323977,0.0627,HOUSEHOLD,128.42,STORE-7WS,47,1597.54,True,False,False,False,True,True,False,False,True,False,False
row_05010,PRD-TFZHI9,12.850875916323977,0.1492,health and hygiene,95.11,STORE-7WS,47,2507.53,True,False,False,False,True,True,False,False,True,False,False
row_05011,PRD-3IMLYS,12.46,0.0358,Fruits and Vegetables,247.03,STORE-JOR,34,261.27,False,False,False,False,True,True,False,True,False,False,True
row_05012,PRD-TRMI8Q,13.394,0.0121,Others,183.31,STORE-9RG,28,3187.19,False,True,False,True,False,False,True,False,False,True,False
row_05013,PRD-IMZXFQ,7.017,0.0226,frozen foods,259.1,STORE-YLW,35,2919.66,False,True,False,False,False,False,True,False,False,False,True
row_05014,PRD-MY5ZPJ,12.850875916323977,0.0326,HARD DRINKS,115.87,STORE-7WS,47,2390.29,True,False,False,False,True,True,False,False,True,False,False
row_05015,PRD-HU814P,12.850875916323977,0.0165,Baking Goods,74.08,STORE-T5G,47,140.32,False,False,False,False,False,False,True,False,False,False,False
row_05016,PRD-HDPJSA,6.414,0.2043,canned,260.05,STORE-JOR,34,252.67,False,False,False,False,True,True,False,False,False,False,True
row_05017,PRD-UUTRXG,12.92,0.0237,fruits and vegetables,183.79,STORE-DKU,30,1295.2,False,True,False,True,False,True,False,False,False,True,False
row_05019,PRD-LI16DH,11.986,0.019,frozen foods,253.63,STORE-89Z,33,4914.56,False,True,False,False,False,True,False,False,False,False,True
row_05020,PRD-K3I8BZ,11.695,0.1152,Soft Drinks,182.22,STORE-OYG,25,2671.82,False,True,False,True,False,True,False,False,False,True,False
row_05022,PRD-91ZPKY,17.272,0.1148,Frozen Foods,253.41,STORE-89Z,33,4356.57,False,True,False,False,False,True,False,False,False,False,True
row_05024,PRD-ITKQO4,5.842,0.1539,MEAT,158.62,STORE-89Z,33,1562.34,False,True,False,False,False,True,False,True,False,True,False
row_05026,PRD-X7AKU0,12.850875916323977,0.1275,Health and Hygiene,121.06,STORE-T5G,47,233.45,False,False,False,False,False,False,True,False,True,False,False
row_05027,PRD-6DXZJ1,13.01,0.0704,Snack Foods,64.71,STORE-AGY,45,382.35,False,True,False,False,True,False,False,True,False,False,False
row_05028,PRD-T2DADY,16.858,0.0,OTHERS,78.05,STORE-HL7,23,980.18,False,False,True,False,True,True,False,False,False,False,False
row_05029,PRD-GZ27FH,16.436,0.0658,Canned,98.9,STORE-89Z,33,1655.35,False,True,False,False,False,True,False,False,True,False,False
row_05030,PRD-6BH3LL,17.285,0.08,BAKING GOODS,110.3,STORE-OYG,25,1123.38,False,True,False,True,False,True,False,False,True,False,False
row_05031,PRD-QIP98Q,8.67,0.0653,Soft Drinks,146.86,STORE-YLW,35,2017.26,False,True,False,False,False,False,True,False,False,True,False
row_05032,PRD-F075N4,15.147,0.0,snack foods,174.58,STORE-DKU,30,4739.92,False,True,False,True,False,True,False,True,False,True,False
row_05037,PRD-237WI9,11.015,0.0516,FROZEN FOODS,58.58,STORE-YLW,35,975.5,False,True,False,False,False,False,True,False,False,False,False
row_05038,PRD-HCAZ89,13.679,0.0187,snack foods,77.47,STORE-HL7,23,228.78,False,False,True,False,True,True,False,True,False,False,False
row_05039,PRD-0AB7R8,12.850875916323977,0.2964,Fruits and Vegetables,167.87,STORE-T5G,47,174.94,False,False,False,False,False,False,True,True,False,True,False
row_05040,PRD-QP5M3G,7.515,0.0158,Canned,90.54,STORE-DKU,30,2224.87,False,True,False,True,False,True,False,False,False,False,False
row_05041,PRD-B7ITAT,11.433,0.2172,Baking Goods,152.35,STORE-JOR,34,433.2,False,False,False,False,True,True,False,False,False,True,False
row_05042,PRD-P6SDYY,19.808,0.0,MEAT,167.22,STORE-AGY,45,3557.36,False,True,False,False,True,False,False,True,False,True,False
row_05043,PRD-7JHXTX,9.104,0.1303,HOUSEHOLD,172.58,STORE-OYG,25,2082.65,False,True,False,True,False,True,False,False,False,True,False
row_05044,PRD-PJGDSY,12.850875916323977,0.2586,snack foods,151.08,STORE-T5G,47,160.96,False,False,False,False,False,False,True,False,False,True,False
row_05046,PRD-72AAVH,15.146,0.054,meat,242.92,STORE-AGY,45,4817.52,False,True,False,False,True,False,False,False,False,False,True
row_05048,PRD-GNJ6OM,15.916,0.1062,Baking Goods,184.79,STORE-YLW,35,1134.37,False,True,False,False,False,False,True,True,False,True,False
row_05049,PRD-1I4EOY,12.850875916323977,0.0366,FRUITS AND VEGETABLES,212.2,STORE-7WS,47,4394.07,True,False,False,False,True,True,False,False,False,False,True
row_05050,PRD-UVYP1N,12.850875916323977,0.0929,Snack Foods,161.83,STORE-7WS,47,6117.95,True,False,False,False,True,True,False,True,False,True,False
row_05052,PRD-LI16DH,12.14,0.0191,FROZEN FOODS,254.36,STORE-9RG,28,6115.24,False,True,False,True,False,False,True,False,False,False,True
row_05056,PRD-JZ2N82,13.13,0.1,Household,46.24,STORE-89Z,33,639.94,False,True,False,False,False,True,False,False,False,False,False
row_05057,PRD-OEQXOC,12.850875916323977,0.032,Breakfast,50.14,STORE-7WS,47,1551.42,True,False,False,False,True,True,False,True,False,False,False
row_05058,PRD-994LX9,12.850875916323977,0.2528,Dairy,107.34,STORE-T5G,47,198.91,False,False,False,False,False,False,True,False,True,False,False
row_05059,PRD-D4K7YJ,12.850875916323977,0.1375,starchy foods,182.03,STORE-7WS,47,6161.08,True,False,False,False,True,True,False,True,False,True,False
row_05060,PRD-1FEQOX,18.718,0.0911,SNACK FOODS,251.25,STORE-YLW,35,4980.61,False,True,False,False,False,False,True,False,False,False,True
row_05061,PRD-VM43VV,9.587,0.1094,Health and Hygiene,158.31,STORE-9RG,28,2570.73,False,True,False,True,False,False,True,False,False,True,False
row_05062,PRD-TOTSN5,17.122,0.0537,STARCHY FOODS,46.07,STORE-DKU,30,583.3,False,True,False,True,False,True,False,True,False,False,False
row_05064,PRD-9789H0,17.822,0.027,BAKING GOODS,245.74,STORE-DKU,30,3097.83,False,True,False,True,False,True,False,True,False,False,True
row_05065,PRD-OS7E3D,9.459,0.0306,HOUSEHOLD,46.54,STORE-OYG,25,700.43,False,True,False,True,False,True,False,False,False,False,False
row_05066,PRD-WEWPGV,15.365,0.1131,Snack Foods,229.23,STORE-AGY,45,4367.58,False,True,False,False,True,False,False,False,False,False,True
row_05067,PRD-KE6H76,8.357,0.0307,baking goods,98.53,STORE-HL7,23,1874.1,False,False,True,False,True,True,False,True,True,False,False
row_05068,PRD-884JXZ,16.745,0.0322,FROZEN FOODS,149.28,STORE-OYG,25,2311.84,False,True,False,True,False,True,False,False,False,True,False
row_05069,PRD-BGLSH8,12.850875916323977,0.0314,Household,38.13,STORE-7WS,47,974.35,True,False,False,False,True,True,False,False,False,False,False
row_05070,PRD-CTXCWN,16.666,0.0185,SOFT DRINKS,155.2,STORE-YLW,35,1132.6,False,True,False,False,False,False,True,False,False,True,False
row_05071,PRD-EOGKKC,14.734,0.0,Others,54.87,STORE-JOR,34,54.46,False,False,False,False,True,True,False,False,False,False,False
row_05072,PRD-UZS9IM,12.850875916323977,0.075,soft drinks,163.65,STORE-T5G,47,789.84,False,False,False,False,False,False,True,False,False,True,False
row_05073,PRD-HDPJSA,6.326,0.0,Canned,266.17,STORE-HL7,23,2882.2,False,False,True,False,True,True,False,False,False,False,True
row_05074,PRD-C3Y7HA,16.675,0.02,Fruits and Vegetables,48.66,STORE-HL7,23,462.42,False,False,True,False,True,True,False,False,False,False,False
row_05075,PRD-X36ZHB,10.585,0.025,Baking Goods,169.27,STORE-89Z,33,3870.74,False,True,False,False,False,True,False,True,False,True,False
row_05076,PRD-GS8W0Q,11.027,0.0498,Fruits and Vegetables,252.86,STORE-AGY,45,4472.68,False,True,False,False,True,False,False,False,False,False,True
row_05077,PRD-VI7F16,12.850875916323977,0.0701,snack foods,118.4,STORE-7WS,47,1738.37,True,False,False,False,True,True,False,True,True,False,False
row_05078,PRD-MH7GX8,12.850875916323977,0.1043,Dairy,53.95,STORE-7WS,47,1939.19,True,False,False,False,True,True,False,False,False,False,False
row_05079,PRD-36I5A7,12.850875916323977,0.0266,fruits and vegetables,170.01,STORE-7WS,47,4295.79,True,False,False,False,True,True,False,False,False,True,False
row_05080,PRD-CLVEHR,15.932,0.1674,FROZEN FOODS,33.43,STORE-AGY,45,352.47,False,True,False,False,True,False,False,True,False,False,False
row_05081,PRD-PRFP9S,14.665,0.0259,Frozen Foods,77.68,STORE-YLW,35,964.1,False,True,False,False,False,False,True,False,False,False,False
row_05082,PRD-22ZACS,17.541,0.0839,Breads,199.37,STORE-HL7,23,1830.0,False,False,True,False,True,True,False,False,False,False,True
row_05083,PRD-0QD58X,17.295,0.026,BREADS,47.15,STORE-JOR,34,88.73,False,False,False,False,True,True,False,True,False,False,False
row_05084,PRD-TV6685,12.850875916323977,0.0512,Fruits and Vegetables,150.85,STORE-7WS,47,4673.81,True,False,False,False,True,True,False,False,False,True,False
row_05085,PRD-7Y9HQQ,12.971,0.0,Starchy Foods,257.26,STORE-9RG,28,2467.83,False,True,False,True,False,False,True,False,False,False,True
row_05086,PRD-V1VXVU,5.387,0.0915,Health and Hygiene,99.76,STORE-9RG,28,2608.18,False,True,False,True,False,False,True,False,True,False,False
row_05087,PRD-DSN8CW,15.895,0.0,snack foods,175.2,STORE-AGY,45,6459.67,False,True,False,False,True,False,False,True,False,True,False
row_05088,PRD-533CFS,12.850875916323977,0.0239,household,142.83,STORE-7WS,47,3780.66,True,False,False,False,True,True,False,False,False,True,False
row_05089,PRD-VICDRI,21.227,0.1276,Frozen Foods,119.33,STORE-DKU,30,338.56,False,True,False,True,False,True,False,True,True,False,False
row_05090,PRD-EVFXVR,12.850875916323977,0.0848,Household,162.24,STORE-7WS,47,5527.79,True,False,False,False,True,True,False,False,False,True,False
row_05091,PRD-VTZDFX,17.116,0.0623,Baking Goods,97.87,STORE-OYG,25,1990.82,False,True,False,True,False,True,False,True,True,False,False
row_05092,PRD-2BSMEB,6.619,0.0392,Baking Goods,50.61,STORE-89Z,33,1005.16,False,True,False,False,False,True,False,False,False,False,False
row_05093,PRD-965050,9.105,0.0814,frozen foods,208.97,STORE-DKU,30,1730.9,False,True,False,True,False,True,False,False,False,False,True
row_05094,PRD-SX50VK,6.399,0.1267,SNACK FOODS,34.12,STORE-DKU,30,147.2,False,True,False,True,False,True,False,True,False,False,False
row_05095,PRD-75E78H,7.417,0.031,Household,175.37,STORE-AGY,45,4390.42,False,True,False,False,True,False,False,False,False,True,False
row_05096,PRD-192YWO,12.492,0.0262,CANNED,57.19,STORE-HL7,23,919.31,False,False,True,False,True,True,False,False,False,False,False
row_05097,PRD-CZD9MX,15.567,0.1673,Fruits and Vegetables,176.8,STORE-JOR,34,1053.58,False,False,False,False,True,True,False,True,False,True,False
row_05098,PRD-9ROJVZ,7.967,0.0804,Frozen Foods,56.03,STORE-89Z,33,775.2,False,True,False,False,False,True,False,True,False,False,False
row_05099,PRD-XMSTP3,14.621,0.056,Snack Foods,44.81,STORE-OYG,25,418.2,False,True,False,True,False,True,False,False,False,False,False
row_05100,PRD-SIIAEB,12.850875916323977,0.1586,Snack Foods,118.04,STORE-T5G,47,470.08,False,False,False,False,False,False,True,False,True,False,False
row_05101,PRD-32QVLN,12.655,0.0771,DAIRY,184.58,STORE-OYG,25,4719.06,False,True,False,True,False,True,False,True,False,True,False
row_05102,PRD-0XPJ70,12.850875916323977,0.0972,household,193.44,STORE-7WS,47,4786.75,True,False,False,False,True,True,False,False,False,False,True
row_05104,PRD-T93K2H,12.850875916323977,0.1203,household,190.34,STORE-T5G,47,198.36,False,False,False,False,False,False,True,False,False,False,True
row_05105,PRD-9AHEJ8,12.850875916323977,0.1763,DAIRY,42.85,STORE-T5G,47,40.12,False,False,False,False,False,False,True,False,False,False,False
row_05106,PRD-6I2KOE,19.47,0.0397,Snack Foods,163.85,STORE-YLW,35,2945.03,False,True,False,False,False,False,True,False,False,True,False
row_05108,PRD-9RIGPP,20.42,0.0511,FRUITS AND VEGETABLES,37.65,STORE-9RG,28,117.76,False,True,False,True,False,False,True,False,False,False,False
row_05109,PRD-5I0GQM,18.765,0.146,Breakfast,100.93,STORE-YLW,35,206.16,False,True,False,False,False,False,True,False,True,False,False
row_05110,PRD-DV8A43,12.850875916323977,0.2461,Snack Foods,46.96,STORE-T5G,47,44.72,False,False,False,False,False,False,True,True,False,False,False
row_05111,PRD-LV9PLM,6.886,0.0963,Health and Hygiene,260.34,STORE-JOR,34,255.29,False,False,False,False,True,True,False,False,False,False,True
row_05112,PRD-E5UPVR,12.850875916323977,0.0,Snack Foods,112.17,STORE-7WS,47,3935.31,True,False,False,False,True,True,False,True,True,False,False
row_05113,PRD-52UH5B,12.850875916323977,0.0707,CANNED,211.06,STORE-7WS,47,5499.03,True,False,False,False,True,True,False,False,False,False,True
row_05114,PRD-BOVVPN,9.951,0.0556,Health and Hygiene,198.47,STORE-DKU,30,3286.38,False,True,False,True,False,True,False,False,False,False,True
row_05115,PRD-F13TKM,20.139,0.0731,household,76.69,STORE-AGY,45,216.74,False,True,False,False,True,False,False,False,False,False,False
row_05117,PRD-XH6DLO,18.445,0.1238,Frozen Foods,121.97,STORE-YLW,35,1293.42,False,True,False,False,False,False,True,False,True,False,False
row_05118,PRD-302FAP,14.038,0.0514,fruits and vegetables,148.92,STORE-OYG,25,2910.98,False,True,False,True,False,True,False,False,False,True,False
row_05119,PRD-N3QXKH,13.808,0.0886,Dairy,235.43,STORE-DKU,30,4004.97,False,True,False,True,False,True,False,False,False,False,True
row_05120,PRD-4AWTY0,9.306,0.0887,Hard Drinks,188.53,STORE-9RG,28,3941.88,False,True,False,True,False,False,True,False,False,False,True
row_05121,PRD-0FM2N0,12.850875916323977,0.0826,meat,152.05,STORE-T5G,47,153.77,False,False,False,False,False,False,True,False,False,True,False
row_05122,PRD-FA4IUZ,13.489,0.0791,Dairy,189.21,STORE-DKU,30,1120.43,False,True,False,True,False,True,False,True,False,False,True
row_05123,PRD-CVIYJK,11.192,0.0216,dairy,83.11,STORE-OYG,25,1671.31,False,True,False,True,False,True,False,True,False,False,False
row_05124,PRD-N3VBIA,20.699,0.0593,household,239.95,STORE-HL7,23,4612.32,False,False,True,False,True,True,False,False,False,False,True
row_05125,PRD-1GN81E,12.850875916323977,0.0,Snack Foods,260.66,STORE-T5G,47,760.16,False,False,False,False,False,False,True,True,False,False,True
row_05126,PRD-TJ3D90,14.861,0.1523,STARCHY FOODS,107.46,STORE-89Z,33,729.0,False,True,False,False,False,True,False,False,True,False,False
row_05127,PRD-ON4O79,16.561,0.0282,Household,100.66,STORE-JOR,34,404.0,False,False,False,False,True,True,False,False,True,False,False
row_05128,PRD-4W2O6O,6.843,0.029,HOUSEHOLD,161.61,STORE-OYG,25,2690.74,False,True,False,True,False,True,False,False,False,True,False
row_05129,PRD-L6HYC1,7.321,0.1486,SNACK FOODS,105.36,STORE-9RG,28,2186.84,False,True,False,True,False,False,True,True,True,False,False
row_05130,PRD-9S9WWR,16.419,0.078,fruits and vegetables,101.54,STORE-AGY,45,1883.2,False,True,False,False,True,False,False,True,True,False,False
row_05131,PRD-H8YZWJ,9.544,0.0906,canned,139.29,STORE-AGY,45,2977.3,False,True,False,False,True,False,False,False,True,False,False
row_05133,PRD-AHB3HN,10.158,0.1172,Snack Foods,60.1,STORE-HL7,23,1396.51,False,False,True,False,True,True,False,False,False,False,False
row_05134,PRD-TC2QWF,12.850875916323977,0.1564,Canned,179.8,STORE-7WS,47,5999.33,True,False,False,False,True,True,False,True,False,True,False
row_05135,PRD-3H7I5X,12.850875916323977,0.179,Fruits and Vegetables,143.45,STORE-T5G,47,418.2,False,False,False,False,False,False,True,True,False,True,False
row_05136,PRD-LXLIM5,12.26,0.066,Health and Hygiene,122.36,STORE-YLW,35,244.53,False,True,False,False,False,False,True,False,True,False,False
row_05137,PRD-WZMTFC,9.275,0.0,Household,116.72,STORE-YLW,35,1596.45,False,True,False,False,False,False,True,False,True,False,False
row_05139,PRD-0HHXSC,12.850875916323977,0.0268,household,74.4,STORE-DKU,30,1501.49,False,True,False,True,False,True,False,False,False,False,False
row_05143,PRD-58B6PJ,16.127,0.0644,Dairy,79.11,STORE-HL7,23,1713.08,False,False,True,False,True,True,False,True,False,False,False
row_05144,PRD-YLXYXL,7.534,0.0365,BAKING GOODS,75.71,STORE-DKU,30,1154.46,False,True,False,True,False,True,False,False,False,False,False
row_05145,PRD-BVGKP7,15.96,0.0258,FRUITS AND VEGETABLES,99.99,STORE-89Z,33,1256.83,False,True,False,False,False,True,False,True,True,False,False
row_05148,PRD-T2DADY,17.367,0.0202,Others,78.2,STORE-YLW,35,1269.8,False,True,False,False,False,False,True,False,False,False,False
row_05149,PRD-L11FC6,12.850875916323977,0.0184,Meat,102.81,STORE-7WS,47,1492.36,True,False,False,False,True,True,False,True,True,False,False
row_05150,PRD-NZLAXA,18.663,0.0391,HOUSEHOLD,245.65,STORE-OYG,25,5445.3,False,True,False,True,False,True,False,False,False,False,True
row_05151,PRD-IGJGK2,17.247,0.1186,meat,103.12,STORE-HL7,23,1625.37,False,False,True,False,True,True,False,True,True,False,False
row_05152,PRD-IY3X80,12.353,0.1123,baking goods,223.89,STORE-DKU,30,3445.25,False,True,False,True,False,True,False,False,False,False,True
row_05153,PRD-59JSU0,14.882,0.0992,Meat,132.25,STORE-AGY,45,2465.25,False,True,False,False,True,False,False,True,True,False,False
row_05154,PRD-6852FC,11.998,0.0161,hard drinks,175.22,STORE-OYG,25,4328.1,False,True,False,True,False,True,False,False,False,True,False
row_05155,PRD-D7M46B,6.643,0.0219,Household,32.85,STORE-YLW,35,1255.36,False,True,False,False,False,False,True,False,False,False,False
row_05156,PRD-BJPI4H,6.708,0.0146,Soft Drinks,129.29,STORE-DKU,30,1239.91,False,True,False,True,False,True,False,False,True,False,False
row_05157,PRD-Q3QA3S,19.803,0.0,dairy,252.34,STORE-HL7,23,5590.78,False,False,True,False,True,True,False,True,False,False,True
row_05158,PRD-VP8OWT,12.850875916323977,0.0488,Household,144.47,STORE-T5G,47,146.01,False,False,False,False,False,False,True,False,False,True,False
row_05159,PRD-8A5PN4,5.857,0.0795,Fruits and Vegetables,263.68,STORE-AGY,45,1483.57,False,True,False,False,True,False,False,True,False,False,True
row_05161,PRD-8A5PN4,5.836,0.08,fruits and vegetables,251.64,STORE-9RG,28,4598.39,False,True,False,True,False,False,True,True,False,False,True
row_05163,PRD-VTZDFX,16.715,0.0617,BAKING GOODS,97.52,STORE-9RG,28,2910.72,False,True,False,True,False,False,True,True,True,False,False
row_05164,PRD-WMFTOO,18.627,0.0466,HEALTH AND HYGIENE,152.75,STORE-AGY,45,3292.51,False,True,False,False,True,False,False,False,False,True,False
row_05165,PRD-CP4E30,6.133,0.0233,dairy,174.18,STORE-AGY,45,4472.5,False,True,False,False,True,False,False,False,False,True,False
row_05166,PRD-H56OB4,9.19,0.0463,Household,108.13,STORE-OYG,25,1774.75,False,True,False,True,False,True,False,False,True,False,False
row_05167,PRD-5WVO01,5.224,0.031,Health and Hygiene,36.33,STORE-9RG,28,416.03,False,True,False,True,False,False,True,False,False,False,False
row_05168,PRD-RJ6GD2,12.063,0.0083,Health and Hygiene,116.44,STORE-9RG,28,2408.82,False,True,False,True,False,False,True,False,True,False,False
row_05169,PRD-U0COJB,12.850875916323977,0.0648,FROZEN FOODS,181.63,STORE-7WS,47,4370.68,True,False,False,False,True,True,False,False,False,True,False
row_05170,PRD-ZN1N5R,12.850875916323977,0.0349,Meat,194.05,STORE-7WS,47,3102.16,True,False,False,False,True,True,False,True,False,False,True
row_05171,PRD-AN4EIO,14.321,0.2191,FROZEN FOODS,53.08,STORE-JOR,34,164.59,False,False,False,False,True,True,False,True,False,False,False
row_05172,PRD-IWS48A,14.065,0.0336,BAKING GOODS,95.73,STORE-OYG,25,2111.88,False,True,False,True,False,True,False,True,True,False,False
row_05173,PRD-4DGYDF,9.948,0.0482,frozen foods,247.14,STORE-89Z,33,3206.31,False,True,False,False,False,True,False,True,False,False,True
row_05174,PRD-9Q4JNA,12.850875916323977,0.0657,Snack Foods,258.26,STORE-7WS,47,7496.92,True,False,False,False,True,True,False,False,False,False,True
row_05175,PRD-I64XLY,11.855,0.0404,FRUITS AND VEGETABLES,192.98,STORE-89Z,33,1276.51,False,True,False,False,False,True,False,False,False,False,True
row_05176,PRD-2PCM3G,19.097,0.0369,Fruits and Vegetables,113.61,STORE-YLW,35,1393.7,False,True,False,False,False,False,True,False,True,False,False
row_05177,PRD-VOYP59,16.886,0.1138,fruits and vegetables,182.48,STORE-9RG,28,746.11,False,True,False,True,False,False,True,True,False,True,False
row_05178,PRD-FY9Z9U,19.997,0.1025,Canned,106.65,STORE-YLW,35,3633.1,False,True,False,False,False,False,True,True,True,False,False
row_05179,PRD-N5F3DX,17.269,0.0156,snack foods,233.19,STORE-89Z,33,4533.42,False,True,False,False,False,True,False,True,False,False,True
row_05181,PRD-7EFVUZ,15.123,0.0455,Health and Hygiene,141.62,STORE-AGY,45,2464.48,False,True,False,False,True,False,False,False,True,False,False
row_05182,PRD-PCUYHY,15.18,0.0948,baking goods,159.23,STORE-YLW,35,2723.55,False,True,False,False,False,False,True,False,False,True,False
row_05183,PRD-D9146L,12.850875916323977,0.0734,SNACK FOODS,159.62,STORE-7WS,47,2343.21,True,False,False,False,True,True,False,False,False,True,False
row_05184,PRD-299PG3,8.798,0.0413,Canned,187.74,STORE-OYG,25,3941.98,False,True,False,True,False,True,False,True,False,False,True
row_05186,PRD-HK23A1,12.850875916323977,0.0807,Snack Foods,171.67,STORE-89Z,33,5142.26,False,True,False,False,False,True,False,True,False,True,False
row_05187,PRD-U3BDL2,8.628,0.0,BREADS,133.49,STORE-89Z,33,2343.67,False,True,False,False,False,True,False,True,True,False,False
row_05188,PRD-BJPI4H,6.938,0.0138,Soft Drinks,126.2,STORE-HL7,23,1607.93,False,False,True,False,True,True,False,False,True,False,False
row_05189,PRD-QIRRQA,12.850875916323977,0.0837,dairy,189.91,STORE-7WS,47,7442.69,True,False,False,False,True,True,False,False,False,False,True
row_05190,PRD-P5GVBS,11.854,0.1466,dairy,237.6,STORE-YLW,35,5724.04,False,True,False,False,False,False,True,True,False,False,True
row_05192,PRD-O7V0VU,12.850875916323977,0.0378,Canned,88.99,STORE-AGY,45,248.75,False,True,False,False,True,False,False,False,False,False,False
row_05193,PRD-V2V1IT,10.293,0.0476,frozen foods,139.49,STORE-OYG,25,831.63,False,True,False,True,False,True,False,False,True,False,False
row_05194,PRD-P5GVBS,12.850875916323977,0.1423,Dairy,236.74,STORE-89Z,33,3259.99,False,True,False,False,False,True,False,True,False,False,True
row_05195,PRD-NF4EK6,18.961,0.0673,HOUSEHOLD,43.75,STORE-HL7,23,641.38,False,False,True,False,True,True,False,False,False,False,False
row_05196,PRD-SIY7PG,14.233,0.0254,HOUSEHOLD,40.12,STORE-OYG,25,506.37,False,True,False,True,False,True,False,False,False,False,False
row_05197,PRD-RGLY41,13.804,0.0559,health and hygiene,36.59,STORE-DKU,30,947.29,False,True,False,True,False,True,False,False,False,False,False
row_05198,PRD-R1N6UV,18.54,0.0145,HOUSEHOLD,217.79,STORE-HL7,23,3685.98,False,False,True,False,True,True,False,False,False,False,True
row_05200,PRD-SCSFW2,9.388,0.0,FROZEN FOODS,228.61,STORE-AGY,45,5709.82,False,True,False,False,True,False,False,True,False,False,True
row_05201,PRD-N8W9UR,6.995,0.0,Canned,108.3,STORE-89Z,33,1399.34,False,True,False,False,False,True,False,False,True,False,False
row_05202,PRD-8MVMVQ,8.872,0.1269,household,111.15,STORE-HL7,23,1053.11,False,False,True,False,True,True,False,False,True,False,False
row_05203,PRD-QK31H5,16.57,0.0562,fruits and vegetables,257.97,STORE-JOR,34,487.84,False,False,False,False,True,True,False,False,False,False,True
row_05205,PRD-RWWK6P,8.526,0.0142,Baking Goods,94.34,STORE-9RG,28,1145.07,False,True,False,True,False,False,True,False,True,False,False
row_05206,PRD-7DMS2Z,13.187,0.0328,Meat,61.79,STORE-89Z,33,748.04,False,True,False,False,False,True,False,False,False,False,False
row_05207,PRD-QYXGO4,19.78,0.0544,Fruits and Vegetables,57.51,STORE-AGY,45,932.09,False,True,False,False,True,False,False,False,False,False,False
row_05208,PRD-EGC2DP,6.886,0.0585,snack foods,213.2,STORE-AGY,45,2892.32,False,True,False,False,True,False,False,False,False,False,True
row_05209,PRD-32R5MU,7.129,0.0147,Snack Foods,154.23,STORE-DKU,30,641.15,False,True,False,True,False,True,False,False,False,True,False
row_05210,PRD-2YAZQT,15.781,0.1419,FROZEN FOODS,47.25,STORE-JOR,34,48.19,False,False,False,False,True,True,False,True,False,False,False
row_05211,PRD-55LOSM,7.597,0.0204,SNACK FOODS,244.96,STORE-9RG,28,4390.36,False,True,False,True,False,False,True,False,False,False,True
row_05212,PRD-0W78AQ,8.369,0.047,FRUITS AND VEGETABLES,50.26,STORE-OYG,25,836.14,False,True,False,True,False,True,False,False,False,False,False
row_05214,PRD-GBYJDD,17.904,0.0149,fruits and vegetables,184.23,STORE-89Z,33,4877.29,False,True,False,False,False,True,False,False,False,True,False
row_05217,PRD-7IOABT,7.418,0.1421,Frozen Foods,142.07,STORE-JOR,34,863.79,False,False,False,False,True,True,False,False,False,True,False
row_05218,PRD-R9QIKQ,13.719,0.0665,baking goods,92.75,STORE-DKU,30,2012.04,False,True,False,True,False,True,False,False,False,False,False
row_05219,PRD-GZ27FH,15.909,0.0635,Canned,98.59,STORE-OYG,25,2716.38,False,True,False,True,False,True,False,False,True,False,False
row_05220,PRD-302FAP,13.989,0.0498,Fruits and Vegetables,147.19,STORE-9RG,28,2224.11,False,True,False,True,False,False,True,False,False,True,False
row_05221,PRD-91ZPKY,16.755,0.1255,frozen foods,253.62,STORE-HL7,23,5963.59,False,False,True,False,True,True,False,False,False,False,True
row_05222,PRD-22ZACS,17.98,0.0851,Breads,202.04,STORE-89Z,33,1507.26,False,True,False,False,False,True,False,False,False,False,True
row_05224,PRD-SCRO8S,14.865,0.1048,FRUITS AND VEGETABLES,42.92,STORE-89Z,33,775.68,False,True,False,False,False,True,False,True,False,False,False
row_05225,PRD-FKTCNU,9.12,0.0903,Snack Foods,126.98,STORE-9RG,28,1429.35,False,True,False,True,False,False,True,True,True,False,False
row_05226,PRD-UX01UP,10.795,0.0287,snack foods,241.85,STORE-89Z,33,6888.93,False,True,False,False,False,True,False,False,False,False,True
row_05227,PRD-0PKUUM,7.638,0.1472,Starchy Foods,174.69,STORE-DKU,30,4574.59,False,True,False,True,False,True,False,True,False,True,False
row_05228,PRD-CYUEID,9.705,0.0948,Others,196.76,STORE-AGY,45,2335.79,False,True,False,False,True,False,False,False,False,False,True
row_05230,PRD-MECOSF,5.796,0.0194,Soft Drinks,46.59,STORE-YLW,35,515.37,False,True,False,False,False,False,True,True,False,False,False
row_05231,PRD-CX9J1I,14.393,0.0926,SOFT DRINKS,174.08,STORE-9RG,28,3367.2,False,True,False,True,False,False,True,False,False,True,False
row_05232,PRD-12310X,8.118,0.0151,Health and Hygiene,178.86,STORE-HL7,23,2271.31,False,False,True,False,True,True,False,False,False,True,False
row_05233,PRD-OFS80Q,7.593,0.0266,SNACK FOODS,193.33,STORE-OYG,25,4935.92,False,True,False,True,False,True,False,True,False,False,True
row_05234,PRD-3RA1PP,20.761,0.127,snack foods,199.98,STORE-89Z,33,1633.6,False,True,False,False,False,True,False,False,False,False,True
row_05236,PRD-0T2RJM,7.851,0.0333,canned,120.07,STORE-DKU,30,2432.4,False,True,False,True,False,True,False,False,True,False,False
row_05238,PRD-PF322F,9.12,0.0737,BREAKFAST,178.42,STORE-DKU,30,1721.25,False,True,False,True,False,True,False,False,False,True,False
row_05240,PRD-OSI366,12.731,0.0917,fruits and vegetables,109.02,STORE-9RG,28,674.75,False,True,False,True,False,False,True,False,True,False,False
row_05241,PRD-USV9I5,18.572,0.0678,fruits and vegetables,245.88,STORE-HL7,23,2942.25,False,False,True,False,True,True,False,True,False,False,True
row_05242,PRD-3NP4VY,12.431,0.041,Health and Hygiene,32.36,STORE-YLW,35,525.44,False,True,False,False,False,False,True,False,False,False,False
row_05243,PRD-QDXOEA,7.22,0.0277,SNACK FOODS,106.45,STORE-9RG,28,1152.9,False,True,False,True,False,False,True,False,True,False,False
row_05244,PRD-2HPNW1,12.850875916323977,0.0441,Frozen Foods,58.43,STORE-7WS,47,1701.78,True,False,False,False,True,True,False,True,False,False,False
row_05245,PRD-1EYY37,12.850875916323977,0.047,Soft Drinks,63.23,STORE-7WS,47,3098.8,True,False,False,False,True,True,False,False,False,False,False
row_05248,PRD-CFDOOB,9.338,0.1273,fruits and vegetables,100.42,STORE-AGY,45,1562.34,False,True,False,False,True,False,False,True,True,False,False
row_05249,PRD-11CMKR,12.074,0.0325,Canned,184.72,STORE-AGY,45,3334.33,False,True,False,False,True,False,False,False,False,True,False
row_05250,PRD-5BFZ63,12.850875916323977,0.1416,Canned,164.48,STORE-7WS,47,3958.29,True,False,False,False,True,True,False,False,False,True,False
row_05251,PRD-0PKUUM,7.497,0.1451,Starchy Foods,172.06,STORE-YLW,35,3912.09,False,True,False,False,False,False,True,True,False,True,False
row_05252,PRD-21BKSM,16.635,0.0341,Health and Hygiene,188.4,STORE-OYG,25,2216.26,False,True,False,True,False,True,False,False,False,False,True
row_05253,PRD-C71O4Y,11.529,0.1743,Fruits and Vegetables,124.71,STORE-YLW,35,2378.92,False,True,False,False,False,False,True,False,True,False,False
row_05255,PRD-F8MDRY,20.127,0.0224,DAIRY,254.18,STORE-9RG,28,4922.36,False,True,False,True,False,False,True,True,False,False,True
row_05256,PRD-CCUG7R,12.850875916323977,0.0419,meat,43.86,STORE-7WS,47,1088.26,True,False,False,False,True,True,False,True,False,False,False
row_05257,PRD-YZB4K8,18.163,0.0169,fruits and vegetables,49.6,STORE-AGY,45,1401.5,False,True,False,False,True,False,False,True,False,False,False
row_05259,PRD-4WYJ9D,16.21,0.0701,Fruits and Vegetables,109.4,STORE-AGY,45,860.21,False,True,False,False,True,False,False,False,True,False,False
row_05260,PRD-ZE84LM,6.881,0.0234,FROZEN FOODS,95.89,STORE-AGY,45,569.28,False,True,False,False,True,False,False,False,True,False,False
row_05263,PRD-9DBWQW,19.976,0.0425,HOUSEHOLD,86.73,STORE-89Z,33,2668.18,False,True,False,False,False,True,False,False,False,False,False
row_05264,PRD-5FDHJK,7.124,0.0784,Soft Drinks,91.87,STORE-YLW,35,1225.04,False,True,False,False,False,False,True,False,False,False,False
row_05265,PRD-884JXZ,17.404,0.034,frozen foods,147.97,STORE-HL7,23,2113.75,False,False,True,False,True,True,False,False,False,True,False
row_05266,PRD-FL9NP6,7.655,0.0546,Health and Hygiene,59.06,STORE-9RG,28,713.01,False,True,False,True,False,False,True,False,False,False,False
row_05268,PRD-MX6K0J,20.297,0.0629,Health and Hygiene,126.66,STORE-DKU,30,2187.05,False,True,False,True,False,True,False,False,True,False,False
row_05269,PRD-OE45D1,9.723,0.0268,canned,267.51,STORE-89Z,33,4542.41,False,True,False,False,False,True,False,False,False,False,True
row_05270,PRD-FP4E8T,9.027,0.0,Fruits and Vegetables,120.55,STORE-JOR,34,125.4,False,False,False,False,True,True,False,False,True,False,False
row_05271,PRD-VB2Y6O,15.217,0.0198,health and hygiene,193.64,STORE-AGY,45,1885.56,False,True,False,False,True,False,False,False,False,False,True
row_05273,PRD-TLHXCM,14.372,0.0346,Canned,250.23,STORE-9RG,28,2022.98,False,True,False,True,False,False,True,False,False,False,True
row_05274,PRD-CC46C1,20.209,0.1227,Baking Goods,198.83,STORE-89Z,33,3492.08,False,True,False,False,False,True,False,True,False,False,True
row_05275,PRD-S1AWP0,15.679,0.1138,Frozen Foods,74.26,STORE-AGY,45,1695.19,False,True,False,False,True,False,False,False,False,False,False
row_05276,PRD-3H7I5X,14.929,0.1042,fruits and vegetables,142.05,STORE-DKU,30,2671.74,False,True,False,True,False,True,False,True,True,False,False
row_05277,PRD-ET6ZI7,16.654,0.0,fruits and vegetables,111.26,STORE-YLW,35,2872.42,False,True,False,False,False,False,True,False,True,False,False
row_05278,PRD-JSPKET,6.796,0.1084,DAIRY,95.43,STORE-DKU,30,953.52,False,True,False,True,False,True,False,True,True,False,False
row_05279,PRD-UC3160,17.142,0.0737,Meat,113.44,STORE-DKU,30,1725.98,False,True,False,True,False,True,False,True,True,False,False
row_05280,PRD-FT3J41,6.455,0.1016,Baking Goods,170.15,STORE-89Z,33,3941.05,False,True,False,False,False,True,False,True,False,True,False
row_05281,PRD-PF322F,12.850875916323977,0.1231,Breakfast,172.44,STORE-T5G,47,366.62,False,False,False,False,False,False,True,False,False,True,False
row_05282,PRD-JDOLC4,6.253,0.0941,Fruits and Vegetables,180.01,STORE-OYG,25,1220.21,False,True,False,True,False,True,False,False,False,True,False
row_05283,PRD-1EYY37,15.019,0.0507,SOFT DRINKS,67.13,STORE-AGY,45,1619.27,False,True,False,False,True,False,False,False,False,False,False
row_05284,PRD-DTLHAI,11.802,0.0,Baking Goods,49.97,STORE-9RG,28,420.64,False,True,False,True,False,False,True,True,False,False,False
row_05285,PRD-00V830,9.679,0.0405,Hard Drinks,223.23,STORE-OYG,25,4596.8,False,True,False,True,False,True,False,False,False,False,True
row_05286,PRD-5I78U5,12.850875916323977,0.0148,Fruits and Vegetables,241.26,STORE-7WS,47,12359.04,True,False,False,False,True,True,False,True,False,False,True
row_05288,PRD-8LXUM3,7.236,0.0612,Dairy,148.31,STORE-DKU,30,1874.86,False,True,False,True,False,True,False,False,False,True,False
row_05289,PRD-5K9MLE,12.850875916323977,0.1595,household,119.54,STORE-7WS,47,3273.89,True,False,False,False,True,True,False,False,True,False,False
row_05291,PRD-30D7TU,19.697,0.0122,FRUITS AND VEGETABLES,187.77,STORE-DKU,30,1280.29,False,True,False,True,False,True,False,False,False,False,True
row_05292,PRD-GZCPKR,18.989,0.0141,Household,53.66,STORE-89Z,33,1430.11,False,True,False,False,False,True,False,False,False,False,False
row_05293,PRD-965050,9.104,0.0798,frozen foods,222.53,STORE-9RG,28,4116.81,False,True,False,True,False,False,True,False,False,False,True
row_05294,PRD-0JL6QK,12.850875916323977,0.1293,SNACK FOODS,106.39,STORE-7WS,47,4123.82,True,False,False,False,True,True,False,False,True,False,False
row_05295,PRD-FHG8KS,20.099,0.11,Household,124.32,STORE-AGY,45,2694.76,False,True,False,False,True,False,False,False,True,False,False
row_05298,PRD-PL13YL,15.733,0.1691,Health and Hygiene,187.16,STORE-OYG,25,2036.04,False,True,False,True,False,True,False,False,False,False,True
row_05300,PRD-MPXPMF,14.368,0.0319,Health and Hygiene,237.77,STORE-AGY,45,4337.33,False,True,False,False,True,False,False,False,False,False,True
row_05301,PRD-HBZ5J3,12.850875916323977,0.104,BAKING GOODS,108.83,STORE-T5G,47,330.14,False,False,False,False,False,False,True,False,True,False,False
row_05304,PRD-1FO2WB,8.44,0.0253,Frozen Foods,113.59,STORE-HL7,23,1551.03,False,False,True,False,True,True,False,True,True,False,False
row_05306,PRD-ZIX69G,8.14,0.0803,Fruits and Vegetables,254.84,STORE-89Z,33,6369.53,False,True,False,False,False,True,False,True,False,False,True
row_05307,PRD-97PPER,5.795,0.0593,FRUITS AND VEGETABLES,172.12,STORE-YLW,35,1725.49,False,True,False,False,False,False,True,False,False,True,False
row_05308,PRD-28N1GP,13.868,0.0,BAKING GOODS,87.74,STORE-AGY,45,1189.93,False,True,False,False,True,False,False,False,False,False,False
row_05310,PRD-S6KFRX,18.987,0.1784,HOUSEHOLD,171.69,STORE-YLW,35,1687.75,False,True,False,False,False,False,True,False,False,True,False
row_05311,PRD-57XD6K,12.616,0.1601,Frozen Foods,45.57,STORE-AGY,45,858.69,False,True,False,False,True,False,False,False,False,False,False
row_05313,PRD-NF4EK6,12.850875916323977,0.1174,HOUSEHOLD,43.39,STORE-T5G,47,39.48,False,False,False,False,False,False,True,False,False,False,False
row_05315,PRD-JB3VCF,13.993,0.0,Snack Foods,55.66,STORE-DKU,30,1374.32,False,True,False,True,False,True,False,True,False,False,False
row_05316,PRD-0RH735,12.850875916323977,0.1757,Others,244.99,STORE-7WS,47,4527.27,True,False,False,False,True,True,False,False,False,False,True
row_05317,PRD-P8BYW4,12.761,0.0238,Meat,230.21,STORE-9RG,28,5731.4,False,True,False,True,False,False,True,True,False,False,True
row_05318,PRD-7JHXTX,8.693,0.125,household,176.58,STORE-DKU,30,2076.15,False,True,False,True,False,True,False,False,False,True,False
row_05319,PRD-OUWR61,8.506,0.0385,Dairy,86.06,STORE-YLW,35,1617.47,False,True,False,False,False,False,True,True,False,False,False
row_05320,PRD-38JOEC,14.979,0.0095,snack foods,162.09,STORE-AGY,45,2481.77,False,True,False,False,True,False,False,True,False,True,False
row_05321,PRD-FUDM7O,19.675,0.0216,fruits and vegetables,221.27,STORE-YLW,35,875.52,False,True,False,False,False,False,True,True,False,False,True
row_05322,PRD-V3OJ57,8.75,0.0405,Frozen Foods,53.56,STORE-89Z,33,1320.41,False,True,False,False,False,True,False,False,False,False,False
row_05323,PRD-P5GVBS,11.483,0.151,Dairy,239.77,STORE-AGY,45,2739.24,False,True,False,False,True,False,False,True,False,False,True
row_05324,PRD-3NP4VY,12.72,0.0405,health and hygiene,35.15,STORE-HL7,23,337.0,False,False,True,False,True,True,False,False,False,False,False
row_05325,PRD-IEIQO7,18.349,0.1224,Others,54.83,STORE-YLW,35,1072.68,False,True,False,False,False,False,True,False,False,False,False
row_05326,PRD-FP4E8T,8.873,0.0254,FRUITS AND VEGETABLES,120.99,STORE-9RG,28,1980.81,False,True,False,True,False,False,True,False,True,False,False
row_05327,PRD-4GYSMJ,8.67,0.0987,household,207.41,STORE-9RG,28,4309.19,False,True,False,True,False,False,True,False,False,False,True
row_05328,PRD-JVZA65,12.443,0.0211,SNACK FOODS,152.21,STORE-HL7,23,2155.88,False,False,True,False,True,True,False,False,False,True,False
row_05329,PRD-8NY9QX,17.219,0.0,snack foods,146.47,STORE-OYG,25,2681.35,False,True,False,True,False,True,False,False,False,True,False
row_05330,PRD-XBXTLN,12.850875916323977,0.1423,Starchy Foods,88.4,STORE-7WS,47,3904.52,True,False,False,False,True,True,False,False,False,False,False
row_05332,PRD-2UHCIN,20.364,0.0249,Household,186.17,STORE-DKU,30,2759.78,False,True,False,True,False,True,False,False,False,False,True
row_05333,PRD-9DDVP4,15.287,0.0944,FRUITS AND VEGETABLES,61.09,STORE-89Z,33,512.68,False,True,False,False,False,True,False,True,False,False,False
row_05334,PRD-RH8H90,9.375,0.0237,HEALTH AND HYGIENE,190.13,STORE-89Z,33,3981.43,False,True,False,False,False,True,False,False,False,False,True
row_05335,PRD-I1E9QQ,12.850875916323977,0.314,Household,255.98,STORE-T5G,47,739.26,False,False,False,False,False,False,True,False,False,False,True
row_05337,PRD-8QLHBI,9.584,0.1052,SNACK FOODS,240.5,STORE-YLW,35,936.92,False,True,False,False,False,False,True,False,False,False,True
row_05338,PRD-Q51250,16.238,0.0979,household,209.14,STORE-89Z,33,1459.04,False,True,False,False,False,True,False,False,False,False,True
row_05339,PRD-RDW6ET,8.534,0.0779,Fruits and Vegetables,182.55,STORE-9RG,28,3829.99,False,True,False,True,False,False,True,True,False,True,False
row_05340,PRD-2NS5MH,20.159,0.1698,Canned,188.79,STORE-HL7,23,1593.54,False,False,True,False,True,True,False,False,False,False,True
row_05341,PRD-V5WMKZ,6.306,0.0607,Breakfast,129.43,STORE-OYG,25,1423.57,False,True,False,True,False,True,False,False,True,False,False
row_05344,PRD-X9G7HS,10.151,0.2042,Canned,113.04,STORE-JOR,34,111.89,False,False,False,False,True,True,False,False,True,False,False
row_05345,PRD-ITKQO4,5.771,0.1563,MEAT,158.19,STORE-DKU,30,3138.61,False,True,False,True,False,True,False,True,False,True,False
row_05346,PRD-8VYI78,12.850875916323977,0.0754,Household,226.96,STORE-7WS,47,7827.35,True,False,False,False,True,True,False,False,False,False,True
row_05347,PRD-X4KNSF,16.11,0.0362,Household,183.53,STORE-AGY,45,3352.33,False,True,False,False,True,False,False,False,False,True,False
row_05350,PRD-5GAS44,12.850875916323977,0.0457,SOFT DRINKS,146.92,STORE-T5G,47,457.33,False,False,False,False,False,False,True,False,False,True,False
row_05351,PRD-BPCIKI,12.850875916323977,0.0133,Frozen Foods,61.48,STORE-7WS,47,1585.96,True,False,False,False,True,True,False,False,False,False,False
row_05352,PRD-PQNOMP,12.850875916323977,0.0564,baking goods,101.14,STORE-7WS,47,2871.15,True,False,False,False,True,True,False,False,True,False,False
row_05353,PRD-Z8TUBC,20.443,0.0206,HOUSEHOLD,74.4,STORE-OYG,25,1299.11,False,True,False,True,False,True,False,False,False,False,False
row_05355,PRD-IZED1I,16.683,0.039,Snack Foods,150.38,STORE-DKU,30,2633.13,False,True,False,True,False,True,False,True,False,True,False
row_05356,PRD-IJVZYN,15.008,0.0622,OTHERS,236.11,STORE-OYG,25,3469.04,False,True,False,True,False,True,False,False,False,False,True
row_05357,PRD-NVJUUW,6.586,0.0852,Frozen Foods,104.27,STORE-AGY,45,1569.58,False,True,False,False,True,False,False,True,True,False,False
row_05361,PRD-RPHBL5,20.147,0.0474,Snack Foods,179.04,STORE-DKU,30,1060.53,False,True,False,True,False,True,False,True,False,True,False
row_05362,PRD-MHLD93,6.364,0.1282,CANNED,202.03,STORE-89Z,33,2137.81,False,True,False,False,False,True,False,False,False,False,True
row_05363,PRD-DQHDK3,12.850875916323977,0.0642,snack foods,113.44,STORE-T5G,47,697.49,False,False,False,False,False,False,True,True,True,False,False
row_05364,PRD-K9LSG4,19.867,0.0518,Snack Foods,115.23,STORE-HL7,23,843.72,False,False,True,False,True,True,False,False,True,False,False
row_05365,PRD-31GVB3,7.686,0.0135,HOUSEHOLD,216.49,STORE-DKU,30,2695.74,False,True,False,True,False,True,False,False,False,False,True
row_05366,PRD-MSND8D,12.850875916323977,0.0679,Soft Drinks,35.21,STORE-T5G,47,73.27,False,False,False,False,False,False,True,False,False,False,False
row_05367,PRD-9DDVP4,12.850875916323977,0.0,Fruits and Vegetables,58.82,STORE-7WS,47,1707.58,True,False,False,False,True,True,False,True,False,False,False
row_05368,PRD-HCAZ89,13.294,0.0181,Snack Foods,82.95,STORE-AGY,45,1231.71,False,True,False,False,True,False,False,True,False,False,False
row_05369,PRD-JTGE75,6.732,0.034,Breads,157.36,STORE-HL7,23,4219.81,False,False,True,False,True,True,False,True,False,True,False
row_05370,PRD-1I4EOY,12.850875916323977,0.0706,fruits and vegetables,209.16,STORE-T5G,47,423.9,False,False,False,False,False,False,True,False,False,False,True
row_05372,PRD-N7XY43,12.850875916323977,0.0765,canned,95.51,STORE-7WS,47,3086.43,True,False,False,False,True,True,False,False,True,False,False
row_05373,PRD-GVJICS,15.685,0.1791,Snack Foods,153.72,STORE-DKU,30,3782.14,False,True,False,True,False,True,False,True,False,True,False
row_05374,PRD-FZX6AP,12.796,0.0396,Snack Foods,84.72,STORE-HL7,23,624.18,False,False,True,False,True,True,False,True,False,False,False
row_05375,PRD-8INI8M,6.854,0.1242,snack foods,90.72,STORE-OYG,25,2191.24,False,True,False,True,False,True,False,True,False,False,False
row_05376,PRD-NCP2VI,17.975,0.0183,Health and Hygiene,240.21,STORE-YLW,35,8282.96,False,True,False,False,False,False,True,False,False,False,True
row_05378,PRD-41CMGC,7.239,0.0419,fruits and vegetables,228.8,STORE-89Z,33,4009.7,False,True,False,False,False,True,False,False,False,False,True
row_05379,PRD-ZL5GJ8,17.837,0.0577,Meat,154.15,STORE-89Z,33,2357.89,False,True,False,False,False,True,False,False,False,True,False
row_05380,PRD-5FI6ER,9.753,0.0,CANNED,80.17,STORE-YLW,35,1064.81,False,True,False,False,False,False,True,True,False,False,False
row_05381,PRD-3EHIB4,7.779,0.0456,canned,242.96,STORE-AGY,45,6720.44,False,True,False,False,True,False,False,False,False,False,True
row_05382,PRD-1Q3TMY,7.009,0.1115,Fruits and Vegetables,166.86,STORE-DKU,30,3018.62,False,True,False,True,False,True,False,False,False,True,False
row_05383,PRD-1RXIV4,12.850875916323977,0.0299,Snack Foods,163.91,STORE-7WS,47,5702.95,True,False,False,False,True,True,False,False,False,True,False
row_05384,PRD-OFJA5N,5.552,0.0562,Canned,197.91,STORE-OYG,25,4521.87,False,True,False,True,False,True,False,True,False,False,True
row_05385,PRD-RMB8Q9,10.572,0.0335,Health and Hygiene,86.22,STORE-AGY,45,846.3,False,True,False,False,True,False,False,False,False,False,False
row_05386,PRD-90XDR7,12.841,0.02,BREADS,196.27,STORE-DKU,30,1007.71,False,True,False,True,False,True,False,False,False,False,True
row_05387,PRD-2VTJXU,6.331,0.1257,FRUITS AND VEGETABLES,44.86,STORE-AGY,45,1117.08,False,True,False,False,True,False,False,False,False,False,False
row_05388,PRD-Z16UFZ,19.101,0.0158,Snack Foods,148.99,STORE-YLW,35,1900.33,False,True,False,False,False,False,True,False,False,True,False
row_05389,PRD-EYRXGB,20.111,0.0217,SNACK FOODS,61.05,STORE-HL7,23,593.6,False,False,True,False,True,True,False,True,False,False,False
row_05390,PRD-NAMSQE,12.011,0.1951,BAKING GOODS,80.36,STORE-HL7,23,992.34,False,False,True,False,True,True,False,True,False,False,False
row_05391,PRD-2G73AJ,9.503,0.0153,Dairy,248.78,STORE-HL7,23,5931.77,False,False,True,False,True,True,False,False,False,False,True
row_05394,PRD-2X720K,5.616,0.0,FRUITS AND VEGETABLES,88.77,STORE-9RG,28,1432.65,False,True,False,True,False,False,True,True,False,False,False
row_05395,PRD-PX52L4,6.933,0.1347,BREAKFAST,94.04,STORE-OYG,25,267.22,False,True,False,True,False,True,False,True,True,False,False
row_05396,PRD-72AAVH,14.66,0.0516,Meat,244.71,STORE-YLW,35,3945.18,False,True,False,False,False,False,True,False,False,False,True
row_05397,PRD-C2MU46,17.81,0.0147,snack foods,200.62,STORE-89Z,33,775.42,False,True,False,False,False,True,False,False,False,False,True
row_05399,PRD-2DT1EG,5.611,0.1194,Health and Hygiene,120.83,STORE-AGY,45,1290.01,False,True,False,False,True,False,False,False,True,False,False
row_05400,PRD-C5BV1L,15.542,0.0234,Household,100.91,STORE-AGY,45,1786.7,False,True,False,False,True,False,False,False,True,False,False
row_05402,PRD-ET6ZI7,17.431,0.1283,Fruits and Vegetables,112.97,STORE-DKU,30,2414.85,False,True,False,True,False,True,False,False,True,False,False
row_05404,PRD-RDW6ET,12.850875916323977,0.0,fruits and vegetables,193.61,STORE-7WS,47,4693.46,True,False,False,False,True,True,False,True,False,False,True
row_05405,PRD-V2AQNP,11.374,0.1608,Breakfast,171.96,STORE-OYG,25,4597.82,False,True,False,True,False,True,False,True,False,True,False
row_05407,PRD-VOYP59,16.553,0.1235,Fruits and Vegetables,186.63,STORE-YLW,35,1889.29,False,True,False,False,False,False,True,True,False,False,True
row_05410,PRD-ZSDP5Y,16.314,0.0286,Snack Foods,94.53,STORE-YLW,35,2115.42,False,True,False,False,False,False,True,False,True,False,False
row_05411,PRD-RYI0M7,10.753,0.0688,Frozen Foods,122.45,STORE-HL7,23,625.33,False,False,True,False,True,True,False,False,True,False,False
row_05412,PRD-V77G1P,15.451,0.0267,Frozen Foods,151.19,STORE-YLW,35,2770.08,False,True,False,False,False,False,True,False,False,True,False
row_05413,PRD-AK1VRJ,6.156,0.0072,SOFT DRINKS,191.93,STORE-OYG,25,3425.18,False,True,False,True,False,True,False,True,False,False,True
row_05414,PRD-I1NNSM,10.21,0.0,BAKING GOODS,143.06,STORE-YLW,35,1455.21,False,True,False,False,False,False,True,True,False,True,False
row_05415,PRD-30DM7X,9.211,0.1062,soft drinks,41.25,STORE-89Z,33,963.64,False,True,False,False,False,True,False,True,False,False,False
row_05416,PRD-IYIJE7,12.854,0.0985,Snack Foods,201.62,STORE-YLW,35,4184.09,False,True,False,False,False,False,True,False,False,False,True
row_05417,PRD-0PKUUM,7.452,0.1396,Starchy Foods,170.62,STORE-AGY,45,3204.33,False,True,False,False,True,False,False,True,False,True,False
row_05420,PRD-54TA1S,20.395,0.0384,breakfast,161.93,STORE-YLW,35,1058.14,False,True,False,False,False,False,True,True,False,True,False
row_05421,PRD-R0T4EX,13.179,0.0714,Starchy Foods,258.58,STORE-AGY,45,2857.36,False,True,False,False,True,False,False,False,False,False,True
row_05422,PRD-J10FFD,12.850875916323977,0.0132,Household,141.87,STORE-7WS,47,2109.07,True,False,False,False,True,True,False,False,True,False,False
row_05424,PRD-N5F62D,17.157,0.0135,Frozen Foods,259.74,STORE-YLW,35,6024.17,False,True,False,False,False,False,True,False,False,False,True
row_05425,PRD-D5KXKQ,20.209,0.0545,seafood,191.18,STORE-HL7,23,5755.52,False,False,True,False,True,True,False,False,False,False,True
row_05426,PRD-MMSLOQ,12.349,0.0653,others,253.06,STORE-DKU,30,2353.21,False,True,False,True,False,True,False,False,False,False,True
row_05427,PRD-Q9AH8R,10.874,0.0992,DAIRY,233.64,STORE-JOR,34,662.49,False,False,False,False,True,True,False,False,False,False,True
row_05428,PRD-GLI4UP,13.926,0.0378,Starchy Foods,125.13,STORE-89Z,33,1627.76,False,True,False,False,False,True,False,False,True,False,False
row_05430,PRD-YCKVJK,13.274,0.1826,Canned,213.05,STORE-YLW,35,1309.54,False,True,False,False,False,False,True,True,False,False,True
row_05431,PRD-K054NZ,11.983,0.029,soft drinks,147.13,STORE-OYG,25,3790.11,False,True,False,True,False,True,False,False,False,True,False
row_05432,PRD-8MY1UX,20.746,0.1456,HEALTH AND HYGIENE,106.16,STORE-89Z,33,2655.57,False,True,False,False,False,True,False,False,True,False,False
row_05433,PRD-MU6FGK,16.141,0.0274,frozen foods,52.8,STORE-HL7,23,982.72,False,False,True,False,True,True,False,False,False,False,False
row_05434,PRD-QOHMUH,15.842,0.0322,Hard Drinks,43.46,STORE-DKU,30,637.29,False,True,False,True,False,True,False,False,False,False,False
row_05435,PRD-ET6ZI7,16.65,0.1341,FRUITS AND VEGETABLES,108.69,STORE-OYG,25,1667.9,False,True,False,True,False,True,False,False,True,False,False
row_05436,PRD-HXTPDP,9.887,0.1616,soft drinks,233.21,STORE-DKU,30,3824.53,False,True,False,True,False,True,False,False,False,False,True
row_05438,PRD-IE2L2F,20.133,0.0638,Frozen Foods,75.95,STORE-JOR,34,154.38,False,False,False,False,True,True,False,False,False,False,False
row_05439,PRD-3IZLX3,17.532,0.1483,fruits and vegetables,87.89,STORE-OYG,25,1026.76,False,True,False,True,False,True,False,True,False,False,False
row_05440,PRD-6GKHNX,8.963,0.0526,health and hygiene,128.9,STORE-HL7,23,2782.82,False,False,True,False,True,True,False,False,True,False,False
row_05441,PRD-CPCMJT,19.696,0.0919,HOUSEHOLD,254.72,STORE-YLW,35,4638.05,False,True,False,False,False,False,True,False,False,False,True
row_05442,PRD-YHVNT3,12.850875916323977,0.0707,Others,83.74,STORE-T5G,47,166.21,False,False,False,False,False,False,True,False,False,False,False
row_05443,PRD-7ZGA6X,15.28,0.0733,BAKING GOODS,89.45,STORE-HL7,23,1034.35,False,False,True,False,True,True,False,False,False,False,False
row_05444,PRD-EMI6QW,12.027,0.03,HOUSEHOLD,115.58,STORE-89Z,33,2997.21,False,True,False,False,False,True,False,False,True,False,False
row_05445,PRD-YOZV8C,16.951,0.1653,household,178.81,STORE-DKU,30,1049.5,False,True,False,True,False,True,False,False,False,True,False
row_05447,PRD-NVJUUW,6.763,0.0876,Frozen Foods,107.14,STORE-OYG,25,2123.03,False,True,False,True,False,True,False,True,True,False,False
row_05448,PRD-J3GHQ5,9.454,0.0448,fruits and vegetables,91.09,STORE-9RG,28,2138.76,False,True,False,True,False,False,True,False,False,False,False
row_05450,PRD-IQ9LVF,19.65,0.1318,baking goods,47.21,STORE-JOR,34,149.87,False,False,False,False,True,True,False,True,False,False,False
row_05452,PRD-U0COJB,9.288,0.0671,frozen foods,184.82,STORE-AGY,45,2324.73,False,True,False,False,True,False,False,False,False,True,False
row_05453,PRD-1APTC7,12.850875916323977,0.0583,HEALTH AND HYGIENE,113.23,STORE-7WS,47,4442.45,True,False,False,False,True,True,False,False,True,False,False
row_05455,PRD-UOG5JV,9.528,0.0427,Snack Foods,211.54,STORE-JOR,34,419.27,False,False,False,False,True,True,False,False,False,False,True
row_05456,PRD-0MUOHU,17.35,0.0,Breads,85.52,STORE-89Z,33,1922.7,False,True,False,False,False,True,False,False,False,False,False
row_05458,PRD-R4VXL5,12.850875916323977,0.0633,baking goods,231.07,STORE-T5G,47,704.83,False,False,False,False,False,False,True,False,False,False,True
row_05460,PRD-Z4T48O,10.341,0.0116,Snack Foods,88.47,STORE-OYG,25,2341.32,False,True,False,True,False,True,False,True,False,False,False
row_05461,PRD-NY1QEG,9.384,0.0389,Frozen Foods,63.9,STORE-OYG,25,1554.16,False,True,False,True,False,True,False,False,False,False,False
row_05464,PRD-S668FR,18.562,0.0944,Others,183.19,STORE-YLW,35,1747.15,False,True,False,False,False,False,True,False,False,True,False
row_05465,PRD-AK1VRJ,5.932,0.0072,SOFT DRINKS,189.07,STORE-9RG,28,571.84,False,True,False,True,False,False,True,True,False,False,True
row_05466,PRD-3UEA3G,15.346,0.1597,DAIRY,37.69,STORE-DKU,30,1036.94,False,True,False,True,False,True,False,False,False,False,False
row_05467,PRD-IHO2KG,13.609,0.0806,frozen foods,264.85,STORE-OYG,25,3016.87,False,True,False,True,False,True,False,True,False,False,True
row_05468,PRD-C3Y7HA,16.817,0.0205,FRUITS AND VEGETABLES,51.43,STORE-OYG,25,1288.77,False,True,False,True,False,True,False,False,False,False,False
row_05469,PRD-N5F62D,17.367,0.0,Frozen Foods,265.53,STORE-AGY,45,3401.38,False,True,False,False,True,False,False,False,False,False,True
row_05470,PRD-I7OGZA,12.850875916323977,0.0503,Household,195.62,STORE-OYG,25,2408.55,False,True,False,True,False,True,False,False,False,False,True
row_05471,PRD-PGDZ95,14.132,0.1336,Frozen Foods,84.92,STORE-YLW,35,1189.33,False,True,False,False,False,False,True,False,False,False,False
row_05472,PRD-PGDZ95,13.91,0.1264,Frozen Foods,87.14,STORE-9RG,28,1013.02,False,True,False,True,False,False,True,False,False,False,False
row_05473,PRD-6YLBXP,12.850875916323977,0.143,CANNED,258.91,STORE-7WS,47,1377.26,True,False,False,False,True,True,False,True,False,False,True
row_05474,PRD-KL9Z6V,17.953,0.2627,fruits and vegetables,38.72,STORE-JOR,34,104.53,False,False,False,False,True,True,False,False,False,False,False
row_05475,PRD-CFDOOB,9.264,0.1276,FRUITS AND VEGETABLES,98.03,STORE-YLW,35,829.39,False,True,False,False,False,False,True,True,True,False,False
row_05477,PRD-D5KXKQ,20.242,0.0533,seafood,201.62,STORE-YLW,35,6393.58,False,True,False,False,False,False,True,False,False,False,True
row_05478,PRD-P1LPTS,17.355,0.1187,Household,254.15,STORE-89Z,33,5877.57,False,True,False,False,False,True,False,False,False,False,True
row_05479,PRD-4JXFPK,12.850875916323977,0.1751,dairy,52.82,STORE-7WS,47,1038.98,True,False,False,False,True,True,False,False,False,False,False
row_05480,PRD-40V1GK,17.076,0.0264,Snack Foods,249.7,STORE-OYG,25,3701.0,False,True,False,True,False,True,False,False,False,False,True
row_05481,PRD-63RMAJ,18.924,0.0163,household,179.81,STORE-AGY,45,3893.01,False,True,False,False,True,False,False,False,False,True,False
row_05482,PRD-EQUA7O,11.711,0.0267,Meat,99.4,STORE-OYG,25,1007.11,False,True,False,True,False,True,False,True,True,False,False
row_05483,PRD-44P39J,11.301,0.066,Frozen Foods,249.75,STORE-89Z,33,2237.08,False,True,False,False,False,True,False,True,False,False,True
row_05484,PRD-FVHC3D,12.850875916323977,0.074,seafood,34.72,STORE-7WS,47,1220.44,True,False,False,False,True,True,False,False,False,False,False
row_05487,PRD-KD6FLE,15.969,0.0378,Soft Drinks,187.91,STORE-JOR,34,199.31,False,False,False,False,True,True,False,False,False,False,True
row_05488,PRD-YL84PO,9.259,0.0137,snack foods,197.62,STORE-OYG,25,3505.68,False,True,False,True,False,True,False,True,False,False,True
row_05489,PRD-8JU6OJ,14.348,0.1272,BAKING GOODS,76.6,STORE-OYG,25,226.15,False,True,False,True,False,True,False,False,False,False,False
row_05490,PRD-7ZGA6X,12.850875916323977,0.0766,BAKING GOODS,88.8,STORE-7WS,47,1459.68,True,False,False,False,True,True,False,False,False,False,False
row_05491,PRD-6JKLOQ,10.83,0.1817,Baking Goods,159.91,STORE-AGY,45,1839.88,False,True,False,False,True,False,False,False,False,True,False
row_05492,PRD-RUC70S,12.850875916323977,0.0124,Household,166.63,STORE-7WS,47,5433.85,True,False,False,False,True,True,False,False,False,True,False
row_05494,PRD-QWRZFX,12.850875916323977,0.0,Baking Goods,123.95,STORE-T5G,47,120.86,False,False,False,False,False,False,True,True,True,False,False
row_05495,PRD-TXA99J,11.892,0.0097,SNACK FOODS,228.58,STORE-9RG,28,1820.4,False,True,False,True,False,False,True,True,False,False,True
row_05496,PRD-IMV03J,12.850875916323977,0.1177,Snack Foods,262.18,STORE-T5G,47,776.19,False,False,False,False,False,False,True,True,False,False,True
row_05497,PRD-GZGU9E,12.955,0.0997,dairy,223.74,STORE-AGY,45,5667.84,False,True,False,False,True,False,False,False,False,False,True
row_05498,PRD-EOGKKC,14.248,0.0,OTHERS,54.16,STORE-9RG,28,1103.0,False,True,False,True,False,False,True,False,False,False,False
row_05499,PRD-GW4LDH,9.821,0.0895,health and hygiene,142.99,STORE-AGY,45,3023.06,False,True,False,False,True,False,False,False,False,True,False
row_05500,PRD-J0KX9K,9.802,0.0,FRUITS AND VEGETABLES,173.48,STORE-89Z,33,3903.37,False,True,False,False,False,True,False,False,False,True,False
row_05501,PRD-MELISH,7.142,0.0288,snack foods,147.52,STORE-9RG,28,1686.07,False,True,False,True,False,False,True,False,False,True,False
row_05502,PRD-2RL15F,9.914,0.183,Hard Drinks,110.97,STORE-JOR,34,114.49,False,False,False,False,True,True,False,False,True,False,False
row_05503,PRD-SB61LG,20.725,0.0482,Fruits and Vegetables,186.08,STORE-AGY,45,1706.89,False,True,False,False,True,False,False,True,False,False,True
row_05509,PRD-AVC2UI,12.850875916323977,0.1119,fruits and vegetables,195.14,STORE-7WS,47,5870.89,True,False,False,False,True,True,False,True,False,False,True
row_05510,PRD-5EX41Q,5.603,0.0171,Baking Goods,177.77,STORE-DKU,30,3059.24,False,True,False,True,False,True,False,True,False,True,False
row_05511,PRD-57923T,11.504,0.1097,DAIRY,223.18,STORE-AGY,45,3115.65,False,True,False,False,True,False,False,True,False,False,True
row_05512,PRD-RLM5MP,12.850875916323977,0.0538,breads,102.6,STORE-7WS,47,2044.21,True,False,False,False,True,True,False,True,True,False,False
row_05513,PRD-8Q2Y4P,8.957,0.0661,breakfast,55.47,STORE-DKU,30,388.27,False,True,False,True,False,True,False,True,False,False,False
row_05514,PRD-TZXI9C,18.018,0.1071,Snack Foods,165.12,STORE-9RG,28,4144.18,False,True,False,True,False,False,True,False,False,True,False
row_05515,PRD-4I42AF,12.850875916323977,0.1209,STARCHY FOODS,205.09,STORE-7WS,47,4448.19,True,False,False,False,True,True,False,False,False,False,True
row_05516,PRD-82BCVD,19.751,0.0624,Fruits and Vegetables,126.55,STORE-9RG,28,3485.47,False,True,False,True,False,False,True,True,True,False,False
row_05517,PRD-JJTFPH,9.557,0.0736,hard drinks,181.16,STORE-9RG,28,3088.64,False,True,False,True,False,False,True,False,False,True,False
row_05518,PRD-UIB5SQ,10.186,0.0265,Meat,75.22,STORE-9RG,28,1761.1,False,True,False,True,False,False,True,False,False,False,False
row_05519,PRD-OGHEXC,10.914,0.0576,HEALTH AND HYGIENE,102.55,STORE-9RG,28,1444.1,False,True,False,True,False,False,True,False,True,False,False
row_05520,PRD-1GXI9D,12.951,0.037,FROZEN FOODS,179.92,STORE-89Z,33,2467.86,False,True,False,False,False,True,False,False,False,True,False
row_05521,PRD-MSND8D,8.782,0.0375,SOFT DRINKS,35.56,STORE-89Z,33,759.39,False,True,False,False,False,True,False,False,False,False,False
row_05522,PRD-LIGYU6,18.982,0.1415,Snack Foods,249.85,STORE-OYG,25,3002.02,False,True,False,True,False,True,False,True,False,False,True
row_05523,PRD-3FFZLS,20.158,0.0242,FRUITS AND VEGETABLES,123.71,STORE-AGY,45,3034.05,False,True,False,False,True,False,False,False,True,False,False
row_05524,PRD-YDT7CU,14.892,0.0661,Breads,265.47,STORE-9RG,28,3015.56,False,True,False,True,False,False,True,True,False,False,True
row_05525,PRD-CFDOOB,12.850875916323977,0.1252,Fruits and Vegetables,99.34,STORE-7WS,47,2677.96,True,False,False,False,True,True,False,True,True,False,False
row_05526,PRD-0MUOHU,12.850875916323977,0.0934,Breads,82.81,STORE-T5G,47,259.82,False,False,False,False,False,False,True,False,False,False,False
row_05527,PRD-O0V3Z0,19.718,0.107,CANNED,96.74,STORE-HL7,23,680.96,False,False,True,False,True,True,False,True,True,False,False
row_05529,PRD-0HHXSC,21.283,0.0259,Household,74.99,STORE-AGY,45,1018.9,False,True,False,False,True,False,False,False,False,False,False
row_05531,PRD-9STG4E,13.737,0.0147,Canned,92.2,STORE-9RG,28,2197.16,False,True,False,True,False,False,True,True,False,False,False
row_05532,PRD-EPMKVT,20.245,0.0,HEALTH AND HYGIENE,61.67,STORE-JOR,34,184.69,False,False,False,False,True,True,False,False,False,False,False
row_05533,PRD-PX2TN7,12.414,0.1783,baking goods,36.57,STORE-JOR,34,171.57,False,False,False,False,True,True,False,False,False,False,False
row_05534,PRD-UBXCU2,8.823,0.0187,Household,164.38,STORE-9RG,28,4195.47,False,True,False,True,False,False,True,False,False,True,False
row_05535,PRD-W3QN3T,15.852,0.0412,snack foods,138.56,STORE-9RG,28,4511.14,False,True,False,True,False,False,True,False,True,False,False
row_05536,PRD-TZXI9C,17.648,0.1029,snack foods,161.74,STORE-OYG,25,3162.08,False,True,False,True,False,True,False,False,False,True,False
row_05537,PRD-57923T,11.815,0.1111,Dairy,215.91,STORE-9RG,28,4238.97,False,True,False,True,False,False,True,True,False,False,True
row_05538,PRD-ZM7AEF,4.555,0.0357,FROZEN FOODS,112.38,STORE-9RG,28,1707.71,False,True,False,True,False,False,True,True,True,False,False
row_05539,PRD-7Q94JB,15.067,0.0673,Frozen Foods,147.31,STORE-AGY,45,3555.48,False,True,False,False,True,False,False,True,False,True,False
row_05540,PRD-NSQDTZ,18.033,0.0491,SNACK FOODS,115.17,STORE-89Z,33,1644.61,False,True,False,False,False,True,False,False,True,False,False
row_05541,PRD-ATSWZZ,10.696,0.0,HOUSEHOLD,119.24,STORE-AGY,45,2321.99,False,True,False,False,True,False,False,False,True,False,False
row_05542,PRD-49DBZ7,12.850875916323977,0.2943,Snack Foods,103.11,STORE-T5G,47,207.23,False,False,False,False,False,False,True,False,True,False,False
row_05543,PRD-45H02C,12.850875916323977,0.0304,CANNED,61.59,STORE-7WS,47,1601.3,True,False,False,False,True,True,False,True,False,False,False
row_05544,PRD-FYZF7M,14.801,0.0925,Health and Hygiene,156.37,STORE-YLW,35,2660.96,False,True,False,False,False,False,True,False,False,True,False
row_05545,PRD-Y0IY1L,8.469,0.0314,Snack Foods,180.48,STORE-OYG,25,3818.48,False,True,False,True,False,True,False,False,False,True,False
row_05547,PRD-4TFZC6,9.505,0.0,Fruits and Vegetables,182.83,STORE-9RG,28,2505.54,False,True,False,True,False,False,True,False,False,True,False
row_05548,PRD-ZLVU35,13.601,0.0,Breads,227.85,STORE-89Z,33,4626.51,False,True,False,False,False,True,False,False,False,False,True
row_05549,PRD-FGGUXT,5.496,0.0548,snack foods,61.4,STORE-AGY,45,646.02,False,True,False,False,True,False,False,True,False,False,False
row_05550,PRD-58L9K5,17.749,0.104,STARCHY FOODS,169.22,STORE-JOR,34,169.74,False,False,False,False,True,True,False,False,False,True,False
row_05551,PRD-MHLD93,6.132,0.1309,Canned,213.12,STORE-9RG,28,2376.59,False,True,False,True,False,False,True,False,False,False,True
row_05552,PRD-UWE98S,7.694,0.0,Frozen Foods,239.7,STORE-9RG,28,1138.56,False,True,False,True,False,False,True,False,False,False,True
row_05553,PRD-U1OJA0,13.076,0.0456,BREADS,216.47,STORE-9RG,28,3557.66,False,True,False,True,False,False,True,False,False,False,True
row_05554,PRD-CVFJDR,15.964,0.0092,meat,206.63,STORE-OYG,25,5494.22,False,True,False,True,False,True,False,True,False,False,True
row_05555,PRD-DK2043,19.911,0.0147,dairy,194.69,STORE-AGY,45,3577.11,False,True,False,False,True,False,False,True,False,False,True
row_05557,PRD-PCUYHY,14.796,0.0965,baking goods,154.26,STORE-HL7,23,4655.14,False,False,True,False,True,True,False,False,False,True,False
row_05558,PRD-CEM9N4,11.885,0.1304,Frozen Foods,239.79,STORE-HL7,23,4454.28,False,False,True,False,True,True,False,False,False,False,True
row_05559,PRD-5UL5NW,6.845,0.05,Dairy,84.6,STORE-YLW,35,1121.48,False,True,False,False,False,False,True,False,False,False,False
row_05560,PRD-7XB2JA,7.838,0.0321,HOUSEHOLD,154.68,STORE-JOR,34,1061.22,False,False,False,False,True,True,False,False,False,True,False
row_05561,PRD-48PPNK,18.346,0.016,HEALTH AND HYGIENE,129.34,STORE-OYG,25,3101.97,False,True,False,True,False,True,False,False,True,False,False
row_05564,PRD-A8C4XU,14.774,0.0,meat,241.39,STORE-89Z,33,1939.75,False,True,False,False,False,True,False,True,False,False,True
row_05565,PRD-X7AKU0,9.772,0.0734,Health and Hygiene,117.0,STORE-YLW,35,2646.93,False,True,False,False,False,False,True,False,True,False,False
row_05566,PRD-Y2YYF8,8.383,0.0795,baking goods,147.9,STORE-OYG,25,1989.88,False,True,False,True,False,True,False,False,False,True,False
row_05567,PRD-WTOOBM,17.819,0.0949,soft drinks,167.33,STORE-OYG,25,2442.58,False,True,False,True,False,True,False,False,False,True,False
row_05568,PRD-MHVK3Q,14.82,0.0,Fruits and Vegetables,50.7,STORE-DKU,30,875.81,False,True,False,True,False,True,False,False,False,False,False
row_05569,PRD-5FDHJK,6.867,0.0754,soft drinks,93.13,STORE-OYG,25,1402.44,False,True,False,True,False,True,False,False,False,False,False
row_05570,PRD-PKL0BL,5.909,0.0141,SOFT DRINKS,147.89,STORE-DKU,30,2267.97,False,True,False,True,False,True,False,False,False,True,False
row_05571,PRD-1HOH9O,15.012,0.0257,household,190.81,STORE-9RG,28,1593.12,False,True,False,True,False,False,True,False,False,False,True
row_05573,PRD-6RNJLK,19.562,0.0331,BAKING GOODS,45.09,STORE-OYG,25,496.2,False,True,False,True,False,True,False,False,False,False,False
row_05574,PRD-NCP2VI,17.236,0.0196,health and hygiene,237.74,STORE-OYG,25,3057.36,False,True,False,True,False,True,False,False,False,False,True
row_05575,PRD-Q8LYYX,11.474,0.0753,Frozen Foods,170.52,STORE-HL7,23,4365.0,False,False,True,False,True,True,False,True,False,True,False
row_05576,PRD-DFNIAJ,4.861,0.0931,Breads,120.86,STORE-9RG,28,2470.99,False,True,False,True,False,False,True,False,True,False,False
row_05577,PRD-58L9K5,18.416,0.0627,STARCHY FOODS,164.79,STORE-AGY,45,1189.32,False,True,False,False,True,False,False,False,False,True,False
row_05578,PRD-M2PZNT,12.850875916323977,0.0333,Others,166.29,STORE-T5G,47,812.53,False,False,False,False,False,False,True,False,False,True,False
row_05579,PRD-9Q4JNA,20.311,0.0661,Snack Foods,254.01,STORE-OYG,25,5577.92,False,True,False,True,False,True,False,False,False,False,True
row_05581,PRD-R5JEK1,12.850875916323977,0.0593,snack foods,118.57,STORE-T5G,47,115.4,False,False,False,False,False,False,True,True,True,False,False
row_05582,PRD-TQ9DZG,8.361,0.0307,Fruits and Vegetables,39.06,STORE-AGY,45,270.78,False,True,False,False,True,False,False,False,False,False,False
row_05583,PRD-J0G50R,12.850875916323977,0.0647,Canned,88.88,STORE-7WS,47,2177.57,True,False,False,False,True,True,False,False,False,False,False
row_05584,PRD-S3JKV0,13.487,0.0661,dairy,57.24,STORE-YLW,35,358.29,False,True,False,False,False,False,True,True,False,False,False
row_05585,PRD-HLJ2XL,18.992,0.0353,MEAT,59.32,STORE-9RG,28,1172.43,False,True,False,True,False,False,True,False,False,False,False
row_05586,PRD-G3QWQF,20.985,0.0813,BAKING GOODS,96.79,STORE-YLW,35,1748.29,False,True,False,False,False,False,True,True,True,False,False
row_05587,PRD-8449K6,17.594,0.0,Fruits and Vegetables,203.37,STORE-89Z,33,5174.25,False,True,False,False,False,True,False,True,False,False,True
row_05588,PRD-IWSPFB,5.555,0.0252,Meat,105.38,STORE-YLW,35,3089.01,False,True,False,False,False,False,True,True,True,False,False
row_05589,PRD-0DTSNL,12.850875916323977,0.032,Household,98.33,STORE-7WS,47,2080.28,True,False,False,False,True,True,False,False,True,False,False
row_05591,PRD-HEZ5ED,17.038,0.1367,Hard Drinks,168.53,STORE-OYG,25,4213.97,False,True,False,True,False,True,False,False,False,True,False
row_05592,PRD-00CVW9,7.542,0.075,Breads,79.46,STORE-HL7,23,834.54,False,False,True,False,True,True,False,True,False,False,False
row_05595,PRD-30DM7X,12.850875916323977,0.1126,SOFT DRINKS,44.03,STORE-7WS,47,813.26,True,False,False,False,True,True,False,True,False,False,False
row_05596,PRD-T0HICC,13.346,0.1179,Snack Foods,187.99,STORE-DKU,30,4551.73,False,True,False,True,False,True,False,False,False,False,True
row_05598,PRD-BH7RPX,4.971,0.0335,household,162.38,STORE-DKU,30,2547.76,False,True,False,True,False,True,False,False,False,True,False
row_05599,PRD-X5SMJY,18.9,0.0349,Household,216.65,STORE-OYG,25,6024.85,False,True,False,True,False,True,False,False,False,False,True
row_05600,PRD-5FVDDW,9.059,0.033,Meat,151.71,STORE-DKU,30,2370.71,False,True,False,True,False,True,False,True,False,True,False
row_05603,PRD-P1LPTS,16.737,0.1119,household,260.44,STORE-OYG,25,3668.09,False,True,False,True,False,True,False,False,False,False,True
row_05604,PRD-AQNCDZ,13.016,0.0245,Canned,208.26,STORE-JOR,34,649.99,False,False,False,False,True,True,False,True,False,False,True
row_05606,PRD-YKZ3FQ,14.829,0.0698,Health and Hygiene,130.52,STORE-DKU,30,1705.11,False,True,False,True,False,True,False,False,True,False,False
row_05607,PRD-TC2QWF,15.217,0.1584,Canned,190.06,STORE-9RG,28,1760.32,False,True,False,True,False,False,True,True,False,False,True
row_05608,PRD-PJGDSY,6.14,0.1361,SNACK FOODS,154.2,STORE-89Z,33,1271.88,False,True,False,False,False,True,False,False,False,True,False
row_05609,PRD-N2T3QH,10.936,0.0576,Fruits and Vegetables,62.19,STORE-YLW,35,446.69,False,True,False,False,False,False,True,False,False,False,False
row_05610,PRD-T6T18U,12.14,0.0304,Canned,73.74,STORE-AGY,45,2311.81,False,True,False,False,True,False,False,False,False,False,False
row_05611,PRD-9FUYAS,8.855,0.076,Frozen Foods,106.49,STORE-9RG,28,1664.04,False,True,False,True,False,False,True,True,True,False,False
row_05612,PRD-3IZLX3,12.850875916323977,0.1425,FRUITS AND VEGETABLES,93.02,STORE-7WS,47,2038.57,True,False,False,False,True,True,False,True,False,False,False
row_05613,PRD-CLVEHR,15.658,0.1542,Frozen Foods,32.32,STORE-9RG,28,1020.14,False,True,False,True,False,False,True,True,False,False,False
row_05614,PRD-TW0A9P,12.923,0.0822,canned,194.19,STORE-AGY,45,4299.66,False,True,False,False,True,False,False,True,False,False,True
row_05615,PRD-S3EOQM,7.747,0.1677,Hard Drinks,143.3,STORE-89Z,33,2451.11,False,True,False,False,False,True,False,False,False,True,False
row_05616,PRD-KV05SZ,19.405,0.0886,Hard Drinks,130.09,STORE-HL7,23,1257.57,False,False,True,False,True,True,False,False,True,False,False
row_05617,PRD-78ZC9Y,16.947,0.0575,dairy,213.26,STORE-89Z,33,1057.06,False,True,False,False,False,True,False,False,False,False,True
row_05618,PRD-XWMUWB,12.850875916323977,0.0341,Snack Foods,177.43,STORE-7WS,47,6126.98,True,False,False,False,True,True,False,False,False,True,False
row_05619,PRD-VGA3ZI,12.850875916323977,0.026,health and hygiene,143.81,STORE-7WS,47,3606.62,True,False,False,False,True,True,False,False,False,True,False
row_05620,PRD-IQ9LVF,19.118,0.0835,Baking Goods,48.9,STORE-OYG,25,743.92,False,True,False,True,False,True,False,True,False,False,False
row_05621,PRD-YW8YG4,12.850875916323977,0.0678,FROZEN FOODS,261.8,STORE-7WS,47,3482.19,True,False,False,False,True,True,False,False,False,False,True
row_05622,PRD-T2XRGI,12.850875916323977,0.0071,STARCHY FOODS,168.75,STORE-7WS,47,1273.7,True,False,False,False,True,True,False,True,False,True,False
row_05624,PRD-Y7T0DJ,13.717,0.1285,FRUITS AND VEGETABLES,85.28,STORE-9RG,28,2478.71,False,True,False,True,False,False,True,False,False,False,False
row_05626,PRD-5UL5NW,6.994,0.0,DAIRY,82.06,STORE-OYG,25,1430.15,False,True,False,True,False,True,False,False,False,False,False
row_05627,PRD-4RQYWN,16.293,0.0,Household,128.21,STORE-OYG,25,2077.7,False,True,False,True,False,True,False,False,True,False,False
row_05628,PRD-64DI7N,19.906,0.0527,FROZEN FOODS,147.0,STORE-AGY,45,2773.92,False,True,False,False,True,False,False,True,False,True,False
row_05629,PRD-0GW31G,12.850875916323977,0.0082,Frozen Foods,80.83,STORE-7WS,47,2204.52,True,False,False,False,True,True,False,True,False,False,False
row_05631,PRD-5094DF,7.097,0.0178,frozen foods,161.01,STORE-HL7,23,2340.77,False,False,True,False,True,True,False,False,False,True,False
row_05632,PRD-ESG687,17.961,0.2922,DAIRY,156.72,STORE-JOR,34,300.63,False,False,False,False,True,True,False,False,False,True,False
row_05633,PRD-SNF69T,8.744,0.0211,HOUSEHOLD,54.83,STORE-JOR,34,286.11,False,False,False,False,True,True,False,False,False,False,False
row_05634,PRD-IPH6H7,5.826,0.0421,Fruits and Vegetables,149.43,STORE-DKU,30,3242.85,False,True,False,True,False,True,False,False,False,True,False
row_05635,PRD-3EHIB4,12.850875916323977,0.0459,CANNED,251.17,STORE-7WS,47,8247.44,True,False,False,False,True,True,False,False,False,False,True
row_05636,PRD-4TK3B3,12.850875916323977,0.0,FROZEN FOODS,134.3,STORE-7WS,47,5817.26,True,False,False,False,True,True,False,True,True,False,False
row_05637,PRD-9KE7J2,12.850875916323977,0.0821,Breads,176.9,STORE-89Z,33,3324.26,False,True,False,False,False,True,False,False,False,True,False
row_05638,PRD-3SY670,6.789,0.1411,Snack Foods,197.99,STORE-DKU,30,4241.47,False,True,False,True,False,True,False,True,False,False,True
row_05639,PRD-G9LC5B,18.966,0.1092,Household,32.92,STORE-HL7,23,421.62,False,False,True,False,True,True,False,False,False,False,False
row_05641,PRD-GBYJDD,12.850875916323977,0.0157,FRUITS AND VEGETABLES,182.3,STORE-7WS,47,5105.62,True,False,False,False,True,True,False,False,False,True,False
row_05642,PRD-0U9DAQ,5.915,0.0901,Frozen Foods,153.37,STORE-OYG,25,3719.78,False,True,False,True,False,True,False,False,False,True,False
row_05643,PRD-YUG5GN,12.08,0.0,Fruits and Vegetables,47.36,STORE-JOR,34,234.3,False,False,False,False,True,True,False,False,False,False,False
row_05645,PRD-ITAZVY,13.296,0.0663,Frozen Foods,46.71,STORE-HL7,23,463.42,False,False,True,False,True,True,False,False,False,False,False
row_05647,PRD-JLD0TT,12.431,0.0236,dairy,36.94,STORE-YLW,35,417.17,False,True,False,False,False,False,True,False,False,False,False
row_05648,PRD-Q9AH8R,10.643,0.0594,Dairy,232.03,STORE-89Z,33,2896.45,False,True,False,False,False,True,False,False,False,False,True
row_05649,PRD-H4PNZP,18.132,0.0118,Fruits and Vegetables,56.14,STORE-AGY,45,1438.14,False,True,False,False,True,False,False,True,False,False,False
row_05650,PRD-WJRNZT,16.62,0.0397,household,164.92,STORE-9RG,28,4971.31,False,True,False,True,False,False,True,False,False,True,False
row_05651,PRD-07NNDG,9.666,0.0482,Frozen Foods,262.86,STORE-DKU,30,9072.04,False,True,False,True,False,True,False,True,False,False,True
row_05652,PRD-EWB9HJ,7.39,0.0347,health and hygiene,178.4,STORE-HL7,23,1440.18,False,False,True,False,True,True,False,False,False,True,False
row_05653,PRD-W80O9D,18.117,0.081,Frozen Foods,224.14,STORE-AGY,45,4377.24,False,True,False,False,True,False,False,False,False,False,True
row_05654,PRD-I1E9QQ,7.678,0.1798,Household,258.59,STORE-HL7,23,3672.45,False,False,True,False,True,True,False,False,False,False,True
row_05656,PRD-MMSLOQ,11.882,0.0634,Others,247.63,STORE-OYG,25,4964.76,False,True,False,True,False,True,False,False,False,False,True
row_05657,PRD-EVFXVR,14.373,0.0817,HOUSEHOLD,165.29,STORE-89Z,33,6902.25,False,True,False,False,False,True,False,False,False,True,False
row_05659,PRD-1ZL2WT,12.850875916323977,0.0738,Fruits and Vegetables,151.92,STORE-T5G,47,462.0,False,False,False,False,False,False,True,True,False,True,False
row_05660,PRD-C8MXAU,9.099,0.0462,Frozen Foods,50.93,STORE-OYG,25,861.32,False,True,False,True,False,True,False,True,False,False,False
row_05661,PRD-85W6UY,12.850875916323977,0.185,FRUITS AND VEGETABLES,99.44,STORE-7WS,47,2589.84,True,False,False,False,True,True,False,False,True,False,False
row_05662,PRD-6192K4,15.644,0.1045,SOFT DRINKS,56.78,STORE-HL7,23,699.71,False,False,True,False,True,True,False,False,False,False,False
row_05663,PRD-A0BO8W,9.141,0.0405,Baking Goods,211.88,STORE-AGY,45,2323.07,False,True,False,False,True,False,False,True,False,False,True
row_05664,PRD-PQNOMP,17.465,0.0539,Baking Goods,104.49,STORE-OYG,25,1568.45,False,True,False,True,False,True,False,False,True,False,False
row_05665,PRD-ZXY5TE,12.697,0.0419,household,110.29,STORE-HL7,23,1622.78,False,False,True,False,True,True,False,False,True,False,False
row_05666,PRD-8SEN50,12.736,0.0952,others,106.73,STORE-HL7,23,1107.96,False,False,True,False,True,True,False,False,True,False,False
row_05668,PRD-XSDJWS,12.850875916323977,0.0865,Frozen Foods,193.04,STORE-7WS,47,6155.79,True,False,False,False,True,True,False,False,False,False,True
row_05669,PRD-HVVZBL,19.178,0.0705,Dairy,118.66,STORE-DKU,30,3493.68,False,True,False,True,False,True,False,True,True,False,False
row_05670,PRD-4WYJ9D,12.850875916323977,0.0702,Fruits and Vegetables,109.91,STORE-7WS,47,1280.92,True,False,False,False,True,True,False,False,True,False,False
row_05671,PRD-9WWKQF,12.850875916323977,0.0702,Canned,151.13,STORE-7WS,47,5117.81,True,False,False,False,True,True,False,False,False,True,False
row_05672,PRD-MHBMBN,9.713,0.0371,Snack Foods,125.23,STORE-YLW,35,625.21,False,True,False,False,False,False,True,True,True,False,False
row_05673,PRD-OGYR3X,17.947,0.0376,Soft Drinks,188.51,STORE-OYG,25,3372.62,False,True,False,True,False,True,False,False,False,False,True
row_05674,PRD-6NJ4OG,12.850875916323977,0.111,Snack Foods,157.44,STORE-7WS,47,2775.69,True,False,False,False,True,True,False,False,False,True,False
row_05675,PRD-4HX6BQ,9.824,0.042,CANNED,117.35,STORE-JOR,34,113.18,False,False,False,False,True,True,False,False,True,False,False
row_05676,PRD-FIFS27,18.13,0.0523,HOUSEHOLD,122.3,STORE-AGY,45,1403.61,False,True,False,False,True,False,False,False,True,False,False
row_05677,PRD-0X3FG6,21.127,0.0962,fruits and vegetables,124.92,STORE-89Z,33,1295.18,False,True,False,False,False,True,False,True,True,False,False
row_05678,PRD-N0RSKQ,15.396,0.0,Snack Foods,198.89,STORE-AGY,45,3266.48,False,True,False,False,True,False,False,False,False,False,True
row_05680,PRD-GZ27FH,16.458,0.104,Canned,100.92,STORE-JOR,34,391.01,False,False,False,False,True,True,False,False,True,False,False
row_05681,PRD-3KI24S,12.850875916323977,0.0278,household,183.03,STORE-T5G,47,570.08,False,False,False,False,False,False,True,False,False,True,False
row_05682,PRD-8LMN4R,15.33,0.0522,SOFT DRINKS,45.12,STORE-AGY,45,875.91,False,True,False,False,True,False,False,False,False,False,False
row_05683,PRD-33VFUM,17.286,0.0534,Health and Hygiene,127.03,STORE-HL7,23,1193.99,False,False,True,False,True,True,False,False,True,False,False
row_05684,PRD-KYKIRT,8.06,0.1315,Fruits and Vegetables,217.28,STORE-AGY,45,3760.01,False,True,False,False,True,False,False,False,False,False,True
row_05685,PRD-VOYP59,12.850875916323977,0.1232,Fruits and Vegetables,182.33,STORE-7WS,47,7382.73,True,False,False,False,True,True,False,True,False,True,False
row_05686,PRD-YROQ4H,11.52,0.0231,health and hygiene,178.71,STORE-89Z,33,523.55,False,True,False,False,False,True,False,False,False,True,False
row_05688,PRD-4ILMK5,17.622,0.0788,Health and Hygiene,158.8,STORE-9RG,28,1570.63,False,True,False,True,False,False,True,False,False,True,False
row_05689,PRD-D7M46B,6.802,0.0212,Household,35.38,STORE-AGY,45,983.31,False,True,False,False,True,False,False,False,False,False,False
row_05690,PRD-ZJZCZV,8.419,0.0397,Snack Foods,100.99,STORE-HL7,23,1691.43,False,False,True,False,True,True,False,False,True,False,False
row_05691,PRD-78TW48,9.241,0.0113,Snack Foods,187.1,STORE-9RG,28,2493.37,False,True,False,True,False,False,True,True,False,False,True
row_05692,PRD-D6O9YZ,11.018,0.0487,Baking Goods,39.15,STORE-YLW,35,721.07,False,True,False,False,False,False,True,True,False,False,False
row_05693,PRD-BHKJ25,20.899,0.1187,Baking Goods,108.95,STORE-HL7,23,428.55,False,False,True,False,True,True,False,False,True,False,False
row_05694,PRD-KB5FAA,9.852,0.0285,Snack Foods,252.4,STORE-DKU,30,4105.89,False,True,False,True,False,True,False,True,False,False,True
row_05696,PRD-P2F8UZ,12.850875916323977,0.0528,Household,192.14,STORE-7WS,47,4618.75,True,False,False,False,True,True,False,False,False,False,True
row_05697,PRD-L1A5P6,16.795,0.0725,Dairy,121.06,STORE-JOR,34,124.89,False,False,False,False,True,True,False,True,True,False,False
row_05698,PRD-M58TL5,7.518,0.0855,FROZEN FOODS,53.69,STORE-JOR,34,233.49,False,False,False,False,True,True,False,False,False,False,False
row_05699,PRD-VG0CH2,12.766,0.0605,Frozen Foods,102.11,STORE-YLW,35,1988.42,False,True,False,False,False,False,True,True,True,False,False
row_05700,PRD-1ZL2WT,14.003,0.0,fruits and vegetables,152.53,STORE-89Z,33,3092.25,False,True,False,False,False,True,False,True,False,True,False
row_05701,PRD-0B58ST,16.364,0.008,CANNED,103.38,STORE-OYG,25,1525.9,False,True,False,True,False,True,False,True,True,False,False
row_05702,PRD-5N8I4P,11.829,0.1305,Dairy,96.47,STORE-YLW,35,976.81,False,True,False,False,False,False,True,False,True,False,False
row_05703,PRD-CM8SJU,20.545,0.0231,OTHERS,154.0,STORE-89Z,33,2379.23,False,True,False,False,False,True,False,False,False,True,False
row_05704,PRD-H0JJGG,19.065,0.1075,FROZEN FOODS,103.64,STORE-OYG,25,1565.93,False,True,False,True,False,True,False,False,True,False,False
row_05706,PRD-9RHIGZ,7.832,0.0623,Snack Foods,99.05,STORE-HL7,23,1922.76,False,False,True,False,True,True,False,False,True,False,False
row_05708,PRD-6852FC,11.882,0.0171,Hard Drinks,175.37,STORE-9RG,28,3838.56,False,True,False,True,False,False,True,False,False,True,False
row_05709,PRD-CHPZ5T,19.412,0.0171,health and hygiene,207.12,STORE-89Z,33,2595.95,False,True,False,False,False,True,False,False,False,False,True
row_05710,PRD-QPT16H,12.256,0.0156,HOUSEHOLD,166.84,STORE-OYG,25,3207.45,False,True,False,True,False,True,False,False,False,True,False
row_05712,PRD-TKLX6O,14.276,0.0209,Fruits and Vegetables,120.52,STORE-YLW,35,2593.95,False,True,False,False,False,False,True,False,True,False,False
row_05713,PRD-58L9K5,18.056,0.0592,starchy foods,166.91,STORE-OYG,25,1008.94,False,True,False,True,False,True,False,False,False,True,False
row_05714,PRD-YM6IER,7.505,0.0507,FRUITS AND VEGETABLES,124.59,STORE-JOR,34,124.14,False,False,False,False,True,True,False,True,True,False,False
row_05715,PRD-U0COJB,12.850875916323977,0.1224,Frozen Foods,181.88,STORE-T5G,47,363.77,False,False,False,False,False,False,True,False,False,True,False
row_05717,PRD-A0BO8W,9.143,0.0399,Baking Goods,210.64,STORE-89Z,33,5387.65,False,True,False,False,False,True,False,True,False,False,True
row_05719,PRD-2460MA,18.97,0.0533,health and hygiene,195.47,STORE-89Z,33,6941.16,False,True,False,False,False,True,False,False,False,False,True
row_05720,PRD-3IZLX3,18.095,0.1393,Fruits and Vegetables,86.67,STORE-YLW,35,824.22,False,True,False,False,False,False,True,True,False,False,False
row_05721,PRD-A0R0L9,14.42,0.0392,Frozen Foods,158.1,STORE-89Z,33,4299.49,False,True,False,False,False,True,False,True,False,True,False
row_05722,PRD-RJ6GD2,11.839,0.0084,health and hygiene,117.49,STORE-HL7,23,1689.49,False,False,True,False,True,True,False,False,True,False,False
row_05723,PRD-X4KNSF,16.208,0.0384,household,183.85,STORE-YLW,35,1237.92,False,True,False,False,False,False,True,False,False,True,False
row_05724,PRD-53EF9P,12.076,0.029,household,153.2,STORE-89Z,33,1157.94,False,True,False,False,False,True,False,False,False,True,False
row_05726,PRD-IQK291,10.689,0.0198,Soft Drinks,185.51,STORE-AGY,45,6662.59,False,True,False,False,True,False,False,False,False,True,False
row_05727,PRD-1Z14YA,12.734,0.1297,meat,105.23,STORE-HL7,23,512.82,False,False,True,False,True,True,False,False,True,False,False
row_05730,PRD-5BFZ63,18.557,0.1392,canned,166.03,STORE-89Z,33,4207.04,False,True,False,False,False,True,False,False,False,True,False
row_05731,PRD-L8WU3R,19.214,0.0186,snack foods,111.14,STORE-OYG,25,2959.13,False,True,False,True,False,True,False,True,True,False,False
row_05733,PRD-B7ITAT,11.709,0.0,Baking Goods,146.3,STORE-HL7,23,1754.66,False,False,True,False,True,True,False,False,False,True,False
row_05734,PRD-IJOTIN,17.94,0.0676,Frozen Foods,151.35,STORE-DKU,30,4544.74,False,True,False,True,False,True,False,False,False,True,False
row_05735,PRD-RVU8FI,14.145,0.1878,Soft Drinks,83.69,STORE-9RG,28,1578.0,False,True,False,True,False,False,True,False,False,False,False
row_05736,PRD-43Z5TX,6.147,0.0242,FRUITS AND VEGETABLES,158.06,STORE-DKU,30,1840.19,False,True,False,True,False,True,False,False,False,True,False
row_05737,PRD-LAVSML,11.788,0.0,FRUITS AND VEGETABLES,182.53,STORE-9RG,28,3025.95,False,True,False,True,False,False,True,False,False,True,False
row_05739,PRD-5FVDDW,9.465,0.0329,MEAT,157.08,STORE-9RG,28,4653.12,False,True,False,True,False,False,True,True,False,True,False
row_05740,PRD-PQJ1YE,7.419,0.0199,CANNED,93.57,STORE-OYG,25,834.95,False,True,False,True,False,True,False,True,True,False,False
row_05743,PRD-RD47WO,12.850875916323977,0.1108,Snack Foods,175.09,STORE-OYG,25,2784.76,False,True,False,True,False,True,False,True,False,True,False
row_05744,PRD-2G2HFD,9.834,0.0,Household,167.22,STORE-9RG,28,4368.84,False,True,False,True,False,False,True,False,False,True,False
row_05745,PRD-JOYJNE,17.331,0.0444,Dairy,176.48,STORE-HL7,23,4524.17,False,False,True,False,True,True,False,False,False,True,False
row_05746,PRD-UPQZIT,7.068,0.0731,Soft Drinks,115.82,STORE-YLW,35,2545.34,False,True,False,False,False,False,True,False,True,False,False
row_05747,PRD-JOYJNE,12.850875916323977,0.0441,Dairy,171.74,STORE-7WS,47,6031.73,True,False,False,False,True,True,False,False,False,True,False
row_05748,PRD-8KE2WT,16.254,0.0813,Frozen Foods,124.6,STORE-JOR,34,359.6,False,False,False,False,True,True,False,True,True,False,False
row_05749,PRD-ONGWUL,12.850875916323977,0.0398,HOUSEHOLD,253.38,STORE-7WS,47,6356.08,True,False,False,False,True,True,False,False,False,False,True
row_05750,PRD-EMDJNI,16.132,0.0204,Household,43.17,STORE-OYG,25,607.82,False,True,False,True,False,True,False,False,False,False,False
row_05751,PRD-57923T,12.850875916323977,0.1049,dairy,222.87,STORE-7WS,47,1573.49,True,False,False,False,True,True,False,True,False,False,True
row_05752,PRD-7CG8W1,19.805,0.0305,Canned,85.37,STORE-HL7,23,2221.15,False,False,True,False,True,True,False,True,False,False,False
row_05754,PRD-GZ0C99,9.858,0.0255,Meat,246.45,STORE-JOR,34,721.47,False,False,False,False,True,True,False,True,False,False,True
row_05755,PRD-N0RSKQ,15.277,0.172,Snack Foods,190.92,STORE-DKU,30,4627.38,False,True,False,True,False,True,False,False,False,False,True
row_05757,PRD-UX01UP,10.675,0.0297,snack foods,242.05,STORE-DKU,30,8714.71,False,True,False,True,False,True,False,False,False,False,True
row_05759,PRD-PTOMJB,8.035,0.0,soft drinks,175.58,STORE-HL7,23,5733.06,False,False,True,False,True,True,False,False,False,True,False
row_05760,PRD-L3H73U,12.850875916323977,0.0589,SNACK FOODS,115.8,STORE-7WS,47,4342.62,True,False,False,False,True,True,False,False,True,False,False
row_05761,PRD-OGYR3X,17.659,0.0381,SOFT DRINKS,189.64,STORE-YLW,35,2263.92,False,True,False,False,False,False,True,False,False,False,True
row_05762,PRD-0T2RJM,7.761,0.033,canned,114.02,STORE-OYG,25,2603.76,False,True,False,True,False,True,False,False,True,False,False
row_05764,PRD-6D4HQC,6.889,0.0887,SNACK FOODS,109.15,STORE-HL7,23,1026.42,False,False,True,False,True,True,False,False,True,False,False
row_05765,PRD-N64XL2,20.418,0.1121,DAIRY,92.5,STORE-89Z,33,1250.94,False,True,False,False,False,True,False,True,False,False,False
row_05766,PRD-EPWUKF,12.850875916323977,0.1787,Baking Goods,48.04,STORE-T5G,47,135.49,False,False,False,False,False,False,True,False,False,False,False
row_05767,PRD-U58FLM,4.731,0.1384,BREADS,123.23,STORE-9RG,28,1600.75,False,True,False,True,False,False,True,False,True,False,False
row_05768,PRD-OOBWF4,15.793,0.0146,Frozen Foods,37.99,STORE-OYG,25,778.01,False,True,False,True,False,True,False,False,False,False,False
row_05769,PRD-9WHSBP,18.709,0.0578,Frozen Foods,81.84,STORE-89Z,33,2498.86,False,True,False,False,False,True,False,True,False,False,False
row_05770,PRD-48C6WZ,12.850875916323977,0.0344,FRUITS AND VEGETABLES,61.9,STORE-T5G,47,60.92,False,False,False,False,False,False,True,True,False,False,False
row_05771,PRD-1FT8J9,11.943,0.0,HEALTH AND HYGIENE,229.14,STORE-HL7,23,5636.22,False,False,True,False,True,True,False,False,False,False,True
row_05772,PRD-UHT6T0,15.963,0.0327,Soft Drinks,72.84,STORE-DKU,30,884.41,False,True,False,True,False,True,False,False,False,False,False
row_05773,PRD-JGLNR2,12.850875916323977,0.0201,snack foods,162.34,STORE-T5G,47,320.58,False,False,False,False,False,False,True,True,False,True,False
row_05775,PRD-41CMGC,7.318,0.0419,fruits and vegetables,231.34,STORE-DKU,30,471.74,False,True,False,True,False,True,False,False,False,False,True
row_05776,PRD-FHG8KS,19.929,0.1114,Household,126.21,STORE-89Z,33,1169.08,False,True,False,False,False,True,False,False,True,False,False
row_05777,PRD-FIFS27,17.784,0.0521,Household,129.84,STORE-9RG,28,1785.25,False,True,False,True,False,False,True,False,True,False,False
row_05779,PRD-6BH3LL,17.548,0.0773,Baking Goods,111.4,STORE-89Z,33,2464.97,False,True,False,False,False,True,False,False,True,False,False
row_05780,PRD-8DPOY7,12.526,0.0069,household,42.86,STORE-AGY,45,624.42,False,True,False,False,True,False,False,False,False,False,False
row_05782,PRD-LYF3YR,12.850875916323977,0.0109,Household,162.59,STORE-T5G,47,861.29,False,False,False,False,False,False,True,False,False,True,False
row_05783,PRD-LFS04I,10.532,0.0115,Snack Foods,75.28,STORE-89Z,33,1464.91,False,True,False,False,False,True,False,True,False,False,False
row_05784,PRD-J10FFD,8.294,0.0135,Household,141.24,STORE-OYG,25,2664.76,False,True,False,True,False,True,False,False,True,False,False
row_05785,PRD-X7Z97Z,8.939,0.0886,Household,52.51,STORE-DKU,30,1012.29,False,True,False,True,False,True,False,False,False,False,False
row_05787,PRD-H4PNZP,18.541,0.0117,FRUITS AND VEGETABLES,61.33,STORE-HL7,23,653.9,False,False,True,False,True,True,False,True,False,False,False
row_05788,PRD-JWTV3N,10.35,0.0514,FROZEN FOODS,88.88,STORE-YLW,35,1034.61,False,True,False,False,False,False,True,False,False,False,False
row_05789,PRD-B7ITAT,11.446,0.0,BAKING GOODS,155.3,STORE-9RG,28,290.45,False,True,False,True,False,False,True,False,False,True,False
row_05790,PRD-EWQGAD,12.850875916323977,0.0552,canned,190.03,STORE-T5G,47,1288.54,False,False,False,False,False,False,True,True,False,False,True
row_05791,PRD-P1PFDI,17.982,0.1093,OTHERS,110.25,STORE-AGY,45,997.04,False,True,False,False,True,False,False,False,True,False,False
row_05792,PRD-MECOSF,5.846,0.0194,Soft Drinks,50.86,STORE-AGY,45,612.38,False,True,False,False,True,False,False,True,False,False,False
row_05794,PRD-YLAH3X,14.928,0.0324,HOUSEHOLD,109.47,STORE-9RG,28,1918.82,False,True,False,True,False,False,True,False,True,False,False
row_05795,PRD-1RDEZX,13.18,0.0762,DAIRY,232.25,STORE-9RG,28,2832.37,False,True,False,True,False,False,True,False,False,False,True
row_05797,PRD-QCMSWD,8.748,0.009,FROZEN FOODS,101.86,STORE-9RG,28,2261.08,False,True,False,True,False,False,True,False,True,False,False
row_05798,PRD-9FUYAS,9.092,0.0776,frozen foods,114.96,STORE-OYG,25,1220.79,False,True,False,True,False,True,False,True,True,False,False
row_05799,PRD-4GPYWS,14.38,0.0311,FRUITS AND VEGETABLES,215.39,STORE-YLW,35,1114.11,False,True,False,False,False,False,True,False,False,False,True
row_05801,PRD-Z5LSCA,7.909,0.0349,Dairy,124.64,STORE-DKU,30,3627.95,False,True,False,True,False,True,False,False,True,False,False
row_05802,PRD-BJD8BL,9.857,0.0539,BREADS,85.04,STORE-AGY,45,771.33,False,True,False,False,True,False,False,True,False,False,False
row_05803,PRD-4GPYWS,12.850875916323977,0.0509,FRUITS AND VEGETABLES,219.72,STORE-T5G,47,220.76,False,False,False,False,False,False,True,False,False,False,True
row_05804,PRD-V94X2H,14.549,0.0,Snack Foods,245.9,STORE-DKU,30,696.93,False,True,False,True,False,True,False,False,False,False,True
row_05807,PRD-U652FY,8.873,0.0283,canned,165.46,STORE-9RG,28,1992.52,False,True,False,True,False,False,True,True,False,True,False
row_05808,PRD-NMIC1F,12.850875916323977,0.0755,snack foods,103.38,STORE-T5G,47,211.48,False,False,False,False,False,False,True,True,True,False,False
row_05810,PRD-54S8AG,18.061,0.1758,DAIRY,113.41,STORE-89Z,33,1998.76,False,True,False,False,False,True,False,True,True,False,False
row_05811,PRD-1GAGQO,12.474,0.057,Seafood,51.94,STORE-9RG,28,457.88,False,True,False,True,False,False,True,False,False,False,False
row_05812,PRD-1L8SUG,12.850875916323977,0.0566,Starchy Foods,65.98,STORE-DKU,30,1053.99,False,True,False,True,False,True,False,True,False,False,False
row_05813,PRD-ORDJGF,19.898,0.0054,Dairy,258.15,STORE-OYG,25,6089.19,False,True,False,True,False,True,False,False,False,False,True
row_05814,PRD-08S1A7,11.765,0.0721,fruits and vegetables,185.91,STORE-AGY,45,2952.18,False,True,False,False,True,False,False,False,False,True,False
row_05815,PRD-7U00JT,8.026,0.0218,Seafood,108.82,STORE-HL7,23,1853.97,False,False,True,False,True,True,False,False,True,False,False
row_05817,PRD-J51IFI,11.946,0.0356,BREADS,161.27,STORE-JOR,34,329.5,False,False,False,False,True,True,False,False,False,True,False
row_05818,PRD-55LOSM,7.593,0.021,snack foods,246.93,STORE-HL7,23,986.28,False,False,True,False,True,True,False,False,False,False,True
row_05819,PRD-TW0A9P,12.850875916323977,0.084,CANNED,196.62,STORE-7WS,47,5833.63,True,False,False,False,True,True,False,True,False,False,True
row_05820,PRD-AANYGU,12.850875916323977,0.0337,snack foods,166.13,STORE-7WS,47,4796.51,True,False,False,False,True,True,False,False,False,True,False
row_05821,PRD-DH3TKZ,12.850875916323977,0.0302,Dairy,88.47,STORE-7WS,47,3369.39,True,False,False,False,True,True,False,True,False,False,False
row_05822,PRD-YM6IER,7.348,0.0314,FRUITS AND VEGETABLES,125.42,STORE-89Z,33,2769.57,False,True,False,False,False,True,False,True,True,False,False
row_05823,PRD-AAFH5J,20.793,0.0197,Fruits and Vegetables,88.72,STORE-YLW,35,530.43,False,True,False,False,False,False,True,False,False,False,False
row_05824,PRD-4IHRV7,12.850875916323977,0.0758,meat,185.42,STORE-T5G,47,552.48,False,False,False,False,False,False,True,True,False,True,False
row_05825,PRD-1GP1Z7,10.799,0.0896,Snack Foods,215.63,STORE-DKU,30,3443.18,False,True,False,True,False,True,False,True,False,False,True
row_05826,PRD-Z4T48O,12.850875916323977,0.011,snack foods,86.37,STORE-7WS,47,2097.32,True,False,False,False,True,True,False,True,False,False,False
row_05827,PRD-L532UU,17.491,0.0316,Dairy,256.35,STORE-89Z,33,3143.52,False,True,False,False,False,True,False,False,False,False,True
row_05828,PRD-R4VXL5,12.850875916323977,0.0366,Baking Goods,226.2,STORE-7WS,47,6162.24,True,False,False,False,True,True,False,False,False,False,True
row_05829,PRD-86HF4I,12.850875916323977,0.0833,MEAT,256.98,STORE-7WS,47,9192.48,True,False,False,False,True,True,False,False,False,False,True
row_05830,PRD-Q4MPR9,9.905,0.0301,snack foods,158.81,STORE-DKU,30,1005.92,False,True,False,True,False,True,False,False,False,True,False
row_05832,PRD-QE536X,7.378,0.0926,FRUITS AND VEGETABLES,92.64,STORE-YLW,35,1712.19,False,True,False,False,False,False,True,False,False,False,False
row_05834,PRD-N6HW1H,12.51,0.0652,STARCHY FOODS,90.22,STORE-AGY,45,1996.53,False,True,False,False,True,False,False,True,False,False,False
row_05835,PRD-D7J32F,7.091,0.0836,Fruits and Vegetables,143.11,STORE-89Z,33,2492.91,False,True,False,False,False,True,False,False,False,True,False
row_05837,PRD-70LKLF,16.19,0.0673,Canned,105.52,STORE-OYG,25,1572.26,False,True,False,True,False,True,False,True,True,False,False
row_05838,PRD-Y0PRZV,6.488,0.0761,Breads,143.88,STORE-YLW,35,1631.93,False,True,False,False,False,False,True,True,False,True,False
row_05839,PRD-DV8A43,7.844,0.135,SNACK FOODS,47.84,STORE-9RG,28,1520.42,False,True,False,True,False,False,True,True,False,False,False
row_05841,PRD-T83Z0P,18.927,0.0886,MEAT,181.98,STORE-OYG,25,1945.36,False,True,False,True,False,True,False,True,False,True,False
row_05842,PRD-1QW65X,6.092,0.0891,Household,126.36,STORE-YLW,35,514.17,False,True,False,False,False,False,True,False,True,False,False
row_05843,PRD-M0ZQ63,10.354,0.0722,Dairy,269.98,STORE-YLW,35,4135.3,False,True,False,False,False,False,True,False,False,False,True
row_05844,PRD-QK31H5,16.309,0.0346,Fruits and Vegetables,261.17,STORE-OYG,25,2557.97,False,True,False,True,False,True,False,False,False,False,True
row_05845,PRD-K6I2KL,12.850875916323977,0.0148,Snack Foods,185.65,STORE-7WS,47,2955.55,True,False,False,False,True,True,False,True,False,True,False
row_05846,PRD-53EF9P,12.021,0.0296,HOUSEHOLD,153.67,STORE-YLW,35,2266.85,False,True,False,False,False,False,True,False,False,True,False
row_05848,PRD-C2W953,17.597,0.0401,Snack Foods,96.92,STORE-OYG,25,1576.23,False,True,False,True,False,True,False,True,True,False,False
row_05850,PRD-3IZLX3,17.925,0.1416,FRUITS AND VEGETABLES,88.88,STORE-AGY,45,1494.31,False,True,False,False,True,False,False,True,False,False,False
row_05852,PRD-WOLYTS,12.318,0.0409,fruits and vegetables,122.53,STORE-AGY,45,4921.49,False,True,False,False,True,False,False,True,True,False,False
row_05853,PRD-8DPOY7,12.472,0.007,Household,40.28,STORE-9RG,28,537.61,False,True,False,True,False,False,True,False,False,False,False
row_05854,PRD-45BA89,10.785,0.0,FROZEN FOODS,157.78,STORE-89Z,33,618.48,False,True,False,False,False,True,False,True,False,True,False
row_05855,PRD-1H8OJR,8.194,0.0713,hard drinks,35.49,STORE-9RG,28,548.12,False,True,False,True,False,False,True,False,False,False,False
row_05856,PRD-VN11V8,11.089,0.0606,FRUITS AND VEGETABLES,146.77,STORE-YLW,35,1805.0,False,True,False,False,False,False,True,False,False,True,False
row_05857,PRD-S1AWP0,15.615,0.1209,Frozen Foods,79.1,STORE-89Z,33,1100.33,False,True,False,False,False,True,False,False,False,False,False
row_05858,PRD-QCMSWD,12.850875916323977,0.009,FROZEN FOODS,96.1,STORE-7WS,47,2816.5,True,False,False,False,True,True,False,False,True,False,False
row_05859,PRD-CETEN7,6.755,0.1173,BAKING GOODS,41.14,STORE-AGY,45,564.56,False,True,False,False,True,False,False,True,False,False,False
row_05860,PRD-MVV44C,11.56,0.0678,Meat,226.88,STORE-9RG,28,2807.49,False,True,False,True,False,False,True,True,False,False,True
row_05861,PRD-HFH2XF,15.116,0.046,breads,108.01,STORE-DKU,30,3094.51,False,True,False,True,False,True,False,True,True,False,False
row_05862,PRD-QLQCG1,8.361,0.0233,soft drinks,108.51,STORE-HL7,23,952.74,False,False,True,False,True,True,False,False,True,False,False
row_05863,PRD-WEWPGV,14.883,0.2075,snack foods,224.02,STORE-JOR,34,878.62,False,False,False,False,True,True,False,False,False,False,True
row_05865,PRD-QKDZ1Q,16.38,0.0646,fruits and vegetables,228.0,STORE-OYG,25,7306.66,False,True,False,True,False,True,False,True,False,False,True
row_05866,PRD-Q2RPUV,8.389,0.0336,Health and Hygiene,142.72,STORE-OYG,25,2171.99,False,True,False,True,False,True,False,False,False,True,False
row_05867,PRD-Y7CQKD,13.582,0.1037,fruits and vegetables,76.66,STORE-JOR,34,220.17,False,False,False,False,True,True,False,True,False,False,False
row_05868,PRD-1APTC7,19.694,0.0596,health and hygiene,112.8,STORE-HL7,23,895.42,False,False,True,False,True,True,False,False,True,False,False
row_05869,PRD-2BSMEB,12.850875916323977,0.0649,Baking Goods,47.49,STORE-T5G,47,46.69,False,False,False,False,False,False,True,False,False,False,False
row_05871,PRD-ZMEPGT,7.779,0.0624,SOFT DRINKS,98.08,STORE-9RG,28,1485.72,False,True,False,True,False,False,True,False,True,False,False
row_05872,PRD-8MVMVQ,8.701,0.0,Household,114.96,STORE-9RG,28,1567.86,False,True,False,True,False,False,True,False,True,False,False
row_05873,PRD-VLUDBJ,5.782,0.0414,SNACK FOODS,184.44,STORE-9RG,28,2053.02,False,True,False,True,False,False,True,True,False,True,False
row_05874,PRD-YX3CXX,12.850875916323977,0.0461,BREADS,58.33,STORE-7WS,47,1140.35,True,False,False,False,True,True,False,False,False,False,False
row_05875,PRD-NNQFKP,14.794,0.1077,SOFT DRINKS,35.94,STORE-YLW,35,1201.06,False,True,False,False,False,False,True,False,False,False,False
row_05879,PRD-5OIBGD,12.850875916323977,0.1866,Snack Foods,155.8,STORE-T5G,47,309.86,False,False,False,False,False,False,True,False,False,True,False
row_05880,PRD-FHKP7I,12.850875916323977,0.0121,canned,166.9,STORE-7WS,47,2933.87,True,False,False,False,True,True,False,True,False,True,False
row_05881,PRD-MHZN3M,17.574,0.0163,Meat,144.14,STORE-DKU,30,1861.45,False,True,False,True,False,True,False,False,False,True,False
row_05884,PRD-DZ26FO,11.824,0.0,CANNED,173.9,STORE-89Z,33,2031.9,False,True,False,False,False,True,False,False,False,True,False
row_05885,PRD-CP4E30,6.138,0.0228,Dairy,175.36,STORE-YLW,35,5009.6,False,True,False,False,False,False,True,False,False,True,False
row_05886,PRD-9ROJVZ,7.947,0.0848,frozen foods,59.07,STORE-HL7,23,354.45,False,False,True,False,True,True,False,True,False,False,False
row_05887,PRD-D8LKB5,16.943,0.0429,SNACK FOODS,192.89,STORE-DKU,30,2715.51,False,True,False,True,False,True,False,False,False,False,True
row_05888,PRD-3IMLYS,12.850875916323977,0.0222,fruits and vegetables,246.82,STORE-7WS,47,5737.35,True,False,False,False,True,True,False,True,False,False,True
row_05889,PRD-1EYY37,15.224,0.0498,soft drinks,61.27,STORE-9RG,28,772.84,False,True,False,True,False,False,True,False,False,False,False
row_05890,PRD-TT69UA,7.368,0.0535,Canned,123.72,STORE-HL7,23,2456.31,False,False,True,False,True,True,False,False,True,False,False
row_05891,PRD-THLXJ6,12.644,0.1255,snack foods,44.63,STORE-89Z,33,630.84,False,True,False,False,False,True,False,False,False,False,False
row_05892,PRD-2MR4FX,18.126,0.0184,health and hygiene,94.97,STORE-OYG,25,788.7,False,True,False,True,False,True,False,False,True,False,False
row_05894,PRD-5Z8FE8,19.301,0.01,household,212.11,STORE-YLW,35,3092.7,False,True,False,False,False,False,True,False,False,False,True
row_05895,PRD-7B1U9E,10.615,0.0261,Household,170.2,STORE-OYG,25,3760.54,False,True,False,True,False,True,False,False,False,True,False
row_05896,PRD-RB4BUY,18.068,0.0417,Frozen Foods,166.86,STORE-OYG,25,1755.03,False,True,False,True,False,True,False,True,False,True,False
row_05897,PRD-8Q2Y4P,12.850875916323977,0.1244,BREAKFAST,57.29,STORE-T5G,47,109.66,False,False,False,False,False,False,True,True,False,False,False
row_05898,PRD-GZCPKR,19.579,0.0148,HOUSEHOLD,58.85,STORE-AGY,45,337.68,False,True,False,False,True,False,False,False,False,False,False
row_05899,PRD-1FO2WB,8.309,0.0238,frozen foods,114.63,STORE-AGY,45,1372.13,False,True,False,False,True,False,False,True,True,False,False
row_05900,PRD-25KFBO,19.002,0.0263,FRUITS AND VEGETABLES,147.22,STORE-DKU,30,3634.61,False,True,False,True,False,True,False,True,False,True,False
row_05901,PRD-AHB3HN,10.138,0.1072,snack foods,59.02,STORE-89Z,33,655.13,False,True,False,False,False,True,False,False,False,False,False
row_05902,PRD-OECBPM,18.561,0.0463,hard drinks,178.03,STORE-HL7,23,2550.14,False,False,True,False,True,True,False,False,False,True,False
row_05903,PRD-A6X5Z0,18.301,0.0782,health and hygiene,93.95,STORE-89Z,33,386.35,False,True,False,False,False,True,False,False,True,False,False
row_05904,PRD-G7JPM7,12.850875916323977,0.011,Snack Foods,58.37,STORE-7WS,47,768.37,True,False,False,False,True,True,False,True,False,False,False
row_05905,PRD-EMI6QW,12.031,0.0,household,117.4,STORE-HL7,23,1462.88,False,False,True,False,True,True,False,False,True,False,False
row_05906,PRD-3IZLX3,18.445,0.1441,FRUITS AND VEGETABLES,91.93,STORE-89Z,33,1923.73,False,True,False,False,False,True,False,True,False,False,False
row_05907,PRD-L8WU3R,18.902,0.018,SNACK FOODS,110.67,STORE-DKU,30,3003.4,False,True,False,True,False,True,False,True,True,False,False
row_05908,PRD-S4SJ2V,5.248,0.1354,dairy,53.21,STORE-OYG,25,1286.58,False,True,False,True,False,True,False,True,False,False,False
row_05909,PRD-1LWNLR,11.467,0.0592,baking goods,243.58,STORE-9RG,28,2144.21,False,True,False,True,False,False,True,False,False,False,True
row_05911,PRD-TIGUE8,15.014,0.0605,household,135.51,STORE-OYG,25,1684.95,False,True,False,True,False,True,False,False,True,False,False
row_05912,PRD-SUSDFO,5.282,0.0429,Baking Goods,161.04,STORE-HL7,23,2306.11,False,False,True,False,True,True,False,True,False,True,False
row_05914,PRD-N7P05D,11.541,0.0236,DAIRY,178.09,STORE-9RG,28,7273.41,False,True,False,True,False,False,True,True,False,True,False
row_05917,PRD-MNUTT1,8.123,0.1961,CANNED,149.74,STORE-HL7,23,2137.17,False,False,True,False,True,True,False,False,False,True,False
row_05918,PRD-LMEYSN,9.29,0.0098,Others,214.21,STORE-89Z,33,4476.17,False,True,False,False,False,True,False,False,False,False,True
row_05919,PRD-S1R8NF,12.850875916323977,0.0251,SNACK FOODS,77.86,STORE-7WS,47,2211.58,True,False,False,False,True,True,False,True,False,False,False
row_05920,PRD-CX9J1I,12.850875916323977,0.0938,soft drinks,170.86,STORE-7WS,47,4377.79,True,False,False,False,True,True,False,False,False,True,False
row_05921,PRD-YY4QJ7,13.122,0.1154,Breads,143.19,STORE-HL7,23,404.52,False,False,True,False,True,True,False,True,False,True,False
row_05922,PRD-1YKXQ9,18.574,0.0547,health and hygiene,110.15,STORE-OYG,25,1055.66,False,True,False,True,False,True,False,False,True,False,False
row_05923,PRD-GZCPKR,18.945,0.0143,HOUSEHOLD,54.82,STORE-OYG,25,560.32,False,True,False,True,False,True,False,False,False,False,False
row_05924,PRD-0TB4QO,12.850875916323977,0.0912,SNACK FOODS,129.46,STORE-7WS,47,3805.79,True,False,False,False,True,True,False,True,True,False,False
row_05926,PRD-0V6RAS,12.18,0.0522,FRUITS AND VEGETABLES,167.26,STORE-OYG,25,1769.85,False,True,False,True,False,True,False,True,False,True,False
row_05927,PRD-TGVS38,15.473,0.1018,DAIRY,64.7,STORE-OYG,25,1250.36,False,True,False,True,False,True,False,True,False,False,False
row_05928,PRD-1LYFSP,19.807,0.1764,fruits and vegetables,217.97,STORE-9RG,28,1804.42,False,True,False,True,False,False,True,False,False,False,True
row_05930,PRD-UC3160,17.449,0.0782,meat,115.08,STORE-AGY,45,2067.57,False,True,False,False,True,False,False,True,True,False,False
row_05931,PRD-2VTJXU,6.352,0.125,fruits and vegetables,45.33,STORE-DKU,30,811.28,False,True,False,True,False,True,False,False,False,False,False
row_05933,PRD-K3I8BZ,12.850875916323977,0.1944,soft drinks,182.56,STORE-T5G,47,358.27,False,False,False,False,False,False,True,False,False,True,False
row_05934,PRD-4JP18M,18.384,0.0518,snack foods,124.42,STORE-OYG,25,2367.5,False,True,False,True,False,True,False,False,True,False,False
row_05936,PRD-OM3ZAQ,15.603,0.0293,snack foods,257.06,STORE-YLW,35,1263.01,False,True,False,False,False,False,True,True,False,False,True
row_05937,PRD-GD8AFP,19.211,0.0459,dairy,43.61,STORE-89Z,33,234.03,False,True,False,False,False,True,False,False,False,False,False
row_05939,PRD-GD8AFP,19.32,0.0462,DAIRY,39.41,STORE-AGY,45,736.42,False,True,False,False,True,False,False,False,False,False,False
row_05940,PRD-3MS556,18.177,0.0382,baking goods,158.02,STORE-OYG,25,1426.65,False,True,False,True,False,True,False,True,False,True,False
row_05941,PRD-XMVMZH,14.645,0.0503,Meat,206.96,STORE-YLW,35,3756.37,False,True,False,False,False,False,True,True,False,False,True
row_05943,PRD-B7ITAT,11.425,0.1309,Baking Goods,148.87,STORE-AGY,45,1690.32,False,True,False,False,True,False,False,False,False,True,False
row_05944,PRD-ANNREG,19.183,0.036,Canned,141.73,STORE-9RG,28,1506.38,False,True,False,True,False,False,True,True,True,False,False
row_05945,PRD-O5ZFW1,5.462,0.0422,health and hygiene,167.32,STORE-AGY,45,2241.68,False,True,False,False,True,False,False,False,False,True,False
row_05946,PRD-2EZP7V,12.72,0.019,health and hygiene,99.0,STORE-DKU,30,1242.6,False,True,False,True,False,True,False,False,True,False,False
row_05947,PRD-0FOH3H,14.207,0.0294,Dairy,150.38,STORE-DKU,30,830.37,False,True,False,True,False,True,False,True,False,True,False
row_05948,PRD-4GYSMJ,9.123,0.1012,Household,210.47,STORE-DKU,30,1919.85,False,True,False,True,False,True,False,False,False,False,True
row_05949,PRD-PD4RXB,15.468,0.1178,Baking Goods,60.96,STORE-9RG,28,555.26,False,True,False,True,False,False,True,True,False,False,False
row_05952,PRD-U2ROEM,15.395,0.0855,Canned,211.03,STORE-9RG,28,3993.3,False,True,False,True,False,False,True,True,False,False,True
row_05953,PRD-8UHW94,5.788,0.031,Frozen Foods,99.09,STORE-9RG,28,508.58,False,True,False,True,False,False,True,True,True,False,False
row_05954,PRD-RWWK6P,12.850875916323977,0.0235,Baking Goods,92.23,STORE-T5G,47,182.33,False,False,False,False,False,False,True,False,False,False,False
row_05955,PRD-IZED1I,16.214,0.0376,SNACK FOODS,151.88,STORE-AGY,45,5566.32,False,True,False,False,True,False,False,True,False,True,False
row_05956,PRD-76CI5F,10.272,0.0289,Health and Hygiene,150.89,STORE-YLW,35,1565.54,False,True,False,False,False,False,True,False,False,True,False
row_05957,PRD-7IOABT,12.850875916323977,0.1522,FROZEN FOODS,148.89,STORE-T5G,47,306.37,False,False,False,False,False,False,True,False,False,True,False
row_05958,PRD-2P3YVB,12.850875916323977,0.0444,soft drinks,184.1,STORE-7WS,47,5991.07,True,False,False,False,True,True,False,False,False,True,False
row_05959,PRD-DP03EH,7.437,0.1667,DAIRY,206.59,STORE-AGY,45,2722.3,False,True,False,False,True,False,False,False,False,False,True
row_05960,PRD-N8W9UR,6.942,0.1464,canned,111.25,STORE-9RG,28,1198.64,False,True,False,True,False,False,True,False,True,False,False
row_05961,PRD-R2LIOG,12.850875916323977,0.0605,dairy,145.91,STORE-HL7,23,1848.69,False,False,True,False,True,True,False,False,False,True,False
row_05962,PRD-58L9K5,18.637,0.0,Starchy Foods,169.34,STORE-DKU,30,4653.66,False,True,False,True,False,True,False,False,False,True,False
row_05963,PRD-WKDRX0,15.902,0.0604,MEAT,43.88,STORE-AGY,45,172.94,False,True,False,False,True,False,False,True,False,False,False
row_05964,PRD-DJKDFR,12.850875916323977,0.0245,Fruits and Vegetables,158.31,STORE-T5G,47,488.65,False,False,False,False,False,False,True,False,False,True,False
row_05966,PRD-58B6PJ,16.122,0.0637,Dairy,80.89,STORE-89Z,33,885.9,False,True,False,False,False,True,False,True,False,False,False
row_05967,PRD-YP5JO3,12.850875916323977,0.1236,dairy,212.97,STORE-T5G,47,227.57,False,False,False,False,False,False,True,True,False,False,True
row_05968,PRD-VW2RFX,6.4,0.0553,Dairy,179.92,STORE-HL7,23,2230.73,False,False,True,False,True,True,False,False,False,True,False
row_05969,PRD-JRFCO7,9.287,0.1201,FROZEN FOODS,58.37,STORE-9RG,28,1831.64,False,True,False,True,False,False,True,False,False,False,False
row_05972,PRD-PCHMB2,13.426,0.0328,CANNED,97.86,STORE-89Z,33,2135.44,False,True,False,False,False,True,False,True,True,False,False
row_05973,PRD-Z36JWB,9.398,0.0853,BAKING GOODS,104.99,STORE-OYG,25,2445.66,False,True,False,True,False,True,False,False,True,False,False
row_05974,PRD-KFRZWZ,12.850875916323977,0.0683,meat,50.96,STORE-7WS,47,1327.04,True,False,False,False,True,True,False,False,False,False,False
row_05975,PRD-0U2BL3,12.850875916323977,0.1079,snack foods,142.26,STORE-7WS,47,2767.46,True,False,False,False,True,True,False,False,False,True,False
row_05976,PRD-V14WZZ,17.927,0.0307,health and hygiene,199.52,STORE-HL7,23,2760.68,False,False,True,False,True,True,False,False,False,False,True
row_05978,PRD-884JXZ,16.753,0.0328,frozen foods,144.78,STORE-YLW,35,1716.35,False,True,False,False,False,False,True,False,False,True,False
row_05983,PRD-4TMXDN,10.656,0.1404,breads,154.75,STORE-89Z,33,3157.67,False,True,False,False,False,True,False,True,False,True,False
row_05984,PRD-78TW48,9.537,0.0104,SNACK FOODS,189.05,STORE-YLW,35,2098.68,False,True,False,False,False,False,True,True,False,False,True
row_05985,PRD-3I603D,17.53,0.0266,FROZEN FOODS,265.83,STORE-HL7,23,4041.89,False,False,True,False,True,True,False,False,False,False,True
row_05987,PRD-XUIY0X,14.295,0.0415,STARCHY FOODS,181.24,STORE-YLW,35,2244.53,False,True,False,False,False,False,True,False,False,True,False
row_05988,PRD-TKLX6O,12.850875916323977,0.0211,Fruits and Vegetables,128.73,STORE-7WS,47,5266.45,True,False,False,False,True,True,False,False,True,False,False
row_05989,PRD-U438R9,10.906,0.0349,Frozen Foods,174.21,STORE-YLW,35,3471.23,False,True,False,False,False,False,True,True,False,True,False
row_05990,PRD-E5UPVR,17.172,0.0,Snack Foods,112.25,STORE-89Z,33,2611.69,False,True,False,False,False,True,False,True,True,False,False
row_05991,PRD-C0AR0O,5.029,0.0281,Snack Foods,108.11,STORE-AGY,45,3421.62,False,True,False,False,True,False,False,True,True,False,False
row_05992,PRD-DTQLBZ,14.275,0.1234,BAKING GOODS,101.61,STORE-89Z,33,2011.96,False,True,False,False,False,True,False,True,True,False,False
row_05993,PRD-R9OUDO,12.850875916323977,0.0,SOFT DRINKS,89.11,STORE-7WS,47,1329.1,True,False,False,False,True,True,False,False,False,False,False
row_05995,PRD-DJKDFR,18.086,0.0139,FRUITS AND VEGETABLES,153.95,STORE-AGY,45,4026.5,False,True,False,False,True,False,False,False,False,True,False
row_05997,PRD-FETZ47,9.72,0.0499,Starchy Foods,187.38,STORE-9RG,28,2008.75,False,True,False,True,False,False,True,True,False,False,True
row_05998,PRD-6192K4,12.850875916323977,0.1121,Soft Drinks,60.02,STORE-7WS,47,1288.2,True,False,False,False,True,True,False,False,False,False,False
row_05999,PRD-49DBZ7,10.664,0.163,Snack Foods,107.51,STORE-DKU,30,544.71,False,True,False,True,False,True,False,False,True,False,False
row_06003,PRD-JTGE75,6.592,0.0362,Breads,153.28,STORE-89Z,33,1078.87,False,True,False,False,False,True,False,True,False,True,False
row_06004,PRD-DZVGPM,12.850875916323977,0.0,Soft Drinks,151.82,STORE-7WS,47,7474.65,True,False,False,False,True,True,False,False,False,True,False
row_06005,PRD-ZGIUDT,12.850875916323977,0.1777,Health and Hygiene,115.56,STORE-T5G,47,115.79,False,False,False,False,False,False,True,False,True,False,False
row_06006,PRD-1HSPTH,15.587,0.1187,canned,135.51,STORE-9RG,28,2055.91,False,True,False,True,False,False,True,False,True,False,False
row_06007,PRD-PCHMB2,13.433,0.0327,canned,101.96,STORE-AGY,45,2585.59,False,True,False,False,True,False,False,True,True,False,False
row_06008,PRD-UI2QXL,9.441,0.1014,snack foods,102.66,STORE-9RG,28,1713.66,False,True,False,True,False,False,True,False,True,False,False
row_06009,PRD-OGP0MY,9.311,0.0863,Baking Goods,77.45,STORE-JOR,34,149.95,False,False,False,False,True,True,False,True,False,False,False
row_06010,PRD-PF322F,8.888,0.0719,BREAKFAST,177.2,STORE-89Z,33,3573.1,False,True,False,False,False,True,False,False,False,True,False
row_06011,PRD-IHO2KG,13.45,0.08,Frozen Foods,262.64,STORE-9RG,28,2116.08,False,True,False,True,False,False,True,True,False,False,True
row_06013,PRD-FZ61II,10.189,0.1538,frozen foods,143.66,STORE-OYG,25,1655.32,False,True,False,True,False,True,False,True,False,True,False
row_06014,PRD-LU9AAE,12.850875916323977,0.0644,Frozen Foods,157.43,STORE-7WS,47,1803.55,True,False,False,False,True,True,False,False,False,True,False
row_06015,PRD-S0LI0X,10.383,0.0174,STARCHY FOODS,242.49,STORE-HL7,23,3598.46,False,False,True,False,True,True,False,True,False,False,True
row_06016,PRD-JOYJNE,17.192,0.0422,Dairy,172.02,STORE-9RG,28,2119.09,False,True,False,True,False,False,True,False,False,True,False
row_06017,PRD-OW7SFQ,12.477,0.1108,fruits and vegetables,239.03,STORE-HL7,23,2422.12,False,False,True,False,True,True,False,False,False,False,True
row_06018,PRD-OM3ZAQ,15.697,0.0298,Snack Foods,254.79,STORE-DKU,30,1509.9,False,True,False,True,False,True,False,True,False,False,True
row_06019,PRD-63RMAJ,19.104,0.015,Household,186.18,STORE-9RG,28,895.33,False,True,False,True,False,False,True,False,False,False,True
row_06020,PRD-ZTO1FG,14.015,0.1444,Dairy,260.57,STORE-9RG,28,8726.5,False,True,False,True,False,False,True,False,False,False,True
row_06021,PRD-3KSWI6,12.850875916323977,0.0119,canned,187.86,STORE-7WS,47,4585.77,True,False,False,False,True,True,False,True,False,False,True
row_06022,PRD-LZBZ98,18.437,0.1621,Health and Hygiene,44.27,STORE-89Z,33,688.42,False,True,False,False,False,True,False,False,False,False,False
row_06024,PRD-RMB8Q9,10.37,0.0351,Health and Hygiene,87.53,STORE-HL7,23,1245.83,False,False,True,False,True,True,False,False,False,False,False
row_06025,PRD-T2XRGI,21.361,0.0072,STARCHY FOODS,176.33,STORE-HL7,23,1889.41,False,False,True,False,True,True,False,True,False,True,False
row_06026,PRD-7XB2JA,7.967,0.0205,HOUSEHOLD,160.6,STORE-89Z,33,3412.0,False,True,False,False,False,True,False,False,False,True,False
row_06028,PRD-PSFZVE,17.288,0.0523,Snack Foods,101.05,STORE-9RG,28,1859.92,False,True,False,True,False,False,True,False,True,False,False
row_06029,PRD-8JU6OJ,14.055,0.1297,Baking Goods,76.64,STORE-YLW,35,1178.81,False,True,False,False,False,False,True,False,False,False,False
row_06030,PRD-4IHRV7,12.153,0.0406,MEAT,185.59,STORE-89Z,33,2824.81,False,True,False,False,False,True,False,True,False,True,False
row_06031,PRD-EMI6QW,11.786,0.0282,household,115.3,STORE-DKU,30,999.84,False,True,False,True,False,True,False,False,True,False,False
row_06033,PRD-V3ISY0,11.224,0.0098,Health and Hygiene,50.25,STORE-HL7,23,757.15,False,False,True,False,True,True,False,False,False,False,False
row_06034,PRD-KV05SZ,18.792,0.091,Hard Drinks,126.04,STORE-YLW,35,3778.79,False,True,False,False,False,False,True,False,True,False,False
row_06035,PRD-DK2043,20.696,0.0151,dairy,196.18,STORE-YLW,35,3122.07,False,True,False,False,False,False,True,True,False,False,True
row_06036,PRD-N64XL2,20.857,0.191,Dairy,93.46,STORE-JOR,34,197.42,False,False,False,False,True,True,False,True,True,False,False
row_06037,PRD-7F4S1U,7.615,0.1453,fruits and vegetables,172.63,STORE-AGY,45,3052.12,False,True,False,False,True,False,False,True,False,True,False
row_06038,PRD-GSTFS2,5.627,0.0157,frozen foods,84.47,STORE-89Z,33,1463.15,False,True,False,False,False,True,False,False,False,False,False
row_06039,PRD-QEYOOU,18.709,0.0702,FROZEN FOODS,222.97,STORE-OYG,25,4914.4,False,True,False,True,False,True,False,True,False,False,True
row_06040,PRD-C3Y7HA,16.018,0.0335,FRUITS AND VEGETABLES,50.23,STORE-JOR,34,149.32,False,False,False,False,True,True,False,False,False,False,False
row_06041,PRD-GW4LDH,9.814,0.0875,HEALTH AND HYGIENE,145.49,STORE-89Z,33,3734.19,False,True,False,False,False,True,False,False,False,True,False
row_06042,PRD-S57TCO,5.425,0.0507,baking goods,130.37,STORE-OYG,25,1507.62,False,True,False,True,False,True,False,True,True,False,False
row_06043,PRD-IMZXFQ,6.756,0.0226,Frozen Foods,265.36,STORE-HL7,23,3558.76,False,False,True,False,True,True,False,False,False,False,True
row_06044,PRD-WTQX65,20.412,0.1002,Starchy Foods,228.67,STORE-YLW,35,886.03,False,True,False,False,False,False,True,False,False,False,True
row_06046,PRD-RJX4XT,17.484,0.0276,Canned,138.75,STORE-YLW,35,3251.29,False,True,False,False,False,False,True,True,True,False,False
row_06049,PRD-UDT59W,12.850875916323977,0.0266,CANNED,92.52,STORE-7WS,47,2525.58,True,False,False,False,True,True,False,True,False,False,False
row_06050,PRD-4TMXDN,10.474,0.1362,Breads,159.38,STORE-9RG,28,2264.63,False,True,False,True,False,False,True,True,False,True,False
row_06051,PRD-ORDJGF,19.993,0.0054,Dairy,269.61,STORE-89Z,33,3184.84,False,True,False,False,False,True,False,False,False,False,True
row_06052,PRD-7CG8W1,19.821,0.0296,CANNED,86.21,STORE-DKU,30,2210.38,False,True,False,True,False,True,False,True,False,False,False
row_06054,PRD-884JXZ,16.844,0.0555,Frozen Foods,150.16,STORE-JOR,34,588.55,False,False,False,False,True,True,False,False,False,True,False
row_06055,PRD-ET6ZI7,17.225,0.1312,fruits and vegetables,111.36,STORE-9RG,28,1501.69,False,True,False,True,False,False,True,False,True,False,False
row_06056,PRD-5JACYR,7.491,0.0292,FRUITS AND VEGETABLES,39.88,STORE-DKU,30,547.41,False,True,False,True,False,True,False,False,False,False,False
row_06057,PRD-JN3LYX,14.465,0.1246,DAIRY,126.47,STORE-89Z,33,2146.5,False,True,False,False,False,True,False,False,True,False,False
row_06058,PRD-9JRSNV,17.216,0.0382,soft drinks,162.06,STORE-OYG,25,1889.33,False,True,False,True,False,True,False,False,False,True,False
row_06059,PRD-49M5ZM,12.436,0.1042,Fruits and Vegetables,114.85,STORE-OYG,25,1991.62,False,True,False,True,False,True,False,False,True,False,False
row_06060,PRD-7VKBB8,20.003,0.0259,household,97.41,STORE-AGY,45,1945.51,False,True,False,False,True,False,False,False,True,False,False
row_06062,PRD-25OW9Y,11.818,0.0394,meat,61.26,STORE-89Z,33,729.07,False,True,False,False,False,True,False,False,False,False,False
row_06064,PRD-MMSLOQ,12.850875916323977,0.1089,others,258.42,STORE-T5G,47,781.3,False,False,False,False,False,False,True,False,False,False,True
row_06065,PRD-X4KNSF,16.366,0.0353,household,175.14,STORE-DKU,30,4018.8,False,True,False,True,False,True,False,False,False,True,False
row_06066,PRD-S4SJ2V,5.327,0.1406,dairy,53.49,STORE-YLW,35,835.16,False,True,False,False,False,False,True,True,False,False,False
row_06067,PRD-0PKUUM,7.377,0.2411,Starchy Foods,168.01,STORE-JOR,34,846.03,False,False,False,False,True,True,False,True,False,True,False
row_06068,PRD-32WT59,12.850875916323977,0.1332,BAKING GOODS,178.01,STORE-T5G,47,184.51,False,False,False,False,False,False,True,False,False,True,False
row_06069,PRD-Q7WI57,10.191,0.0418,FRUITS AND VEGETABLES,39.49,STORE-AGY,45,942.77,False,True,False,False,True,False,False,False,False,False,False
row_06070,PRD-6Z6CCC,8.764,0.1211,canned,92.84,STORE-YLW,35,1006.67,False,True,False,False,False,False,True,False,False,False,False
row_06071,PRD-OF1GG2,13.782,0.0373,SNACK FOODS,183.01,STORE-YLW,35,1671.18,False,True,False,False,False,False,True,False,False,True,False
row_06073,PRD-NZLAXA,19.257,0.0409,Household,242.74,STORE-89Z,33,5626.78,False,True,False,False,False,True,False,False,False,False,True
row_06074,PRD-IWHL8Z,7.555,0.0276,Canned,149.19,STORE-OYG,25,1927.66,False,True,False,True,False,True,False,False,False,True,False
row_06075,PRD-ZIFT9Y,15.276,0.0262,FRUITS AND VEGETABLES,101.41,STORE-89Z,33,1290.38,False,True,False,False,False,True,False,True,True,False,False
row_06077,PRD-UE8YM7,21.057,0.0436,Dairy,177.16,STORE-YLW,35,1626.43,False,True,False,False,False,False,True,False,False,True,False
row_06078,PRD-L1A5P6,16.502,0.0437,Dairy,118.29,STORE-HL7,23,1621.56,False,False,True,False,True,True,False,True,True,False,False
row_06079,PRD-L6H2NL,8.97,0.0821,Household,48.03,STORE-OYG,25,861.59,False,True,False,True,False,True,False,False,False,False,False
row_06080,PRD-4W0VUG,11.547,0.0518,HARD DRINKS,73.86,STORE-DKU,30,800.39,False,True,False,True,False,True,False,False,False,False,False
row_06081,PRD-SWX1JP,12.850875916323977,0.0471,Baking Goods,103.92,STORE-7WS,47,2228.27,True,False,False,False,True,True,False,False,True,False,False
row_06083,PRD-DI6SOU,6.7,0.0448,CANNED,157.46,STORE-OYG,25,885.35,False,True,False,True,False,True,False,True,False,True,False
row_06084,PRD-EGC2DP,6.776,0.0561,Snack Foods,218.55,STORE-89Z,33,5811.28,False,True,False,False,False,True,False,False,False,False,True
row_06085,PRD-LIGYU6,19.142,0.1447,Snack Foods,247.8,STORE-AGY,45,3643.43,False,True,False,False,True,False,False,True,False,False,True
row_06086,PRD-28T7A9,14.615,0.0594,Dairy,158.48,STORE-AGY,45,1658.87,False,True,False,False,True,False,False,False,False,True,False
row_06087,PRD-LUJBU0,8.447,0.0484,baking goods,112.29,STORE-9RG,28,2334.03,False,True,False,True,False,False,True,True,True,False,False
row_06088,PRD-VTAQXP,6.094,0.0954,Dairy,44.94,STORE-9RG,28,301.59,False,True,False,True,False,False,True,True,False,False,False
row_06089,PRD-KXWNRE,8.198,0.0,soft drinks,126.24,STORE-DKU,30,722.12,False,True,False,True,False,True,False,True,True,False,False
row_06090,PRD-52DNR9,8.812,0.1176,soft drinks,120.58,STORE-AGY,45,1659.33,False,True,False,False,True,False,False,True,True,False,False
row_06091,PRD-54IKMO,12.72,0.1584,fruits and vegetables,241.7,STORE-YLW,35,3745.0,False,True,False,False,False,False,True,True,False,False,True
row_06092,PRD-UZET1P,13.332,0.0375,Fruits and Vegetables,170.9,STORE-OYG,25,2800.58,False,True,False,True,False,True,False,False,False,True,False
row_06093,PRD-T0HICC,13.763,0.1163,SNACK FOODS,193.09,STORE-89Z,33,2518.8,False,True,False,False,False,True,False,False,False,False,True
row_06094,PRD-HFVMHX,8.132,0.0183,Health and Hygiene,244.55,STORE-OYG,25,6214.48,False,True,False,True,False,True,False,False,False,False,True
row_06095,PRD-ORDJGF,12.850875916323977,0.0053,DAIRY,266.13,STORE-7WS,47,3297.11,True,False,False,False,True,True,False,False,False,False,True
row_06096,PRD-YE19ES,10.397,0.1223,Dairy,124.82,STORE-HL7,23,2254.43,False,False,True,False,True,True,False,True,True,False,False
row_06099,PRD-25KFBO,19.419,0.0252,fruits and vegetables,151.49,STORE-OYG,25,3001.53,False,True,False,True,False,True,False,True,False,True,False
row_06100,PRD-D8LKB5,12.850875916323977,0.0778,snack foods,186.39,STORE-T5G,47,1182.58,False,False,False,False,False,False,True,False,False,False,True
row_06101,PRD-J5S6R0,18.974,0.0466,DAIRY,147.79,STORE-YLW,35,2229.65,False,True,False,False,False,False,True,True,False,True,False
row_06102,PRD-GZGU9E,13.351,0.1004,dairy,224.64,STORE-OYG,25,2590.58,False,True,False,True,False,True,False,False,False,False,True
row_06103,PRD-WTOOBM,12.850875916323977,0.164,Soft Drinks,177.21,STORE-T5G,47,344.1,False,False,False,False,False,False,True,False,False,True,False
row_06104,PRD-RYI0M7,10.771,0.0695,FROZEN FOODS,123.57,STORE-89Z,33,1431.32,False,True,False,False,False,True,False,False,True,False,False
row_06105,PRD-1QV3CG,8.457,0.0388,Fruits and Vegetables,190.29,STORE-YLW,35,1992.96,False,True,False,False,False,False,True,True,False,False,True
row_06107,PRD-7Q94JB,12.850875916323977,0.0,frozen foods,143.85,STORE-7WS,47,5366.74,True,False,False,False,True,True,False,True,False,True,False
row_06108,PRD-G5MMQ7,10.582,0.1041,Breakfast,176.08,STORE-JOR,34,175.86,False,False,False,False,True,True,False,True,False,True,False
row_06110,PRD-91ZPKY,12.850875916323977,0.1151,frozen foods,248.73,STORE-7WS,47,6931.56,True,False,False,False,True,True,False,False,False,False,True
row_06111,PRD-DRIIPJ,12.381,0.0372,snack foods,115.72,STORE-AGY,45,2154.88,False,True,False,False,True,False,False,False,True,False,False
row_06112,PRD-ZTFIIA,16.186,0.0264,fruits and vegetables,167.38,STORE-AGY,45,1560.53,False,True,False,False,True,False,False,False,False,True,False
row_06113,PRD-CXN22P,12.850875916323977,0.0895,Dairy,100.98,STORE-7WS,47,1808.58,True,False,False,False,True,True,False,False,True,False,False
row_06114,PRD-H56OB4,9.31,0.0495,HOUSEHOLD,102.97,STORE-YLW,35,2274.89,False,True,False,False,False,False,True,False,True,False,False
row_06117,PRD-BRCL47,13.693,0.0342,Hard Drinks,118.01,STORE-YLW,35,3298.36,False,True,False,False,False,False,True,False,True,False,False
row_06118,PRD-HD96M8,12.469,0.0613,Starchy Foods,35.26,STORE-89Z,33,696.82,False,True,False,False,False,True,False,False,False,False,False
row_06119,PRD-X1M5E8,15.786,0.0251,Snack Foods,178.41,STORE-OYG,25,1692.36,False,True,False,True,False,True,False,False,False,True,False
row_06120,PRD-ZM7AEF,4.636,0.0334,Frozen Foods,109.07,STORE-89Z,33,1328.55,False,True,False,False,False,True,False,True,True,False,False
row_06121,PRD-VM43VV,9.542,0.1196,Health and Hygiene,162.42,STORE-89Z,33,4540.42,False,True,False,False,False,True,False,False,False,True,False
row_06123,PRD-RZXHM8,10.513,0.1402,Snack Foods,160.4,STORE-JOR,34,451.81,False,False,False,False,True,True,False,True,False,True,False
row_06125,PRD-202SK1,12.850875916323977,0.1399,Canned,179.46,STORE-T5G,47,851.54,False,False,False,False,False,False,True,False,False,True,False
row_06126,PRD-CVE6PR,15.767,0.0748,SOFT DRINKS,93.29,STORE-OYG,25,579.78,False,True,False,True,False,True,False,False,True,False,False
row_06128,PRD-DRIIPJ,12.062,0.0358,Snack Foods,117.05,STORE-OYG,25,2610.75,False,True,False,True,False,True,False,False,True,False,False
row_06129,PRD-GGO8YM,16.553,0.0658,BREAKFAST,178.2,STORE-YLW,35,1908.08,False,True,False,False,False,False,True,True,False,True,False
row_06130,PRD-G52EFU,12.850875916323977,0.0969,FRUITS AND VEGETABLES,119.72,STORE-T5G,47,129.53,False,False,False,False,False,False,True,False,True,False,False
row_06131,PRD-G1X3J1,12.074,0.1194,Soft Drinks,203.53,STORE-89Z,33,4679.19,False,True,False,False,False,True,False,False,False,False,True
row_06132,PRD-54IKMO,12.57,0.15,fruits and vegetables,244.71,STORE-OYG,25,5357.61,False,True,False,True,False,True,False,True,False,False,True
row_06133,PRD-I4J38V,13.003,0.0631,frozen foods,147.6,STORE-OYG,25,1674.59,False,True,False,True,False,True,False,False,False,True,False
row_06134,PRD-Y0PRZV,12.850875916323977,0.0765,breads,140.91,STORE-9RG,28,3467.14,False,True,False,True,False,False,True,True,True,False,False
row_06135,PRD-8CX8FG,14.04,0.0918,frozen foods,226.82,STORE-DKU,30,1864.61,False,True,False,True,False,True,False,True,False,False,True
row_06136,PRD-HBZ5J3,11.479,0.0592,Baking Goods,105.53,STORE-9RG,28,417.5,False,True,False,True,False,False,True,False,True,False,False
row_06138,PRD-21520R,15.69,0.0266,Snack Foods,86.43,STORE-DKU,30,2367.32,False,True,False,True,False,True,False,False,False,False,False
row_06139,PRD-LYF3YR,6.237,0.0063,Household,168.99,STORE-AGY,45,2040.8,False,True,False,False,True,False,False,False,False,True,False
row_06140,PRD-D7OODG,12.850875916323977,0.0494,fruits and vegetables,78.42,STORE-7WS,47,1833.2,True,False,False,False,True,True,False,True,False,False,False
row_06141,PRD-GJ1QQ8,20.846,0.0856,BAKING GOODS,119.39,STORE-DKU,30,1683.34,False,True,False,True,False,True,False,False,True,False,False
row_06143,PRD-32WT59,20.2,0.0751,Baking Goods,179.28,STORE-AGY,45,2951.31,False,True,False,False,True,False,False,False,False,True,False
row_06147,PRD-IDKG04,8.616,0.0866,SNACK FOODS,117.09,STORE-DKU,30,1413.78,False,True,False,True,False,True,False,True,True,False,False
row_06148,PRD-5BFZ63,18.703,0.1351,CANNED,172.65,STORE-AGY,45,2775.7,False,True,False,False,True,False,False,False,False,True,False
row_06149,PRD-LFQG18,11.387,0.0565,meat,96.83,STORE-OYG,25,954.92,False,True,False,True,False,True,False,True,True,False,False
row_06151,PRD-L5PBHR,13.158,0.0207,Breads,81.9,STORE-DKU,30,750.41,False,True,False,True,False,True,False,False,False,False,False
row_06152,PRD-B9OF3M,16.97,0.0,Fruits and Vegetables,248.42,STORE-YLW,35,4483.76,False,True,False,False,False,False,True,False,False,False,True
row_06154,PRD-5HJHWF,9.2,0.0468,SNACK FOODS,85.46,STORE-89Z,33,2063.04,False,True,False,False,False,True,False,False,False,False,False
row_06155,PRD-L38V8W,12.814,0.0234,Fruits and Vegetables,115.0,STORE-89Z,33,1238.14,False,True,False,False,False,True,False,False,True,False,False
row_06157,PRD-WT29FN,18.015,0.0087,BAKING GOODS,78.16,STORE-DKU,30,1260.62,False,True,False,True,False,True,False,False,False,False,False
row_06158,PRD-070S1K,14.928,0.0623,Household,180.74,STORE-9RG,28,3202.67,False,True,False,True,False,False,True,False,False,True,False
row_06159,PRD-K3596H,6.914,0.0429,snack foods,105.65,STORE-YLW,35,1212.35,False,True,False,False,False,False,True,True,True,False,False
row_06160,PRD-N8W9UR,7.047,0.1496,CANNED,104.95,STORE-YLW,35,2031.05,False,True,False,False,False,False,True,False,True,False,False
row_06161,PRD-U9W2MB,13.679,0.1604,Fruits and Vegetables,143.97,STORE-OYG,25,2703.05,False,True,False,True,False,True,False,True,False,True,False
row_06162,PRD-G5MMQ7,10.596,0.0585,breakfast,168.97,STORE-AGY,45,2340.28,False,True,False,False,True,False,False,True,False,True,False
row_06163,PRD-C1B3EU,18.806,0.1676,Frozen Foods,47.07,STORE-JOR,34,192.72,False,False,False,False,True,True,False,True,False,False,False
row_06165,PRD-EBEM2I,12.348,0.1036,FRUITS AND VEGETABLES,175.35,STORE-AGY,45,3761.76,False,True,False,False,True,False,False,True,False,True,False
row_06166,PRD-CFZYY9,14.813,0.0872,FROZEN FOODS,218.0,STORE-OYG,25,4769.09,False,True,False,True,False,True,False,False,False,False,True
row_06167,PRD-IBQR9L,20.633,0.0492,Dairy,212.92,STORE-JOR,34,416.78,False,False,False,False,True,True,False,True,False,False,True
row_06168,PRD-YHRDU3,13.051,0.1537,Household,158.12,STORE-JOR,34,307.95,False,False,False,False,True,True,False,False,False,True,False
row_06169,PRD-W10HOA,6.617,0.0424,Snack Foods,89.88,STORE-DKU,30,1666.54,False,True,False,True,False,True,False,False,False,False,False
row_06170,PRD-ZGIUDT,14.769,0.096,health and hygiene,112.04,STORE-HL7,23,550.78,False,False,True,False,True,True,False,False,True,False,False
row_06171,PRD-RMBF82,9.262,0.0343,FRUITS AND VEGETABLES,167.99,STORE-DKU,30,1896.27,False,True,False,True,False,True,False,True,False,True,False
row_06172,PRD-BF343R,19.66,0.0849,Frozen Foods,125.82,STORE-JOR,34,130.76,False,False,False,False,True,True,False,True,True,False,False
row_06173,PRD-L3H73U,7.036,0.0596,Snack Foods,115.19,STORE-AGY,45,238.34,False,True,False,False,True,False,False,False,True,False,False
row_06174,PRD-33VFUM,17.405,0.0884,Health and Hygiene,127.61,STORE-JOR,34,382.18,False,False,False,False,True,True,False,False,True,False,False
row_06175,PRD-6KBJ2C,15.848,0.0863,DAIRY,140.89,STORE-DKU,30,1425.23,False,True,False,True,False,True,False,False,True,False,False
row_06176,PRD-9RHIGZ,12.850875916323977,0.1033,Snack Foods,99.16,STORE-T5G,47,414.56,False,False,False,False,False,False,True,False,True,False,False
row_06177,PRD-OIZ8SJ,12.726,0.1525,Fruits and Vegetables,248.55,STORE-HL7,23,4174.47,False,False,True,False,True,True,False,True,False,False,True
row_06178,PRD-H6TX8K,6.326,0.015,HOUSEHOLD,143.81,STORE-89Z,33,3437.65,False,True,False,False,False,True,False,False,False,True,False
row_06179,PRD-RJ6GD2,11.932,0.0087,health and hygiene,119.89,STORE-AGY,45,2028.28,False,True,False,False,True,False,False,False,True,False,False
row_06180,PRD-DYYVDQ,19.451,0.0864,Canned,149.67,STORE-HL7,23,1926.19,False,False,True,False,True,True,False,True,False,True,False
row_06181,PRD-G0OA3Y,11.058,0.0278,others,50.05,STORE-YLW,35,688.77,False,True,False,False,False,False,True,False,False,False,False
row_06182,PRD-2T1TDG,9.428,0.0433,Hard Drinks,190.66,STORE-HL7,23,4362.7,False,False,True,False,True,True,False,False,False,False,True
row_06183,PRD-KL6CEV,6.473,0.0927,Household,83.14,STORE-YLW,35,600.83,False,True,False,False,False,False,True,False,False,False,False
row_06184,PRD-SIIAEB,12.304,0.0,Snack Foods,117.92,STORE-AGY,45,3302.18,False,True,False,False,True,False,False,False,True,False,False
row_06185,PRD-WOSQMC,16.466,0.0432,fruits and vegetables,181.46,STORE-YLW,35,2052.43,False,True,False,False,False,False,True,False,False,True,False
row_06186,PRD-JLC90O,16.982,0.0264,canned,146.27,STORE-89Z,33,1187.58,False,True,False,False,False,True,False,True,False,True,False
row_06187,PRD-ANNREG,18.82,0.0343,canned,139.57,STORE-89Z,33,2065.71,False,True,False,False,False,True,False,True,True,False,False
row_06188,PRD-KF9QCF,16.403,0.0762,health and hygiene,34.26,STORE-OYG,25,548.89,False,True,False,True,False,True,False,False,False,False,False
row_06189,PRD-3A1DU1,12.850875916323977,0.0811,Household,173.22,STORE-7WS,47,5110.5,True,False,False,False,True,True,False,False,False,True,False
row_06190,PRD-PQJ1YE,7.249,0.021,canned,90.64,STORE-DKU,30,948.36,False,True,False,True,False,True,False,True,False,False,False
row_06192,PRD-F4D9ZQ,12.850875916323977,0.0771,Meat,66.85,STORE-7WS,47,1540.08,True,False,False,False,True,True,False,False,False,False,False
row_06195,PRD-Y7T0DJ,14.147,0.1251,FRUITS AND VEGETABLES,86.83,STORE-AGY,45,1117.95,False,True,False,False,True,False,False,False,False,False,False
row_06196,PRD-QPT16H,12.394,0.025,HOUSEHOLD,167.82,STORE-JOR,34,168.99,False,False,False,False,True,True,False,False,False,True,False
row_06197,PRD-6DXZJ1,13.355,0.0731,Snack Foods,66.53,STORE-HL7,23,1046.78,False,False,True,False,True,True,False,True,False,False,False
row_06198,PRD-S1AWP0,16.057,0.1151,Frozen Foods,77.34,STORE-YLW,35,1784.29,False,True,False,False,False,False,True,False,False,False,False
row_06200,PRD-90E4B0,9.317,0.0783,Household,242.11,STORE-JOR,34,958.16,False,False,False,False,True,True,False,False,False,False,True
row_06203,PRD-P2F8UZ,12.612,0.0534,HOUSEHOLD,186.07,STORE-9RG,28,3468.63,False,True,False,True,False,False,True,False,False,False,True
row_06204,PRD-2G73AJ,9.126,0.0166,dairy,258.02,STORE-AGY,45,6567.7,False,True,False,False,True,False,False,False,False,False,True
row_06205,PRD-PKT9A9,12.850875916323977,0.0556,Canned,58.2,STORE-7WS,47,1046.49,True,False,False,False,True,True,False,True,False,False,False
row_06206,PRD-XV9XJM,12.850875916323977,0.0648,starchy foods,80.67,STORE-7WS,47,1723.05,True,False,False,False,True,True,False,True,False,False,False
row_06207,PRD-DZQ5YW,17.133,0.0468,snack foods,94.72,STORE-OYG,25,1498.81,False,True,False,True,False,True,False,True,True,False,False
row_06208,PRD-7W86NG,8.363,0.0574,HEALTH AND HYGIENE,106.81,STORE-9RG,28,1200.25,False,True,False,True,False,False,True,False,True,False,False
row_06209,PRD-GLFRI8,8.118,0.0215,breakfast,228.85,STORE-OYG,25,1403.97,False,True,False,True,False,True,False,False,False,False,True
row_06210,PRD-87AU5B,9.805,0.0135,SOFT DRINKS,45.32,STORE-YLW,35,1171.46,False,True,False,False,False,False,True,False,False,False,False
row_06211,PRD-UCR0F5,20.194,0.082,Breads,168.57,STORE-OYG,25,1838.71,False,True,False,True,False,True,False,True,False,True,False
row_06214,PRD-1I4N2E,9.781,0.022,Household,251.1,STORE-DKU,30,4185.8,False,True,False,True,False,True,False,False,False,False,True
row_06215,PRD-41ZE8O,7.55,0.0658,Snack Foods,43.1,STORE-OYG,25,570.55,False,True,False,True,False,True,False,True,False,False,False
row_06216,PRD-QK31H5,15.707,0.0336,FRUITS AND VEGETABLES,251.89,STORE-89Z,33,2890.92,False,True,False,False,False,True,False,False,False,False,True
row_06217,PRD-2UETCH,12.850875916323977,0.0317,Meat,175.4,STORE-7WS,47,7559.59,True,False,False,False,True,True,False,False,False,True,False
row_06219,PRD-54TA1S,20.378,0.0393,Breakfast,158.61,STORE-AGY,45,2085.96,False,True,False,False,True,False,False,True,False,True,False
row_06220,PRD-0B7UYQ,19.715,0.1452,Household,231.91,STORE-AGY,45,2707.12,False,True,False,False,True,False,False,False,False,False,True
row_06221,PRD-X9G7HS,10.333,0.1281,Canned,106.79,STORE-9RG,28,1365.85,False,True,False,True,False,False,True,False,True,False,False
row_06222,PRD-DKYAYQ,18.243,0.0326,Dairy,154.13,STORE-YLW,35,1193.62,False,True,False,False,False,False,True,False,False,True,False
row_06223,PRD-DTYGUJ,12.103,0.0786,Household,168.73,STORE-HL7,23,1604.65,False,False,True,False,True,True,False,False,False,True,False
row_06224,PRD-C3DXMR,17.29,0.0364,SNACK FOODS,91.37,STORE-9RG,28,1127.13,False,True,False,True,False,False,True,False,False,False,False
row_06225,PRD-G5MMQ7,10.817,0.0621,Breakfast,170.16,STORE-9RG,28,3410.24,False,True,False,True,False,False,True,True,False,True,False
row_06226,PRD-L6H2NL,9.149,0.0841,Household,48.24,STORE-89Z,33,429.97,False,True,False,False,False,True,False,False,False,False,False
row_06227,PRD-THLXJ6,12.882,0.1169,Snack Foods,45.14,STORE-HL7,23,1243.59,False,False,True,False,True,True,False,False,False,False,False
row_06229,PRD-I1E9QQ,7.675,0.1913,Household,253.17,STORE-9RG,28,5851.3,False,True,False,True,False,False,True,False,False,False,True
row_06230,PRD-3S195J,12.850875916323977,0.119,Hard Drinks,171.5,STORE-7WS,47,6916.71,True,False,False,False,True,True,False,False,False,True,False
row_06232,PRD-X7AKU0,10.033,0.0,HEALTH AND HYGIENE,117.51,STORE-9RG,28,1954.33,False,True,False,True,False,False,True,False,True,False,False
row_06233,PRD-N9CUWJ,9.449,0.0,Snack Foods,246.78,STORE-9RG,28,4332.18,False,True,False,True,False,False,True,False,False,False,True
row_06234,PRD-T4BXVH,8.599,0.0,Fruits and Vegetables,111.93,STORE-89Z,33,1435.06,False,True,False,False,False,True,False,False,True,False,False
row_06235,PRD-F6KJKV,11.817,0.0247,Starchy Foods,120.07,STORE-DKU,30,2267.57,False,True,False,True,False,True,False,False,True,False,False
row_06236,PRD-HP1UAK,12.772,0.0318,baking goods,168.29,STORE-HL7,23,1011.56,False,False,True,False,True,True,False,True,False,True,False
row_06238,PRD-YZB4K8,17.212,0.0162,FRUITS AND VEGETABLES,47.3,STORE-DKU,30,526.36,False,True,False,True,False,True,False,True,False,False,False
row_06241,PRD-F88JRF,18.984,0.0,Frozen Foods,146.03,STORE-DKU,30,2581.65,False,True,False,True,False,True,False,True,False,True,False
row_06244,PRD-54S8AG,12.850875916323977,0.1904,Dairy,108.05,STORE-7WS,47,1959.08,True,False,False,False,True,True,False,True,True,False,False
row_06245,PRD-C1HY2U,19.982,0.073,Dairy,112.02,STORE-DKU,30,1621.58,False,True,False,True,False,True,False,False,True,False,False
row_06246,PRD-O15RRZ,13.11,0.0964,Frozen Foods,38.93,STORE-YLW,35,561.63,False,True,False,False,False,False,True,False,False,False,False
row_06247,PRD-H0JJGG,18.698,0.1128,FROZEN FOODS,107.79,STORE-89Z,33,1955.52,False,True,False,False,False,True,False,False,True,False,False
row_06249,PRD-B0BAVM,15.246,0.0365,Household,123.71,STORE-9RG,28,2101.53,False,True,False,True,False,False,True,False,True,False,False
row_06250,PRD-RLBUOB,7.268,0.0214,Seafood,182.73,STORE-OYG,25,3550.79,False,True,False,True,False,True,False,True,False,True,False
row_06251,PRD-M2AOBR,18.99,0.0123,household,122.36,STORE-89Z,33,3843.8,False,True,False,False,False,True,False,False,True,False,False
row_06252,PRD-M58TL5,7.141,0.0539,frozen foods,57.84,STORE-DKU,30,795.82,False,True,False,True,False,True,False,False,False,False,False
row_06253,PRD-2WLNC8,12.850875916323977,0.0293,Household,199.81,STORE-T5G,47,390.94,False,False,False,False,False,False,True,False,False,False,True
row_06254,PRD-ZDANTN,20.455,0.0236,Baking Goods,240.03,STORE-AGY,45,3451.6,False,True,False,False,True,False,False,True,False,False,True
row_06255,PRD-VXSN74,12.850875916323977,0.0995,SNACK FOODS,140.26,STORE-T5G,47,582.5,False,False,False,False,False,False,True,False,True,False,False
row_06256,PRD-L3H73U,7.237,0.0587,Snack Foods,113.16,STORE-HL7,23,1206.02,False,False,True,False,True,True,False,False,True,False,False
row_06257,PRD-4GS0FH,17.439,0.0485,Canned,144.23,STORE-YLW,35,1408.57,False,True,False,False,False,False,True,True,False,True,False
row_06259,PRD-ZDVAG1,20.218,0.1453,HOUSEHOLD,34.39,STORE-89Z,33,770.36,False,True,False,False,False,True,False,False,False,False,False
row_06261,PRD-5QVWC9,6.323,0.1217,Household,253.92,STORE-YLW,35,3283.06,False,True,False,False,False,False,True,False,False,False,True
row_06262,PRD-F13TKM,12.850875916323977,0.1224,Household,71.39,STORE-T5G,47,304.96,False,False,False,False,False,False,True,False,False,False,False
row_06264,PRD-XHO0VH,21.174,0.0664,Breakfast,152.41,STORE-OYG,25,1357.65,False,True,False,True,False,True,False,True,False,True,False
row_06265,PRD-ZGVTUI,10.995,0.0975,Meat,99.55,STORE-9RG,28,1472.46,False,True,False,True,False,False,True,False,True,False,False
row_06266,PRD-8A5PN4,5.67,0.0739,Fruits and Vegetables,259.58,STORE-YLW,35,4406.75,False,True,False,False,False,False,True,True,False,False,True
row_06267,PRD-7R37F7,10.31,0.0244,Fruits and Vegetables,211.12,STORE-9RG,28,3182.75,False,True,False,True,False,False,True,True,False,False,True
row_06270,PRD-JKU72H,15.986,0.1007,canned,100.69,STORE-OYG,25,2131.72,False,True,False,True,False,True,False,False,True,False,False
row_06271,PRD-UE8YM7,20.22,0.0417,DAIRY,178.52,STORE-OYG,25,1287.97,False,True,False,True,False,True,False,False,False,True,False
row_06272,PRD-5OIBGD,16.87,0.107,snack foods,158.12,STORE-HL7,23,2800.12,False,False,True,False,True,True,False,False,False,True,False
row_06273,PRD-EF6Y39,10.327,0.0137,snack foods,138.27,STORE-AGY,45,3031.38,False,True,False,False,True,False,False,True,True,False,False
row_06274,PRD-GU1UQX,10.686,0.1392,dairy,256.83,STORE-HL7,23,4847.74,False,False,True,False,True,True,False,False,False,False,True
row_06275,PRD-5URYBL,8.593,0.1246,Household,164.81,STORE-AGY,45,4677.93,False,True,False,False,True,False,False,False,False,True,False
row_06276,PRD-6C3BE3,20.577,0.0388,household,154.83,STORE-89Z,33,3197.41,False,True,False,False,False,True,False,False,False,True,False
row_06277,PRD-Z36JWB,9.658,0.089,baking goods,104.94,STORE-89Z,33,1110.36,False,True,False,False,False,True,False,False,True,False,False
row_06278,PRD-QIRRQA,10.602,0.0831,DAIRY,194.73,STORE-AGY,45,2602.57,False,True,False,False,True,False,False,False,False,False,True
row_06280,PRD-KV05SZ,19.361,0.0891,hard drinks,127.37,STORE-AGY,45,3604.8,False,True,False,False,True,False,False,False,True,False,False
row_06281,PRD-8INI8M,12.850875916323977,0.211,SNACK FOODS,87.4,STORE-T5G,47,357.47,False,False,False,False,False,False,True,True,False,False,False
row_06282,PRD-CSMCMC,10.969,0.0101,dairy,121.66,STORE-9RG,28,2036.92,False,True,False,True,False,False,True,True,True,False,False
row_06284,PRD-FSOZPT,19.248,0.0749,Soft Drinks,236.79,STORE-89Z,33,6015.73,False,True,False,False,False,True,False,True,False,False,True
row_06286,PRD-JQPKAH,8.708,0.0702,household,93.28,STORE-YLW,35,1913.85,False,True,False,False,False,False,True,False,False,False,False
row_06287,PRD-6192K4,15.712,0.1839,SOFT DRINKS,56.59,STORE-JOR,34,114.03,False,False,False,False,True,True,False,False,False,False,False
row_06288,PRD-JJTFPH,9.55,0.068,Hard Drinks,174.03,STORE-DKU,30,6002.57,False,True,False,True,False,True,False,False,False,True,False
row_06289,PRD-6YLBXP,16.93,0.1405,Canned,262.81,STORE-OYG,25,2604.4,False,True,False,True,False,True,False,True,False,False,True
row_06290,PRD-BGLSH8,20.608,0.0344,Household,39.94,STORE-DKU,30,725.73,False,True,False,True,False,True,False,False,False,False,False
row_06291,PRD-N8W9UR,12.850875916323977,0.1516,canned,104.34,STORE-7WS,47,2528.61,True,False,False,False,True,True,False,False,True,False,False
row_06293,PRD-JVFJWT,19.411,0.1008,Fruits and Vegetables,232.46,STORE-AGY,45,3244.14,False,True,False,False,True,False,False,True,False,False,True
row_06294,PRD-WT29FN,12.850875916323977,0.0,BAKING GOODS,81.8,STORE-T5G,47,164.55,False,False,False,False,False,False,True,False,False,False,False
row_06296,PRD-X7CODR,19.493,0.0147,Household,101.55,STORE-DKU,30,2151.54,False,True,False,True,False,True,False,False,True,False,False
row_06297,PRD-AAFH5J,20.545,0.0207,Fruits and Vegetables,89.36,STORE-AGY,45,1883.76,False,True,False,False,True,False,False,False,False,False,False
row_06298,PRD-U2ROEM,15.232,0.0836,Canned,213.01,STORE-HL7,23,1971.0,False,False,True,False,True,True,False,True,False,False,True
row_06299,PRD-LYF3YR,6.236,0.0063,HOUSEHOLD,164.14,STORE-OYG,25,1641.44,False,True,False,True,False,True,False,False,False,True,False
row_06300,PRD-IT7I1J,19.565,0.0759,SNACK FOODS,111.39,STORE-89Z,33,1167.54,False,True,False,False,False,True,False,True,True,False,False
row_06301,PRD-T5J284,13.198,0.1452,Snack Foods,178.94,STORE-OYG,25,2566.71,False,True,False,True,False,True,False,True,False,True,False
row_06302,PRD-ZTO1FG,13.923,0.0,Dairy,257.74,STORE-89Z,33,3627.23,False,True,False,False,False,True,False,False,False,False,True
row_06303,PRD-11CMKR,11.773,0.0347,Canned,178.3,STORE-OYG,25,5233.87,False,True,False,True,False,True,False,False,False,True,False
row_06304,PRD-QOHMUH,15.389,0.0,Hard Drinks,43.79,STORE-JOR,34,127.18,False,False,False,False,True,True,False,False,False,False,False
row_06305,PRD-CCUG7R,6.646,0.0411,MEAT,41.37,STORE-AGY,45,778.74,False,True,False,False,True,False,False,True,False,False,False
row_06306,PRD-IQSUHA,19.866,0.0281,canned,154.61,STORE-9RG,28,3873.48,False,True,False,True,False,False,True,True,False,True,False
row_06307,PRD-1ZXOI6,11.788,0.0584,Soft Drinks,52.39,STORE-89Z,33,378.49,False,True,False,False,False,True,False,True,False,False,False
row_06308,PRD-1K1QT6,13.274,0.0098,HOUSEHOLD,174.9,STORE-89Z,33,4997.99,False,True,False,False,False,True,False,False,False,True,False
row_06309,PRD-VDV7PE,10.961,0.0383,health and hygiene,38.91,STORE-89Z,33,1157.97,False,True,False,False,False,True,False,False,False,False,False
row_06310,PRD-4EYNIN,7.061,0.0736,household,115.64,STORE-89Z,33,2612.63,False,True,False,False,False,True,False,False,True,False,False
row_06311,PRD-E5BLYU,12.2,0.0555,Snack Foods,59.87,STORE-9RG,28,1775.05,False,True,False,True,False,False,True,True,False,False,False
row_06312,PRD-54TA1S,20.799,0.0383,Breakfast,158.28,STORE-OYG,25,816.61,False,True,False,True,False,True,False,True,False,True,False
row_06313,PRD-WDSS7E,19.398,0.0421,Frozen Foods,44.95,STORE-AGY,45,523.55,False,True,False,False,True,False,False,True,False,False,False
row_06314,PRD-JH7XEX,7.156,0.0397,Canned,83.97,STORE-OYG,25,514.81,False,True,False,True,False,True,False,False,False,False,False
row_06315,PRD-YDT7CU,14.893,0.0658,breads,270.87,STORE-AGY,45,2790.85,False,True,False,False,True,False,False,True,False,False,True
row_06316,PRD-NCP2VI,17.68,0.0192,HEALTH AND HYGIENE,233.11,STORE-89Z,33,3637.47,False,True,False,False,False,True,False,False,False,False,True
row_06317,PRD-C5OAOO,7.564,0.122,others,143.06,STORE-OYG,25,4916.09,False,True,False,True,False,True,False,False,False,True,False
row_06318,PRD-2G2HFD,9.793,0.0067,household,164.73,STORE-HL7,23,3023.92,False,False,True,False,True,True,False,False,False,True,False
row_06319,PRD-LU9AAE,7.474,0.0666,Frozen Foods,157.54,STORE-DKU,30,2531.0,False,True,False,True,False,True,False,False,False,True,False
row_06320,PRD-HDPJSA,6.602,0.1212,CANNED,259.91,STORE-AGY,45,5392.34,False,True,False,False,True,False,False,False,False,False,True
row_06321,PRD-237WI9,12.850875916323977,0.0552,Frozen Foods,58.29,STORE-7WS,47,1626.68,True,False,False,False,True,True,False,False,False,False,False
row_06322,PRD-KUE98H,9.213,0.1058,breads,66.75,STORE-YLW,35,989.72,False,True,False,False,False,False,True,False,False,False,False
row_06325,PRD-LFS04I,10.91,0.0113,Snack Foods,75.08,STORE-DKU,30,1046.56,False,True,False,True,False,True,False,True,False,False,False
row_06327,PRD-7ZGA6X,12.850875916323977,0.1315,baking goods,90.31,STORE-T5G,47,85.56,False,False,False,False,False,False,True,False,False,False,False
row_06328,PRD-WZMTFC,8.937,0.0577,Household,115.01,STORE-AGY,45,710.36,False,True,False,False,True,False,False,False,True,False,False
row_06329,PRD-VN8NN8,9.079,0.0806,MEAT,105.22,STORE-DKU,30,334.81,False,True,False,True,False,True,False,True,True,False,False
row_06331,PRD-U0J0N0,12.850875916323977,0.0439,Frozen Foods,203.31,STORE-T5G,47,841.55,False,False,False,False,False,False,True,False,False,False,True
row_06332,PRD-GJY1KD,14.359,0.0148,HOUSEHOLD,201.4,STORE-JOR,34,374.53,False,False,False,False,True,True,False,False,False,False,True
row_06333,PRD-SILU2D,6.395,0.0101,Canned,117.04,STORE-OYG,25,2918.9,False,True,False,True,False,True,False,False,True,False,False
row_06334,PRD-BHKJ25,12.850875916323977,0.2004,BAKING GOODS,104.16,STORE-T5G,47,217.7,False,False,False,False,False,False,True,False,True,False,False
row_06335,PRD-XWBVYG,9.999,0.0513,breads,34.42,STORE-DKU,30,454.66,False,True,False,True,False,True,False,False,False,False,False
row_06336,PRD-Q7WI57,10.553,0.0395,fruits and vegetables,38.06,STORE-89Z,33,556.71,False,True,False,False,False,True,False,False,False,False,False
row_06337,PRD-YHRDU3,13.05,0.0939,household,159.76,STORE-AGY,45,1863.13,False,True,False,False,True,False,False,False,False,True,False
row_06339,PRD-H4CI9H,6.879,0.0355,MEAT,180.21,STORE-YLW,35,2036.87,False,True,False,False,False,False,True,True,False,True,False
row_06340,PRD-CEEQ2B,9.721,0.0,fruits and vegetables,112.4,STORE-OYG,25,1476.0,False,True,False,True,False,True,False,False,True,False,False
row_06341,PRD-BCDPQ9,12.850875916323977,0.1987,Dairy,232.32,STORE-T5G,47,466.15,False,False,False,False,False,False,True,True,False,False,True
row_06342,PRD-C04T2V,12.850875916323977,0.0358,HOUSEHOLD,50.16,STORE-7WS,47,856.01,True,False,False,False,True,True,False,False,False,False,False
row_06344,PRD-2SLHIM,12.850875916323977,0.0096,MEAT,185.82,STORE-7WS,47,3371.32,True,False,False,False,True,True,False,False,False,True,False
row_06345,PRD-CHPZ5T,18.556,0.0182,Health and Hygiene,209.11,STORE-YLW,35,3698.87,False,True,False,False,False,False,True,False,False,False,True
row_06346,PRD-DH2TA3,8.823,0.0165,Household,104.41,STORE-AGY,45,210.07,False,True,False,False,True,False,False,False,True,False,False
row_06347,PRD-48C6WZ,15.864,0.0322,FRUITS AND VEGETABLES,61.37,STORE-JOR,34,117.3,False,False,False,False,True,True,False,True,False,False,False
row_06348,PRD-BOOINB,12.850875916323977,0.013,canned,109.02,STORE-7WS,47,2698.93,True,False,False,False,True,True,False,False,True,False,False
row_06349,PRD-VHS1K3,14.039,0.0313,SOFT DRINKS,138.47,STORE-OYG,25,1705.48,False,True,False,True,False,True,False,False,True,False,False
row_06350,PRD-PXXK71,7.912,0.0745,health and hygiene,44.72,STORE-OYG,25,1200.79,False,True,False,True,False,True,False,False,False,False,False
row_06353,PRD-4AAL09,19.454,0.084,others,34.47,STORE-HL7,23,612.94,False,False,True,False,True,True,False,False,False,False,False
row_06354,PRD-MVV44C,11.439,0.0682,Meat,237.39,STORE-AGY,45,6044.71,False,True,False,False,True,False,False,True,False,False,True
row_06356,PRD-L38V8W,12.469,0.0238,FRUITS AND VEGETABLES,116.41,STORE-DKU,30,1792.65,False,True,False,True,False,True,False,False,True,False,False
row_06357,PRD-0ZYCMV,18.163,0.0122,Fruits and Vegetables,164.25,STORE-AGY,45,3234.75,False,True,False,False,True,False,False,False,False,True,False
row_06358,PRD-N0RSKQ,12.850875916323977,0.1806,Snack Foods,194.99,STORE-7WS,47,5552.86,True,False,False,False,True,True,False,False,False,False,True
row_06359,PRD-G8F1CB,19.618,0.0679,SOFT DRINKS,160.34,STORE-JOR,34,319.23,False,False,False,False,True,True,False,True,False,True,False
row_06360,PRD-OEVB9O,6.349,0.0264,SOFT DRINKS,88.34,STORE-9RG,28,1169.26,False,True,False,True,False,False,True,False,False,False,False
row_06361,PRD-VCZHN7,11.606,0.1657,snack foods,125.53,STORE-HL7,23,1620.79,False,False,True,False,True,True,False,False,True,False,False
row_06362,PRD-GSEMU5,6.821,0.0295,FRUITS AND VEGETABLES,77.92,STORE-AGY,45,1687.99,False,True,False,False,True,False,False,True,False,False,False
row_06363,PRD-X272HP,4.707,0.074,Soft Drinks,114.9,STORE-89Z,33,1555.19,False,True,False,False,False,True,False,False,True,False,False
row_06364,PRD-1UFH01,12.850875916323977,0.0771,Snack Foods,51.82,STORE-7WS,47,783.29,True,False,False,False,True,True,False,True,False,False,False
row_06365,PRD-PKT9A9,14.925,0.0538,Canned,59.29,STORE-YLW,35,542.43,False,True,False,False,False,False,True,True,False,False,False
row_06367,PRD-5SOWOM,12.850875916323977,0.0152,Starchy Foods,171.5,STORE-7WS,47,7222.03,True,False,False,False,True,True,False,False,False,True,False
row_06368,PRD-MSND8D,12.850875916323977,0.0374,soft drinks,37.66,STORE-7WS,47,1305.68,True,False,False,False,True,True,False,False,False,False,False
row_06370,PRD-1DSTWG,7.423,0.1555,FRUITS AND VEGETABLES,241.79,STORE-DKU,30,5195.87,False,True,False,True,False,True,False,False,False,False,True
row_06372,PRD-XCFTUX,14.842,0.0191,canned,188.11,STORE-YLW,35,4465.07,False,True,False,False,False,False,True,False,False,False,True
row_06373,PRD-U438R9,11.093,0.0372,FROZEN FOODS,177.88,STORE-OYG,25,3200.77,False,True,False,True,False,True,False,True,False,True,False
row_06374,PRD-2BSMEB,6.83,0.061,baking goods,50.99,STORE-JOR,34,50.71,False,False,False,False,True,True,False,False,False,False,False
row_06375,PRD-0L0JBS,8.717,0.0087,Canned,103.34,STORE-9RG,28,2513.67,False,True,False,True,False,False,True,True,True,False,False
row_06376,PRD-SVH3EJ,6.4,0.0127,MEAT,40.12,STORE-AGY,45,915.43,False,True,False,False,True,False,False,False,False,False,False
row_06377,PRD-NSLK6R,18.13,0.0647,baking goods,192.59,STORE-DKU,30,1461.92,False,True,False,True,False,True,False,True,False,False,True
row_06378,PRD-SMRD3A,9.051,0.0561,Fruits and Vegetables,188.48,STORE-OYG,25,2805.24,False,True,False,True,False,True,False,False,False,False,True
row_06379,PRD-IQSUHA,19.899,0.0285,Canned,159.11,STORE-YLW,35,1688.4,False,True,False,False,False,False,True,True,False,True,False
row_06380,PRD-L9KV91,10.585,0.0316,Seafood,152.91,STORE-9RG,28,4521.99,False,True,False,True,False,False,True,False,False,True,False
row_06381,PRD-UI2QXL,9.362,0.1015,Snack Foods,102.65,STORE-89Z,33,822.47,False,True,False,False,False,True,False,False,True,False,False
row_06382,PRD-BJD8BL,9.606,0.0588,BREADS,86.4,STORE-DKU,30,1768.13,False,True,False,True,False,True,False,True,False,False,False
row_06383,PRD-ANNREG,19.774,0.0336,Canned,137.93,STORE-HL7,23,275.14,False,False,True,False,True,True,False,True,True,False,False
row_06384,PRD-D7J32F,7.17,0.0774,Fruits and Vegetables,144.57,STORE-AGY,45,3560.85,False,True,False,False,True,False,False,False,False,True,False
row_06385,PRD-0MUOHU,16.768,0.0569,Breads,85.68,STORE-AGY,45,1771.34,False,True,False,False,True,False,False,False,False,False,False
row_06386,PRD-I49KQ7,10.402,0.16,SOFT DRINKS,248.99,STORE-YLW,35,5106.26,False,True,False,False,False,False,True,False,False,False,True
row_06387,PRD-QKXIRH,18.705,0.1076,frozen foods,122.8,STORE-89Z,33,484.62,False,True,False,False,False,True,False,False,True,False,False
row_06388,PRD-VKXTUF,20.753,0.0236,FRUITS AND VEGETABLES,90.8,STORE-HL7,23,1301.49,False,False,True,False,True,True,False,False,False,False,False
row_06389,PRD-CM8SJU,20.523,0.0242,others,151.59,STORE-AGY,45,2343.08,False,True,False,False,True,False,False,False,False,True,False
row_06390,PRD-1SZJIV,10.269,0.1514,dairy,194.69,STORE-OYG,25,4098.95,False,True,False,True,False,True,False,True,False,False,True
row_06391,PRD-GVJICS,16.202,0.1725,Snack Foods,154.2,STORE-YLW,35,4542.62,False,True,False,False,False,False,True,True,False,True,False
row_06392,PRD-IQ9LVF,19.157,0.0827,Baking Goods,48.0,STORE-AGY,45,710.63,False,True,False,False,True,False,False,True,False,False,False
row_06393,PRD-JXVIHM,19.511,0.0279,household,129.01,STORE-89Z,33,3812.31,False,True,False,False,False,True,False,False,True,False,False
row_06394,PRD-KV05SZ,12.850875916323977,0.0872,Hard Drinks,129.43,STORE-7WS,47,3344.56,True,False,False,False,True,True,False,False,True,False,False
row_06395,PRD-PDRI65,11.324,0.0175,Health and Hygiene,132.86,STORE-DKU,30,1704.74,False,True,False,True,False,True,False,False,True,False,False
row_06396,PRD-2I8L31,20.621,0.0376,FRUITS AND VEGETABLES,120.92,STORE-9RG,28,3333.93,False,True,False,True,False,False,True,False,True,False,False
row_06397,PRD-Q3QA3S,20.704,0.03,DAIRY,256.2,STORE-DKU,30,1008.63,False,True,False,True,False,True,False,True,False,False,True
row_06398,PRD-2EZP7V,12.507,0.0189,Health and Hygiene,97.54,STORE-OYG,25,2116.48,False,True,False,True,False,True,False,False,True,False,False
row_06400,PRD-6KHXCY,11.906,0.0602,meat,151.18,STORE-YLW,35,1616.42,False,True,False,False,False,False,True,True,False,True,False
row_06401,PRD-HYF9SX,12.850875916323977,0.0249,Soft Drinks,39.9,STORE-7WS,47,1249.29,True,False,False,False,True,True,False,True,False,False,False
row_06402,PRD-E8N6QI,10.686,0.0518,Soft Drinks,233.88,STORE-DKU,30,4208.82,False,True,False,True,False,True,False,False,False,False,True
row_06403,PRD-TV6685,12.850875916323977,0.0886,fruits and vegetables,151.64,STORE-T5G,47,434.6,False,False,False,False,False,False,True,False,False,True,False
row_06404,PRD-DKYAYQ,12.850875916323977,0.0596,dairy,151.39,STORE-T5G,47,308.11,False,False,False,False,False,False,True,False,False,True,False
row_06405,PRD-ZMEPGT,7.428,0.0598,SOFT DRINKS,94.58,STORE-DKU,30,1146.87,False,True,False,True,False,True,False,False,True,False,False
row_06406,PRD-SIY7PG,12.850875916323977,0.0253,HOUSEHOLD,43.3,STORE-7WS,47,303.16,True,False,False,False,True,True,False,False,False,False,False
row_06407,PRD-BVGKP7,15.994,0.0257,Fruits and Vegetables,94.53,STORE-9RG,28,2138.79,False,True,False,True,False,False,True,True,True,False,False
row_06408,PRD-51TIWG,6.063,0.0678,BAKING GOODS,184.36,STORE-YLW,35,5877.53,False,True,False,False,False,False,True,True,False,True,False
row_06409,PRD-BTN76M,17.876,0.1744,Fruits and Vegetables,111.87,STORE-89Z,33,1662.27,False,True,False,False,False,True,False,False,True,False,False
row_06410,PRD-RGLY41,12.850875916323977,0.0565,Health and Hygiene,36.08,STORE-7WS,47,1051.23,True,False,False,False,True,True,False,False,False,False,False
row_06411,PRD-DPF1H3,9.485,0.0761,Snack Foods,252.93,STORE-89Z,33,4894.73,False,True,False,False,False,True,False,False,False,False,True
row_06413,PRD-5CI6VG,12.850875916323977,0.1174,dairy,147.25,STORE-T5G,47,561.79,False,False,False,False,False,False,True,False,False,True,False
row_06414,PRD-0IFJNT,12.850875916323977,0.1274,Dairy,164.8,STORE-T5G,47,329.52,False,False,False,False,False,False,True,False,False,True,False
row_06415,PRD-S9CFU5,9.458,0.1133,SNACK FOODS,157.52,STORE-9RG,28,2283.87,False,True,False,True,False,False,True,True,False,True,False
row_06417,PRD-V2AQNP,11.828,0.1633,breakfast,166.63,STORE-DKU,30,2867.3,False,True,False,True,False,True,False,True,False,True,False
row_06418,PRD-FCYZ7S,13.219,0.1321,Snack Foods,158.91,STORE-HL7,23,2745.55,False,False,True,False,True,True,False,False,False,True,False
row_06419,PRD-1XRZN0,14.786,0.0202,canned,211.77,STORE-9RG,28,6168.21,False,True,False,True,False,False,True,False,False,False,True
row_06420,PRD-F727XE,17.999,0.05,Snack Foods,121.46,STORE-AGY,45,2278.56,False,True,False,False,True,False,False,False,True,False,False
row_06422,PRD-SBZRAD,6.433,0.0346,SNACK FOODS,145.39,STORE-DKU,30,863.56,False,True,False,True,False,True,False,False,False,True,False
row_06423,PRD-1RUPFR,8.404,0.0705,Hard Drinks,40.69,STORE-OYG,25,826.4,False,True,False,True,False,True,False,False,False,False,False
row_06425,PRD-52UH5B,16.928,0.0703,Canned,203.73,STORE-YLW,35,2445.57,False,True,False,False,False,False,True,False,False,False,True
row_06426,PRD-GBYJDD,17.867,0.0153,FRUITS AND VEGETABLES,183.93,STORE-HL7,23,3195.83,False,False,True,False,True,True,False,False,False,True,False
row_06427,PRD-HP1UAK,12.489,0.0311,baking goods,170.34,STORE-OYG,25,995.09,False,True,False,True,False,True,False,True,False,True,False
row_06428,PRD-4GS0FH,17.323,0.0464,Canned,137.64,STORE-AGY,45,2192.75,False,True,False,False,True,False,False,True,True,False,False
row_06429,PRD-CBFCQN,13.639,0.0344,Baking Goods,117.5,STORE-JOR,34,113.5,False,False,False,False,True,True,False,False,True,False,False
row_06430,PRD-2QPR75,13.831,0.0981,dairy,56.32,STORE-HL7,23,1004.7,False,False,True,False,True,True,False,False,False,False,False
row_06432,PRD-1UQKER,19.741,0.059,baking goods,170.16,STORE-DKU,30,6296.21,False,True,False,True,False,True,False,True,False,True,False
row_06433,PRD-NSWIL6,20.851,0.0402,MEAT,120.24,STORE-89Z,33,1494.06,False,True,False,False,False,True,False,False,True,False,False
row_06434,PRD-OFGVRE,6.533,0.03,Baking Goods,65.72,STORE-YLW,35,870.84,False,True,False,False,False,False,True,True,False,False,False
row_06436,PRD-ZE84LM,7.117,0.0231,FROZEN FOODS,98.91,STORE-DKU,30,1892.45,False,True,False,True,False,True,False,False,True,False,False
row_06437,PRD-4CYXQB,17.43,0.1181,snack foods,187.05,STORE-OYG,25,2505.39,False,True,False,True,False,True,False,False,False,False,True
row_06439,PRD-0AB7R8,13.135,0.1636,Fruits and Vegetables,174.94,STORE-HL7,23,2229.82,False,False,True,False,True,True,False,True,False,True,False
row_06440,PRD-GIHADO,13.654,0.0493,FROZEN FOODS,111.68,STORE-AGY,45,2419.69,False,True,False,False,True,False,False,True,True,False,False
row_06441,PRD-SY94EV,11.685,0.0209,HEALTH AND HYGIENE,133.06,STORE-89Z,33,894.9,False,True,False,False,False,True,False,False,True,False,False
row_06442,PRD-JZZGKE,12.850875916323977,0.0832,dairy,50.36,STORE-T5G,47,147.61,False,False,False,False,False,False,True,True,False,False,False
row_06443,PRD-MECOSF,5.898,0.0186,Soft Drinks,49.32,STORE-HL7,23,456.22,False,False,True,False,True,True,False,True,False,False,False
row_06445,PRD-OA9XM0,12.850875916323977,0.0176,MEAT,44.62,STORE-7WS,47,1378.18,True,False,False,False,True,True,False,True,False,False,False
row_06446,PRD-T6MJXK,18.296,0.025,Dairy,96.99,STORE-AGY,45,1421.25,False,True,False,False,True,False,False,False,True,False,False
row_06448,PRD-L9B3N2,16.275,0.0428,Starchy Foods,38.9,STORE-HL7,23,146.84,False,False,True,False,True,True,False,False,False,False,False
row_06449,PRD-U58FLM,4.638,0.1432,breads,127.32,STORE-89Z,33,2825.81,False,True,False,False,False,True,False,False,True,False,False
row_06450,PRD-BF343R,20.392,0.0501,Frozen Foods,123.75,STORE-HL7,23,785.01,False,False,True,False,True,True,False,True,True,False,False
row_06451,PRD-TUF93A,10.78,0.1058,Fruits and Vegetables,193.15,STORE-HL7,23,3553.53,False,False,True,False,True,True,False,False,False,False,True
row_06452,PRD-GLFRI8,8.129,0.022,BREAKFAST,233.83,STORE-89Z,33,7125.94,False,True,False,False,False,True,False,False,False,False,True
row_06453,PRD-Z3POTF,8.972,0.0504,Canned,148.96,STORE-OYG,25,3600.31,False,True,False,True,False,True,False,True,False,True,False
row_06454,PRD-Y20K05,12.850875916323977,0.0149,Meat,123.11,STORE-T5G,47,121.62,False,False,False,False,False,False,True,False,True,False,False
row_06456,PRD-OIZ8SJ,12.712,0.1448,Fruits and Vegetables,256.88,STORE-89Z,33,1269.19,False,True,False,False,False,True,False,True,False,False,True
row_06457,PRD-9R9NDL,15.225,0.0127,Snack Foods,135.4,STORE-9RG,28,1134.28,False,True,False,True,False,False,True,True,True,False,False
row_06458,PRD-JB3VCF,13.89,0.0124,Snack Foods,53.94,STORE-YLW,35,1584.44,False,True,False,False,False,False,True,True,False,False,False
row_06459,PRD-UDA2RN,7.885,0.0931,BREAKFAST,103.15,STORE-HL7,23,1373.84,False,False,True,False,True,True,False,True,True,False,False
row_06460,PRD-1Z0SHZ,6.791,0.0,FRUITS AND VEGETABLES,206.16,STORE-OYG,25,2722.18,False,True,False,True,False,True,False,False,False,False,True
row_06461,PRD-7VKBB8,20.059,0.027,household,97.09,STORE-DKU,30,1219.82,False,True,False,True,False,True,False,False,True,False,False
row_06465,PRD-K3I8BZ,12.006,0.1974,Soft Drinks,185.13,STORE-JOR,34,383.28,False,False,False,False,True,True,False,False,False,True,False
row_06466,PRD-JJ4AL0,20.207,0.0403,FROZEN FOODS,108.79,STORE-AGY,45,1577.74,False,True,False,False,True,False,False,False,True,False,False
row_06467,PRD-FUST21,5.57,0.1101,Baking Goods,90.26,STORE-YLW,35,2896.18,False,True,False,False,False,False,True,True,False,False,False
row_06468,PRD-6AOBHT,12.850875916323977,0.0379,Household,130.73,STORE-7WS,47,3257.85,True,False,False,False,True,True,False,False,True,False,False
row_06469,PRD-L7ZBSF,20.405,0.1149,FRUITS AND VEGETABLES,191.77,STORE-YLW,35,3787.83,False,True,False,False,False,False,True,True,False,False,True
row_06470,PRD-CVFJDR,15.244,0.0089,Meat,212.74,STORE-9RG,28,2957.44,False,True,False,True,False,False,True,True,False,False,True
row_06472,PRD-YUZ87C,15.007,0.0274,baking goods,151.64,STORE-AGY,45,2180.47,False,True,False,False,True,False,False,False,False,True,False
row_06473,PRD-ZFWONV,5.578,0.1085,fruits and vegetables,143.06,STORE-89Z,33,3248.28,False,True,False,False,False,True,False,True,False,True,False
row_06474,PRD-ZXY5TE,12.961,0.0408,Household,105.95,STORE-YLW,35,1401.39,False,True,False,False,False,False,True,False,True,False,False
row_06476,PRD-PKT9A9,14.69,0.0567,canned,59.3,STORE-OYG,25,1645.6,False,True,False,True,False,True,False,True,False,False,False
row_06477,PRD-YOQF1P,13.602,0.0133,Fruits and Vegetables,113.63,STORE-HL7,23,1611.07,False,False,True,False,True,True,False,True,True,False,False
row_06478,PRD-ORDJGF,19.959,0.0052,dairy,271.5,STORE-9RG,28,6012.45,False,True,False,True,False,False,True,False,False,False,True
row_06480,PRD-UJG7IN,5.951,0.0941,FROZEN FOODS,123.79,STORE-DKU,30,530.84,False,True,False,True,False,True,False,False,True,False,False
row_06481,PRD-NMRS5Y,8.413,0.0301,BAKING GOODS,91.75,STORE-AGY,45,907.79,False,True,False,False,True,False,False,False,False,False,False
row_06482,PRD-8R8KUS,9.711,0.0641,FRUITS AND VEGETABLES,113.81,STORE-HL7,23,1632.92,False,False,True,False,True,True,False,True,True,False,False
row_06483,PRD-OFS80Q,7.497,0.0247,snack foods,193.8,STORE-HL7,23,2457.07,False,False,True,False,True,True,False,True,False,False,True
row_06484,PRD-5AH9WE,17.813,0.0867,Household,186.24,STORE-DKU,30,3159.04,False,True,False,True,False,True,False,False,False,False,True
row_06486,PRD-BWWWTP,20.57,0.0923,Dairy,258.14,STORE-OYG,25,7946.41,False,True,False,True,False,True,False,False,False,False,True
row_06487,PRD-KYKIRT,8.275,0.2156,Fruits and Vegetables,214.78,STORE-JOR,34,413.2,False,False,False,False,True,True,False,False,False,False,True
row_06488,PRD-MH7GX8,18.906,0.1049,Dairy,53.35,STORE-89Z,33,782.73,False,True,False,False,False,True,False,False,False,False,False
row_06489,PRD-U0COJB,9.106,0.0665,Frozen Foods,176.77,STORE-9RG,28,2221.18,False,True,False,True,False,False,True,False,False,True,False
row_06490,PRD-L9B3N2,12.850875916323977,0.0413,Starchy Foods,37.4,STORE-7WS,47,801.62,True,False,False,False,True,True,False,False,False,False,False
row_06491,PRD-PKT9A9,14.93,0.0885,Canned,60.84,STORE-JOR,34,118.19,False,False,False,False,True,True,False,True,False,False,False
row_06492,PRD-DE4M6H,6.777,0.0,FROZEN FOODS,39.15,STORE-AGY,45,304.29,False,True,False,False,True,False,False,True,False,False,False
row_06493,PRD-JFPWZ6,11.51,0.0977,Snack Foods,125.15,STORE-HL7,23,1004.77,False,False,True,False,True,True,False,True,True,False,False
row_06494,PRD-YDT7CU,14.76,0.1112,BREADS,253.93,STORE-JOR,34,1003.99,False,False,False,False,True,True,False,True,False,False,True
row_06496,PRD-1H8OJR,7.813,0.073,Hard Drinks,37.79,STORE-89Z,33,786.12,False,True,False,False,False,True,False,False,False,False,False
row_06497,PRD-SMRD3A,8.852,0.0555,Fruits and Vegetables,181.96,STORE-DKU,30,1229.39,False,True,False,True,False,True,False,False,False,True,False
row_06498,PRD-965050,9.047,0.0852,Frozen Foods,218.25,STORE-YLW,35,2004.77,False,True,False,False,False,False,True,False,False,False,True
row_06500,PRD-Q2RPUV,8.837,0.0324,health and hygiene,141.26,STORE-HL7,23,286.46,False,False,True,False,True,True,False,False,True,False,False
row_06501,PRD-KL9Z6V,18.008,0.1659,FRUITS AND VEGETABLES,38.8,STORE-89Z,33,816.87,False,True,False,False,False,True,False,False,False,False,False
row_06502,PRD-8VYI78,15.559,0.0758,HOUSEHOLD,236.72,STORE-HL7,23,4411.4,False,False,True,False,True,True,False,False,False,False,True
row_06503,PRD-WDSS7E,19.238,0.0417,FROZEN FOODS,49.38,STORE-HL7,23,988.19,False,False,True,False,True,True,False,True,False,False,False
row_06506,PRD-U4W9RS,12.850875916323977,0.0927,BAKING GOODS,143.19,STORE-7WS,47,3541.27,True,False,False,False,True,True,False,False,False,True,False
row_06507,PRD-192YWO,12.372,0.028,Canned,57.92,STORE-9RG,28,1769.59,False,True,False,True,False,False,True,False,False,False,False
row_06508,PRD-OEVB9O,6.133,0.0269,Soft Drinks,83.81,STORE-AGY,45,1674.76,False,True,False,False,True,False,False,False,False,False,False
row_06509,PRD-1K1QT6,13.911,0.0096,Household,175.63,STORE-DKU,30,4593.32,False,True,False,True,False,True,False,False,False,True,False
row_06512,PRD-UT6HR4,14.191,0.0302,Health and Hygiene,129.07,STORE-AGY,45,252.58,False,True,False,False,True,False,False,False,True,False,False
row_06513,PRD-75I63R,9.288,0.0658,Frozen Foods,81.81,STORE-OYG,25,1110.58,False,True,False,True,False,True,False,True,False,False,False
row_06515,PRD-MVFBO1,12.850875916323977,0.059,Household,229.98,STORE-7WS,47,5235.66,True,False,False,False,True,True,False,False,False,False,True
row_06517,PRD-ZTO1FG,13.653,0.1458,DAIRY,259.21,STORE-OYG,25,2296.8,False,True,False,True,False,True,False,False,False,False,True
row_06519,PRD-F1RCAV,8.913,0.0853,hard drinks,156.04,STORE-9RG,28,1859.86,False,True,False,True,False,False,True,False,False,True,False
row_06521,PRD-2VTJXU,6.27,0.1251,fruits and vegetables,45.17,STORE-9RG,28,400.93,False,True,False,True,False,False,True,False,False,False,False
row_06522,PRD-1QV3CG,8.443,0.0413,fruits and vegetables,193.92,STORE-OYG,25,1906.16,False,True,False,True,False,True,False,True,False,False,True
row_06523,PRD-QK31H5,15.647,0.0343,Fruits and Vegetables,255.28,STORE-9RG,28,5952.01,False,True,False,True,False,False,True,False,False,False,True
row_06524,PRD-RMB8Q9,10.675,0.0336,HEALTH AND HYGIENE,82.62,STORE-9RG,28,1161.51,False,True,False,True,False,False,True,False,False,False,False
row_06526,PRD-202SK1,19.399,0.0,canned,178.84,STORE-89Z,33,2295.75,False,True,False,False,False,True,False,False,False,True,False
row_06527,PRD-9KE7J2,15.677,0.0,BREADS,174.66,STORE-OYG,25,2816.73,False,True,False,True,False,True,False,False,False,True,False
row_06529,PRD-PDRI65,11.844,0.0296,HEALTH AND HYGIENE,130.69,STORE-JOR,34,256.99,False,False,False,False,True,True,False,False,True,False,False
row_06530,PRD-5I78U5,7.509,0.0146,fruits and vegetables,235.46,STORE-DKU,30,5386.68,False,True,False,True,False,True,False,True,False,False,True
row_06532,PRD-X7Z97Z,12.850875916323977,0.1664,household,55.54,STORE-T5G,47,227.03,False,False,False,False,False,False,True,False,False,False,False
row_06533,PRD-S668FR,12.850875916323977,0.1562,Others,179.89,STORE-T5G,47,365.04,False,False,False,False,False,False,True,False,False,True,False
row_06535,PRD-PF322F,8.952,0.1237,Breakfast,179.59,STORE-JOR,34,168.79,False,False,False,False,True,True,False,False,False,True,False
row_06536,PRD-LF7XE7,15.82,0.1782,FRUITS AND VEGETABLES,111.74,STORE-DKU,30,1873.45,False,True,False,True,False,True,False,False,True,False,False
row_06537,PRD-U1OJA0,13.084,0.0,breads,217.83,STORE-HL7,23,3202.52,False,False,True,False,True,True,False,False,False,False,True
row_06538,PRD-LFQG18,10.97,0.0927,meat,96.11,STORE-JOR,34,192.65,False,False,False,False,True,True,False,True,True,False,False
row_06540,PRD-3BD4Z1,6.2,0.0319,fruits and vegetables,156.3,STORE-OYG,25,2514.75,False,True,False,True,False,True,False,False,False,True,False
row_06542,PRD-6DXZJ1,12.850875916323977,0.1201,Snack Foods,63.11,STORE-T5G,47,65.2,False,False,False,False,False,False,True,True,False,False,False
row_06544,PRD-0948NP,9.652,0.0362,Fruits and Vegetables,140.56,STORE-AGY,45,2599.42,False,True,False,False,True,False,False,False,True,False,False
row_06545,PRD-ZWW54A,20.554,0.108,SNACK FOODS,161.03,STORE-YLW,35,2969.86,False,True,False,False,False,False,True,False,False,True,False
row_06547,PRD-YFXOBU,8.71,0.066,FRUITS AND VEGETABLES,193.65,STORE-YLW,35,2600.96,False,True,False,False,False,False,True,True,False,False,True
row_06548,PRD-MSND8D,9.027,0.0398,Soft Drinks,36.66,STORE-AGY,45,1062.37,False,True,False,False,True,False,False,False,False,False,False
row_06549,PRD-51TIWG,6.128,0.0657,BAKING GOODS,187.56,STORE-HL7,23,2007.3,False,False,True,False,True,True,False,True,False,False,True
row_06550,PRD-DQYUN3,9.878,0.0482,Hard Drinks,62.17,STORE-YLW,35,1212.54,False,True,False,False,False,False,True,False,False,False,False
row_06551,PRD-GLFRI8,8.175,0.0,Breakfast,226.79,STORE-HL7,23,3662.94,False,False,True,False,True,True,False,False,False,False,True
row_06555,PRD-OOBWF4,12.850875916323977,0.0135,Frozen Foods,36.59,STORE-7WS,47,645.31,True,False,False,False,True,True,False,False,False,False,False
row_06556,PRD-4TFZC6,9.941,0.124,FRUITS AND VEGETABLES,185.8,STORE-AGY,45,3501.2,False,True,False,False,True,False,False,False,False,True,False
row_06557,PRD-H330KV,12.850875916323977,0.0523,fruits and vegetables,143.58,STORE-7WS,47,3776.92,True,False,False,False,True,True,False,False,False,True,False
row_06558,PRD-3I603D,17.879,0.0276,Frozen Foods,269.0,STORE-DKU,30,5402.37,False,True,False,True,False,True,False,False,False,False,True
row_06560,PRD-MICMBP,7.615,0.0856,FROZEN FOODS,35.85,STORE-89Z,33,614.86,False,True,False,False,False,True,False,True,False,False,False
row_06561,PRD-PNWDDS,11.079,0.1219,Dairy,43.95,STORE-89Z,33,439.36,False,True,False,False,False,True,False,False,False,False,False
row_06562,PRD-WCAQ6Y,12.243,0.1115,fruits and vegetables,80.1,STORE-OYG,25,1576.31,False,True,False,True,False,True,False,True,False,False,False
row_06564,PRD-QEYOOU,19.14,0.0684,frozen foods,226.02,STORE-YLW,35,5603.61,False,True,False,False,False,False,True,True,False,False,True
row_06565,PRD-7CZE3S,7.071,0.014,Meat,118.06,STORE-OYG,25,1720.05,False,True,False,True,False,True,False,False,True,False,False
row_06566,PRD-9VW3RT,17.99,0.0151,Hard Drinks,108.68,STORE-DKU,30,1453.56,False,True,False,True,False,True,False,False,True,False,False
row_06567,PRD-SR6GI0,10.856,0.0369,Fruits and Vegetables,132.64,STORE-9RG,28,642.47,False,True,False,True,False,False,True,False,True,False,False
row_06568,PRD-P2S2O8,10.803,0.0,Fruits and Vegetables,57.9,STORE-9RG,28,276.97,False,True,False,True,False,False,True,False,False,False,False
row_06569,PRD-U0CRF5,14.531,0.025,FRUITS AND VEGETABLES,197.86,STORE-DKU,30,3881.62,False,True,False,True,False,True,False,True,False,False,True
row_06570,PRD-XYXASW,15.017,0.0461,BREADS,123.2,STORE-YLW,35,758.9,False,True,False,False,False,False,True,False,True,False,False
row_06571,PRD-V5MOIJ,14.261,0.0408,canned,40.02,STORE-OYG,25,216.17,False,True,False,True,False,True,False,True,False,False,False
row_06572,PRD-YKZ3FQ,14.854,0.0715,health and hygiene,124.26,STORE-AGY,45,2904.18,False,True,False,False,True,False,False,False,True,False,False
row_06573,PRD-2UETCH,19.244,0.0319,meat,177.16,STORE-OYG,25,2543.1,False,True,False,True,False,True,False,False,False,True,False
row_06574,PRD-EYRXGB,20.374,0.0218,Snack Foods,63.82,STORE-89Z,33,551.61,False,True,False,False,False,True,False,True,False,False,False
row_06575,PRD-Q8LYYX,12.850875916323977,0.0771,Frozen Foods,174.9,STORE-OYG,25,2954.35,False,True,False,True,False,True,False,True,False,True,False
row_06576,PRD-1I4EOY,18.734,0.0404,FRUITS AND VEGETABLES,214.38,STORE-HL7,23,6563.97,False,False,True,False,True,True,False,False,False,False,True
row_06577,PRD-XLTA8I,13.201,0.0582,Soft Drinks,143.8,STORE-YLW,35,1266.54,False,True,False,False,False,False,True,False,False,True,False
row_06579,PRD-E6VA05,9.497,0.0,soft drinks,32.08,STORE-JOR,34,33.3,False,False,False,False,True,True,False,False,False,False,False
row_06580,PRD-VTAQXP,5.802,0.1639,Dairy,45.26,STORE-JOR,34,185.22,False,False,False,False,True,True,False,True,False,False,False
row_06581,PRD-OGYR3X,17.659,0.0368,Soft Drinks,190.1,STORE-89Z,33,999.68,False,True,False,False,False,True,False,False,False,False,True
row_06582,PRD-7Y9HQQ,13.187,0.0303,STARCHY FOODS,246.71,STORE-DKU,30,3593.63,False,True,False,True,False,True,False,False,False,False,True
row_06583,PRD-1J8NER,6.642,0.0273,HOUSEHOLD,119.54,STORE-AGY,45,590.19,False,True,False,False,True,False,False,False,True,False,False
row_06584,PRD-5FDHJK,12.850875916323977,0.0,SOFT DRINKS,91.04,STORE-7WS,47,2755.97,True,False,False,False,True,True,False,False,False,False,False
row_06585,PRD-40MGG1,13.681,0.0982,Soft Drinks,191.59,STORE-89Z,33,2933.61,False,True,False,False,False,True,False,False,False,False,True
row_06586,PRD-JDXA1F,9.534,0.0259,Meat,126.19,STORE-HL7,23,1312.04,False,False,True,False,True,True,False,False,True,False,False
row_06587,PRD-USV9I5,18.611,0.0691,FRUITS AND VEGETABLES,251.95,STORE-OYG,25,4326.24,False,True,False,True,False,True,False,True,False,False,True
row_06588,PRD-L11FC6,19.914,0.018,meat,100.53,STORE-DKU,30,2006.26,False,True,False,True,False,True,False,True,True,False,False
row_06589,PRD-TUF93A,12.850875916323977,0.1994,FRUITS AND VEGETABLES,188.97,STORE-T5G,47,590.81,False,False,False,False,False,False,True,False,False,False,True
row_06590,PRD-P8BYW4,12.739,0.0241,Meat,230.63,STORE-89Z,33,4376.93,False,True,False,False,False,True,False,True,False,False,True
row_06592,PRD-KC97HQ,17.651,0.0098,Snack Foods,162.82,STORE-9RG,28,3176.56,False,True,False,True,False,False,True,False,False,True,False
row_06593,PRD-Q3QA3S,20.268,0.0322,DAIRY,255.18,STORE-YLW,35,3743.07,False,True,False,False,False,False,True,True,False,False,True
row_06595,PRD-2P3YVB,5.122,0.0,Soft Drinks,195.95,STORE-JOR,34,379.22,False,False,False,False,True,True,False,False,False,False,True
row_06597,PRD-T93K2H,11.529,0.0657,Household,193.6,STORE-9RG,28,2656.22,False,True,False,True,False,False,True,False,False,False,True
row_06598,PRD-O90S1M,4.998,0.0815,breads,225.04,STORE-AGY,45,4069.46,False,True,False,False,True,False,False,True,False,False,True
row_06601,PRD-9KE7J2,12.850875916323977,0.0824,Breads,174.91,STORE-7WS,47,6236.56,True,False,False,False,True,True,False,False,False,True,False
row_06604,PRD-2EZP7V,12.850875916323977,0.0182,Health and Hygiene,95.91,STORE-7WS,47,2123.36,True,False,False,False,True,True,False,False,True,False,False
row_06605,PRD-0IFJNT,12.766,0.075,dairy,167.47,STORE-89Z,33,1508.96,False,True,False,False,False,True,False,False,False,True,False
row_06606,PRD-BV1R7E,8.851,0.1335,Frozen Foods,163.93,STORE-9RG,28,1696.61,False,True,False,True,False,False,True,True,False,True,False
row_06607,PRD-G8F1CB,19.372,0.0404,soft drinks,163.71,STORE-AGY,45,4557.16,False,True,False,False,True,False,False,True,False,True,False
row_06608,PRD-UC3160,17.605,0.0741,Meat,107.9,STORE-OYG,25,441.3,False,True,False,True,False,True,False,True,True,False,False
row_06609,PRD-0W78AQ,12.850875916323977,0.0484,fruits and vegetables,48.64,STORE-7WS,47,1545.81,True,False,False,False,True,True,False,False,False,False,False
row_06610,PRD-RH8H90,12.850875916323977,0.0254,HEALTH AND HYGIENE,189.41,STORE-7WS,47,5685.53,True,False,False,False,True,True,False,False,False,False,True
row_06612,PRD-5OIBGD,16.399,0.1009,Snack Foods,155.04,STORE-OYG,25,768.22,False,True,False,True,False,True,False,False,False,True,False
row_06613,PRD-LUX745,16.841,0.0348,HEALTH AND HYGIENE,91.19,STORE-HL7,23,541.79,False,False,True,False,True,True,False,False,False,False,False
row_06614,PRD-WV98Y3,20.931,0.141,snack foods,120.95,STORE-9RG,28,1302.16,False,True,False,True,False,False,True,False,True,False,False
row_06615,PRD-8KYLHT,9.414,0.1671,Snack Foods,104.56,STORE-OYG,25,1430.73,False,True,False,True,False,True,False,False,True,False,False
row_06618,PRD-9DBWQW,19.083,0.0698,household,88.32,STORE-JOR,34,453.47,False,False,False,False,True,True,False,False,False,False,False
row_06620,PRD-1GAGQO,12.304,0.0573,SEAFOOD,51.83,STORE-89Z,33,457.32,False,True,False,False,False,True,False,False,False,False,False
row_06621,PRD-C3DXMR,16.491,0.0359,snack foods,89.62,STORE-AGY,45,2295.83,False,True,False,False,True,False,False,False,False,False,False
row_06622,PRD-MS2LEL,19.04,0.1176,Snack Foods,218.83,STORE-YLW,35,2024.33,False,True,False,False,False,False,True,False,False,False,True
row_06623,PRD-HR8X8C,13.314,0.2097,starchy foods,95.67,STORE-JOR,34,97.77,False,False,False,False,True,True,False,True,True,False,False
row_06624,PRD-IDKG04,8.561,0.0885,snack foods,116.32,STORE-AGY,45,2046.73,False,True,False,False,True,False,False,True,True,False,False
row_06625,PRD-4RQYWN,16.491,0.0563,household,122.57,STORE-JOR,34,255.06,False,False,False,False,True,True,False,False,True,False,False
row_06626,PRD-0MUOHU,17.191,0.0541,breads,84.17,STORE-9RG,28,1773.64,False,True,False,True,False,False,True,False,False,False,False
row_06627,PRD-95CTT5,7.677,0.073,fruits and vegetables,191.36,STORE-89Z,33,4999.23,False,True,False,False,False,True,False,False,False,False,True
row_06628,PRD-8MX1EV,19.023,0.0252,soft drinks,51.73,STORE-JOR,34,52.45,False,False,False,False,True,True,False,False,False,False,False
row_06629,PRD-E7QYO7,10.289,0.0449,Fruits and Vegetables,121.72,STORE-DKU,30,447.74,False,True,False,True,False,True,False,True,True,False,False
row_06631,PRD-FKTCNU,12.850875916323977,0.0859,Snack Foods,121.72,STORE-7WS,47,2472.72,True,False,False,False,True,True,False,True,True,False,False
row_06632,PRD-N5SYDV,5.055,0.0115,Household,264.33,STORE-9RG,28,2737.76,False,True,False,True,False,False,True,False,False,False,True
row_06634,PRD-T6MJXK,12.850875916323977,0.043,Dairy,98.6,STORE-T5G,47,188.63,False,False,False,False,False,False,True,False,True,False,False
row_06635,PRD-5YE8T5,12.850875916323977,0.0353,Fruits and Vegetables,161.65,STORE-YLW,35,4257.39,False,True,False,False,False,False,True,True,False,True,False
row_06637,PRD-V94X2H,14.512,0.0333,Snack Foods,249.2,STORE-HL7,23,1673.93,False,False,True,False,True,True,False,False,False,False,True
row_06638,PRD-CC46C1,12.850875916323977,0.1202,Baking Goods,197.02,STORE-7WS,47,5460.84,True,False,False,False,True,True,False,True,False,False,True
row_06639,PRD-KS265G,15.937,0.1617,Household,56.63,STORE-HL7,23,809.16,False,False,True,False,True,True,False,False,False,False,False
row_06640,PRD-7ZGA6X,14.774,0.0753,Baking Goods,90.7,STORE-OYG,25,545.68,False,True,False,True,False,True,False,False,False,False,False
row_06641,PRD-OSI366,12.850875916323977,0.0859,Fruits and Vegetables,112.5,STORE-7WS,47,3345.35,True,False,False,False,True,True,False,False,True,False,False
row_06642,PRD-L6H2NL,8.949,0.0796,Household,46.88,STORE-HL7,23,463.4,False,False,True,False,True,True,False,False,False,False,False
row_06643,PRD-THLXJ6,12.850875916323977,0.2144,SNACK FOODS,46.27,STORE-T5G,47,183.54,False,False,False,False,False,False,True,False,False,False,False
row_06644,PRD-SNF69T,8.676,0.0136,Household,54.27,STORE-YLW,35,974.51,False,True,False,False,False,False,True,False,False,False,False
row_06649,PRD-T5HGP8,10.373,0.1172,Baking Goods,164.06,STORE-OYG,25,2773.61,False,True,False,True,False,True,False,True,False,True,False
row_06650,PRD-YP2KNW,12.191,0.0588,fruits and vegetables,164.87,STORE-OYG,25,3462.65,False,True,False,True,False,True,False,True,False,True,False
row_06652,PRD-4JXFPK,12.850875916323977,0.2955,dairy,55.13,STORE-T5G,47,111.04,False,False,False,False,False,False,True,False,False,False,False
row_06653,PRD-VP8H4N,12.850875916323977,0.1666,Canned,50.0,STORE-T5G,47,208.7,False,False,False,False,False,False,True,False,False,False,False
row_06654,PRD-H8LBRN,12.850875916323977,0.0279,Household,257.67,STORE-7WS,47,5942.13,True,False,False,False,True,True,False,False,False,False,True
row_06655,PRD-P1PFDI,12.850875916323977,0.1089,others,106.49,STORE-7WS,47,1587.94,True,False,False,False,True,True,False,False,True,False,False
row_06656,PRD-7N4YTU,17.933,0.0786,snack foods,253.39,STORE-89Z,33,3755.53,False,True,False,False,False,True,False,False,False,False,True
row_06657,PRD-UHG7EC,14.107,0.0247,frozen foods,162.21,STORE-9RG,28,2893.16,False,True,False,True,False,False,True,True,False,True,False
row_06658,PRD-L3H73U,7.097,0.0,Snack Foods,118.56,STORE-DKU,30,1417.09,False,True,False,True,False,True,False,False,True,False,False
row_06659,PRD-NMIC1F,11.24,0.0,SNACK FOODS,101.46,STORE-9RG,28,2209.3,False,True,False,True,False,False,True,True,True,False,False
row_06661,PRD-OZ9XFZ,16.393,0.0972,FROZEN FOODS,91.13,STORE-YLW,35,906.92,False,True,False,False,False,False,True,True,False,False,False
row_06662,PRD-6RX35U,13.984,0.0694,Frozen Foods,192.82,STORE-YLW,35,5629.58,False,True,False,False,False,False,True,True,False,False,True
row_06664,PRD-P2F8UZ,12.18,0.0519,Household,191.46,STORE-AGY,45,3805.43,False,True,False,False,True,False,False,False,False,False,True
row_06665,PRD-XCFTUX,14.433,0.0182,canned,187.73,STORE-OYG,25,3915.0,False,True,False,True,False,True,False,False,False,False,True
row_06666,PRD-WEPXSK,15.215,0.0471,soft drinks,74.4,STORE-YLW,35,780.08,False,True,False,False,False,False,True,False,False,False,False
row_06667,PRD-Y54CLR,19.569,0.1226,Snack Foods,165.25,STORE-9RG,28,1789.3,False,True,False,True,False,False,True,True,False,True,False
row_06670,PRD-JD2GVF,9.201,0.0274,Baking Goods,193.86,STORE-OYG,25,3617.64,False,True,False,True,False,True,False,False,False,False,True
row_06672,PRD-L8WU3R,19.696,0.0182,Snack Foods,114.28,STORE-89Z,33,1363.79,False,True,False,False,False,True,False,True,True,False,False
row_06674,PRD-OI4J3X,12.850875916323977,0.2912,Fruits and Vegetables,63.91,STORE-T5G,47,253.04,False,False,False,False,False,False,True,True,False,False,False
row_06676,PRD-DZVGPM,20.802,0.0215,SOFT DRINKS,147.41,STORE-DKU,30,2779.61,False,True,False,True,False,True,False,False,False,True,False
row_06678,PRD-2H3TZR,9.692,0.0,SOFT DRINKS,163.27,STORE-89Z,33,3412.67,False,True,False,False,False,True,False,False,False,True,False
row_06679,PRD-1APTC7,19.839,0.0592,Health and Hygiene,115.47,STORE-YLW,35,2575.99,False,True,False,False,False,False,True,False,True,False,False
row_06680,PRD-R9OUDO,5.722,0.0461,Soft Drinks,86.37,STORE-HL7,23,1298.92,False,False,True,False,True,True,False,False,False,False,False
row_06681,PRD-TFIUHP,12.850875916323977,0.072,Fruits and Vegetables,100.06,STORE-7WS,47,2127.82,True,False,False,False,True,True,False,False,True,False,False
row_06685,PRD-0ZYCMV,17.985,0.0117,fruits and vegetables,158.91,STORE-DKU,30,2940.58,False,True,False,True,False,True,False,False,False,True,False
row_06687,PRD-GW4LDH,9.823,0.1566,Health and Hygiene,144.87,STORE-JOR,34,892.23,False,False,False,False,True,True,False,False,False,True,False
row_06688,PRD-UWE98S,7.648,0.0335,Frozen Foods,242.5,STORE-DKU,30,3940.48,False,True,False,True,False,True,False,False,False,False,True
row_06690,PRD-ZXY5TE,12.578,0.0442,Household,109.47,STORE-DKU,30,3606.01,False,True,False,True,False,True,False,False,True,False,False
row_06691,PRD-R0T4EX,13.042,0.1174,Starchy Foods,253.71,STORE-JOR,34,251.32,False,False,False,False,True,True,False,False,False,False,True
row_06692,PRD-SB61LG,20.323,0.0488,Fruits and Vegetables,189.71,STORE-89Z,33,2862.92,False,True,False,False,False,True,False,True,False,False,True
row_06694,PRD-0L0JBS,12.850875916323977,0.0093,Canned,102.12,STORE-7WS,47,3120.97,True,False,False,False,True,True,False,True,True,False,False
row_06695,PRD-AQ6L6G,6.096,0.0817,soft drinks,111.86,STORE-9RG,28,1759.64,False,True,False,True,False,False,True,False,True,False,False
row_06698,PRD-82BCVD,12.850875916323977,0.0617,FRUITS AND VEGETABLES,127.48,STORE-7WS,47,2772.47,True,False,False,False,True,True,False,True,True,False,False
row_06699,PRD-2QPR75,13.621,0.0981,DAIRY,54.39,STORE-OYG,25,649.29,False,True,False,True,False,True,False,False,False,False,False
row_06700,PRD-90O7Y2,15.796,0.1578,SOFT DRINKS,197.96,STORE-JOR,34,613.35,False,False,False,False,True,True,False,False,False,False,True
row_06702,PRD-EMDJNI,12.850875916323977,0.0199,Household,45.48,STORE-7WS,47,749.04,True,False,False,False,True,True,False,False,False,False,False
row_06703,PRD-PKL0BL,5.788,0.0152,SOFT DRINKS,145.66,STORE-89Z,33,1848.37,False,True,False,False,False,True,False,False,False,True,False
row_06704,PRD-GILBRO,6.748,0.0224,Meat,147.08,STORE-AGY,45,2604.15,False,True,False,False,True,False,False,False,False,True,False
row_06705,PRD-L532UU,17.864,0.0313,DAIRY,249.62,STORE-DKU,30,1469.84,False,True,False,True,False,True,False,False,False,False,True
row_06706,PRD-MVV44C,11.402,0.0676,Meat,238.38,STORE-DKU,30,1385.19,False,True,False,True,False,True,False,True,False,False,True
row_06707,PRD-US5PUY,14.543,0.0696,FRUITS AND VEGETABLES,49.33,STORE-89Z,33,999.49,False,True,False,False,False,True,False,False,False,False,False
row_06708,PRD-X9G7HS,10.176,0.1278,Canned,111.79,STORE-HL7,23,1277.86,False,False,True,False,True,True,False,False,True,False,False
row_06709,PRD-7EFVUZ,15.346,0.0466,HEALTH AND HYGIENE,137.57,STORE-89Z,33,2192.3,False,True,False,False,False,True,False,False,True,False,False
row_06711,PRD-Y54CLR,12.850875916323977,0.2344,Snack Foods,171.8,STORE-T5G,47,163.68,False,False,False,False,False,False,True,True,False,True,False
row_06712,PRD-AK1VRJ,5.939,0.0074,Soft Drinks,183.79,STORE-AGY,45,3667.54,False,True,False,False,True,False,False,True,False,True,False
row_06713,PRD-LBIPQF,12.850875916323977,0.0801,Fruits and Vegetables,121.88,STORE-T5G,47,356.51,False,False,False,False,False,False,True,True,True,False,False
row_06714,PRD-FHG8KS,12.850875916323977,0.1996,Household,127.23,STORE-T5G,47,260.68,False,False,False,False,False,False,True,False,True,False,False
row_06715,PRD-OOBWF4,15.361,0.0241,frozen foods,36.02,STORE-JOR,34,37.87,False,False,False,False,True,True,False,False,False,False,False
row_06716,PRD-IUYATD,10.783,0.032,Household,115.98,STORE-AGY,45,1025.56,False,True,False,False,True,False,False,False,True,False,False
row_06718,PRD-WWQC38,12.115,0.0723,Soft Drinks,109.26,STORE-OYG,25,2294.11,False,True,False,True,False,True,False,False,True,False,False
row_06721,PRD-25KFBO,19.479,0.0254,FRUITS AND VEGETABLES,146.78,STORE-9RG,28,1535.5,False,True,False,True,False,False,True,True,False,True,False
row_06724,PRD-APC4XY,7.077,0.0385,Baking Goods,61.47,STORE-DKU,30,1493.93,False,True,False,True,False,True,False,True,False,False,False
row_06725,PRD-P8BYW4,12.747,0.0394,Meat,230.74,STORE-JOR,34,1571.47,False,False,False,False,True,True,False,True,False,False,True
row_06726,PRD-7TV5ZK,7.013,0.1407,Canned,109.86,STORE-DKU,30,1980.68,False,True,False,True,False,True,False,True,True,False,False
row_06727,PRD-UMMSR8,11.106,0.0295,Snack Foods,51.62,STORE-OYG,25,739.75,False,True,False,True,False,True,False,False,False,False,False
row_06728,PRD-0AB7R8,13.337,0.1622,Fruits and Vegetables,173.56,STORE-AGY,45,4263.14,False,True,False,False,True,False,False,True,False,True,False
row_06729,PRD-T2DADY,12.850875916323977,0.0214,Others,84.06,STORE-7WS,47,2189.78,True,False,False,False,True,True,False,False,False,False,False
row_06730,PRD-VG0CH2,12.239,0.0601,frozen foods,102.01,STORE-OYG,25,2373.64,False,True,False,True,False,True,False,True,True,False,False
row_06731,PRD-X7AKU0,12.850875916323977,0.0735,HEALTH AND HYGIENE,121.05,STORE-7WS,47,3116.81,True,False,False,False,True,True,False,False,True,False,False
row_06732,PRD-IPH6H7,5.88,0.0425,FRUITS AND VEGETABLES,148.05,STORE-HL7,23,2467.43,False,False,True,False,True,True,False,False,False,True,False
row_06733,PRD-0G6HSH,6.018,0.0816,baking goods,150.24,STORE-YLW,35,2827.56,False,True,False,False,False,False,True,True,False,True,False
row_06734,PRD-KF9QCF,16.319,0.0755,health and hygiene,34.37,STORE-YLW,35,327.78,False,True,False,False,False,False,True,False,False,False,False
row_06736,PRD-1RXIV4,17.654,0.0302,snack foods,167.49,STORE-AGY,45,2573.35,False,True,False,False,True,False,False,False,False,True,False
row_06737,PRD-A0G7G2,12.850875916323977,0.0375,FRUITS AND VEGETABLES,266.8,STORE-7WS,47,9207.14,True,False,False,False,True,True,False,False,False,False,True
row_06738,PRD-98BNVW,12.850875916323977,0.1172,Fruits and Vegetables,193.44,STORE-T5G,47,578.43,False,False,False,False,False,False,True,True,False,False,True
row_06739,PRD-SBZRAD,6.492,0.0341,SNACK FOODS,144.82,STORE-YLW,35,3089.43,False,True,False,False,False,False,True,False,False,True,False
row_06740,PRD-P8BYW4,13.051,0.0245,meat,222.47,STORE-YLW,35,1738.47,False,True,False,False,False,False,True,True,False,False,True
row_06741,PRD-LJKPHC,12.850875916323977,0.1719,fruits and vegetables,85.95,STORE-T5G,47,496.49,False,False,False,False,False,False,True,True,False,False,False
row_06742,PRD-QE536X,7.19,0.092,Fruits and Vegetables,91.42,STORE-HL7,23,1663.12,False,False,True,False,True,True,False,False,False,False,False
row_06743,PRD-Y20K05,10.749,0.0087,MEAT,119.42,STORE-9RG,28,2152.32,False,True,False,True,False,False,True,False,True,False,False
row_06744,PRD-7MFP05,12.850875916323977,0.0,SOFT DRINKS,40.13,STORE-T5G,47,38.68,False,False,False,False,False,False,True,False,False,False,False
row_06745,PRD-PX2TN7,12.850875916323977,0.1155,Baking Goods,34.35,STORE-7WS,47,1029.63,True,False,False,False,True,True,False,False,False,False,False
row_06747,PRD-57923T,12.850875916323977,0.1912,DAIRY,219.95,STORE-T5G,47,427.09,False,False,False,False,False,False,True,True,False,False,True
row_06749,PRD-QL2E5M,12.850875916323977,0.0622,Dairy,172.26,STORE-7WS,47,3146.36,True,False,False,False,True,True,False,False,False,True,False
row_06751,PRD-1ZXOI6,12.15,0.0607,Soft Drinks,56.28,STORE-9RG,28,835.59,False,True,False,True,False,False,True,True,False,False,False
row_06752,PRD-AY4H8W,9.105,0.082,Breads,174.29,STORE-9RG,28,2129.78,False,True,False,True,False,False,True,True,False,True,False
row_06753,PRD-GGO8YM,16.851,0.0644,Breakfast,185.15,STORE-89Z,33,4283.65,False,True,False,False,False,True,False,True,False,True,False
row_06754,PRD-IMZXFQ,7.026,0.0386,FROZEN FOODS,261.88,STORE-JOR,34,1004.3,False,False,False,False,True,True,False,False,False,False,True
row_06755,PRD-PXZYDW,15.508,0.0535,household,139.71,STORE-YLW,35,1359.7,False,True,False,False,False,False,True,False,True,False,False
row_06756,PRD-0YF9P7,12.850875916323977,0.1854,Fruits and Vegetables,56.9,STORE-T5G,47,156.62,False,False,False,False,False,False,True,False,False,False,False
row_06757,PRD-1Z0SHZ,6.831,0.0177,Fruits and Vegetables,214.53,STORE-AGY,45,3072.28,False,True,False,False,True,False,False,False,False,False,True
row_06758,PRD-LFQG18,12.850875916323977,0.0564,Meat,97.49,STORE-7WS,47,2180.71,True,False,False,False,True,True,False,True,True,False,False
row_06759,PRD-WA5IMY,12.850875916323977,0.0812,Frozen Foods,81.29,STORE-7WS,47,1384.4,True,False,False,False,True,True,False,True,False,False,False
row_06760,PRD-RMBF82,9.529,0.057,Fruits and Vegetables,168.43,STORE-JOR,34,174.47,False,False,False,False,True,True,False,True,False,True,False
row_06761,PRD-1Z14YA,12.904,0.1192,MEAT,104.25,STORE-9RG,28,2760.09,False,True,False,True,False,False,True,False,True,False,False
row_06762,PRD-E7QYO7,9.917,0.0782,Fruits and Vegetables,119.98,STORE-JOR,34,364.52,False,False,False,False,True,True,False,True,True,False,False
row_06763,PRD-5Z8FE8,19.283,0.01,household,208.74,STORE-9RG,28,1702.96,False,True,False,True,False,False,True,False,False,False,True
row_06764,PRD-X272HP,12.850875916323977,0.0678,SOFT DRINKS,112.3,STORE-7WS,47,2803.74,True,False,False,False,True,True,False,False,True,False,False
row_06765,PRD-T0G7RI,14.085,0.0436,snack foods,54.05,STORE-9RG,28,1128.89,False,True,False,True,False,False,True,True,False,False,False
row_06766,PRD-8LMN4R,12.850875916323977,0.0505,Soft Drinks,43.61,STORE-7WS,47,1265.91,True,False,False,False,True,True,False,False,False,False,False
row_06767,PRD-1GP1Z7,10.529,0.0916,Snack Foods,208.92,STORE-9RG,28,4863.59,False,True,False,True,False,False,True,True,False,False,True
row_06768,PRD-IMZXFQ,6.742,0.0236,Frozen Foods,268.58,STORE-9RG,28,4111.23,False,True,False,True,False,False,True,False,False,False,True
row_06769,PRD-OEM1VZ,20.288,0.0773,Dairy,196.57,STORE-9RG,28,4672.08,False,True,False,True,False,False,True,True,False,False,True
row_06770,PRD-88AENN,11.235,0.0523,Fruits and Vegetables,162.67,STORE-OYG,25,2753.81,False,True,False,True,False,True,False,True,False,True,False
row_06771,PRD-DZ26FO,11.62,0.0185,Canned,180.75,STORE-YLW,35,1236.18,False,True,False,False,False,False,True,False,False,True,False
row_06773,PRD-YUG5GN,12.850875916323977,0.0,fruits and vegetables,46.44,STORE-89Z,33,1573.3,False,True,False,False,False,True,False,False,False,False,False
row_06774,PRD-VI7F16,9.642,0.072,Snack Foods,122.11,STORE-89Z,33,1583.71,False,True,False,False,False,True,False,True,True,False,False
row_06775,PRD-202SK1,19.488,0.0789,canned,172.27,STORE-9RG,28,2124.61,False,True,False,True,False,False,True,False,False,True,False
row_06777,PRD-3A1DU1,5.887,0.0818,Household,168.59,STORE-HL7,23,1999.48,False,False,True,False,True,True,False,False,False,True,False
row_06778,PRD-I67HN3,12.850875916323977,0.0105,HOUSEHOLD,232.78,STORE-7WS,47,12996.82,True,False,False,False,True,True,False,False,False,False,True
row_06779,PRD-8MX1EV,18.456,0.0146,Soft Drinks,49.27,STORE-AGY,45,619.27,False,True,False,False,True,False,False,False,False,False,False
row_06780,PRD-5N8I4P,12.142,0.1379,dairy,98.4,STORE-DKU,30,1759.25,False,True,False,True,False,True,False,False,True,False,False
row_06781,PRD-EU4L5G,15.353,0.0991,Fruits and Vegetables,204.8,STORE-HL7,23,4938.43,False,False,True,False,True,True,False,True,False,False,True
row_06783,PRD-ZEGYU5,10.274,0.0464,Snack Foods,38.59,STORE-89Z,33,624.52,False,True,False,False,False,True,False,True,False,False,False
row_06784,PRD-UIB5SQ,10.251,0.0272,Meat,75.87,STORE-OYG,25,1452.17,False,True,False,True,False,True,False,False,False,False,False
row_06787,PRD-0B58ST,17.14,0.0078,canned,104.33,STORE-YLW,35,1567.42,False,True,False,False,False,False,True,True,True,False,False
row_06788,PRD-O5ZFW1,5.64,0.0731,Health and Hygiene,168.1,STORE-JOR,34,163.67,False,False,False,False,True,True,False,False,False,True,False
row_06789,PRD-IWHL8Z,7.452,0.028,CANNED,152.39,STORE-89Z,33,2871.75,False,True,False,False,False,True,False,False,False,True,False
row_06790,PRD-3KSWI6,20.581,0.012,CANNED,185.91,STORE-YLW,35,4868.55,False,True,False,False,False,False,True,True,False,True,False
row_06791,PRD-567H48,17.579,0.0406,Frozen Foods,92.58,STORE-89Z,33,1406.09,False,True,False,False,False,True,False,True,False,False,False
row_06792,PRD-UDA2RN,12.850875916323977,0.0962,Breakfast,104.33,STORE-7WS,47,3683.22,True,False,False,False,True,True,False,True,True,False,False
row_06793,PRD-8A170X,18.34,0.0397,frozen foods,246.59,STORE-89Z,33,7477.67,False,True,False,False,False,True,False,False,False,False,True
row_06794,PRD-KSF4HT,11.815,0.0352,SEAFOOD,110.48,STORE-YLW,35,2597.1,False,True,False,False,False,False,True,False,True,False,False
row_06795,PRD-8INI8M,6.638,0.1223,Snack Foods,89.37,STORE-89Z,33,1520.35,False,True,False,False,False,True,False,True,False,False,False
row_06796,PRD-FZ61II,10.412,0.0,Frozen Foods,138.71,STORE-HL7,23,4659.17,False,False,True,False,True,True,False,True,True,False,False
row_06797,PRD-OKCXPA,10.319,0.031,canned,53.03,STORE-OYG,25,774.85,False,True,False,True,False,True,False,False,False,False,False
row_06798,PRD-KF9QCF,16.664,0.0721,health and hygiene,34.57,STORE-9RG,28,1020.83,False,True,False,True,False,False,True,False,False,False,False
row_06799,PRD-EGKRHJ,12.850875916323977,0.0059,Snack Foods,98.65,STORE-7WS,47,1999.1,True,False,False,False,True,True,False,True,True,False,False
row_06800,PRD-E8DE4C,15.954,0.0,Snack Foods,148.4,STORE-HL7,23,1281.74,False,False,True,False,True,True,False,True,False,True,False
row_06801,PRD-PX2TN7,12.353,0.1065,Baking Goods,34.89,STORE-DKU,30,831.77,False,True,False,True,False,True,False,False,False,False,False
row_06802,PRD-6JKLOQ,11.343,0.1749,Baking Goods,162.88,STORE-9RG,28,1952.64,False,True,False,True,False,False,True,False,False,True,False
row_06803,PRD-TC2QWF,15.061,0.1693,Canned,189.02,STORE-DKU,30,2481.7,False,True,False,True,False,True,False,True,False,False,True
row_06804,PRD-6O0HUH,20.377,0.0153,Fruits and Vegetables,231.32,STORE-OYG,25,6360.91,False,True,False,True,False,True,False,True,False,False,True
row_06806,PRD-3A1DU1,5.835,0.1406,Household,175.37,STORE-JOR,34,513.3,False,False,False,False,True,True,False,False,False,True,False
row_06807,PRD-PKL0BL,12.850875916323977,0.0149,SOFT DRINKS,142.91,STORE-7WS,47,3194.53,True,False,False,False,True,True,False,False,False,True,False
row_06808,PRD-UDD467,8.836,0.029,DAIRY,151.46,STORE-OYG,25,3893.32,False,True,False,True,False,True,False,False,False,True,False
row_06810,PRD-KL6CEV,12.850875916323977,0.1552,household,87.64,STORE-T5G,47,86.97,False,False,False,False,False,False,True,False,False,False,False
row_06811,PRD-BWWWTP,19.953,0.0899,Dairy,255.67,STORE-AGY,45,2121.34,False,True,False,False,True,False,False,False,False,False,True
row_06812,PRD-PR2ESP,14.501,0.0205,HARD DRINKS,144.29,STORE-89Z,33,2325.96,False,True,False,False,False,True,False,False,False,True,False
row_06814,PRD-N3QXKH,14.19,0.0922,Dairy,230.82,STORE-9RG,28,3320.1,False,True,False,True,False,False,True,False,False,False,True
row_06815,PRD-7VMGGA,11.521,0.0376,Health and Hygiene,96.54,STORE-HL7,23,2575.57,False,False,True,False,True,True,False,False,True,False,False
row_06816,PRD-PGW90J,13.864,0.0424,dairy,54.77,STORE-89Z,33,1154.26,False,True,False,False,False,True,False,False,False,False,False
row_06819,PRD-1NG2QG,7.754,0.1546,frozen foods,154.09,STORE-9RG,28,1482.48,False,True,False,True,False,False,True,True,False,True,False
row_06820,PRD-HXTPDP,9.945,0.1665,soft drinks,242.49,STORE-9RG,28,5171.58,False,True,False,True,False,False,True,False,False,False,True
row_06822,PRD-8KQGUY,7.756,0.0477,Household,120.32,STORE-JOR,34,120.04,False,False,False,False,True,True,False,False,True,False,False
row_06823,PRD-5CI6VG,15.929,0.0668,Dairy,140.85,STORE-89Z,33,1835.43,False,True,False,False,False,True,False,False,True,False,False
row_06824,PRD-9JRSNV,12.850875916323977,0.0354,soft drinks,166.93,STORE-7WS,47,4076.15,True,False,False,False,True,True,False,False,False,True,False
row_06826,PRD-9YFZQL,12.850875916323977,0.1036,Snack Foods,144.91,STORE-7WS,47,3949.45,True,False,False,False,True,True,False,False,False,True,False
row_06827,PRD-X9X39I,10.03,0.1047,SNACK FOODS,112.66,STORE-HL7,23,3480.32,False,False,True,False,True,True,False,False,True,False,False
row_06829,PRD-NVTANM,7.247,0.061,Fruits and Vegetables,131.82,STORE-9RG,28,2334.64,False,True,False,True,False,False,True,True,True,False,False
row_06830,PRD-IQSUHA,12.850875916323977,0.0,canned,160.54,STORE-T5G,47,307.57,False,False,False,False,False,False,True,True,False,True,False
row_06831,PRD-OQTFZN,12.196,0.1378,Fruits and Vegetables,190.94,STORE-9RG,28,4209.81,False,True,False,True,False,False,True,True,False,False,True
row_06832,PRD-1RXIV4,17.588,0.0289,snack foods,165.91,STORE-OYG,25,4459.97,False,True,False,True,False,True,False,False,False,True,False
row_06833,PRD-DK2043,20.223,0.0149,Dairy,194.6,STORE-9RG,28,3959.18,False,True,False,True,False,False,True,True,False,False,True
row_06835,PRD-FY9Z9U,12.850875916323977,0.1887,Canned,106.82,STORE-T5G,47,202.45,False,False,False,False,False,False,True,True,True,False,False
row_06836,PRD-WTOOBM,17.28,0.0995,SOFT DRINKS,172.94,STORE-DKU,30,4522.26,False,True,False,True,False,True,False,False,False,True,False
row_06837,PRD-2WLNC8,8.588,0.0168,Household,195.68,STORE-OYG,25,4202.93,False,True,False,True,False,True,False,False,False,False,True
row_06839,PRD-25KFBO,19.663,0.025,FRUITS AND VEGETABLES,144.15,STORE-89Z,33,1679.1,False,True,False,False,False,True,False,True,False,True,False
row_06840,PRD-OEQXOC,12.850875916323977,0.0567,breakfast,50.94,STORE-T5G,47,48.73,False,False,False,False,False,False,True,True,False,False,False
row_06843,PRD-XMVMZH,12.850875916323977,0.0488,meat,215.56,STORE-7WS,47,5474.97,True,False,False,False,True,True,False,True,False,False,True
row_06844,PRD-RH8H90,9.54,0.0234,health and hygiene,183.62,STORE-AGY,45,3347.87,False,True,False,False,True,False,False,False,False,True,False
row_06845,PRD-SX50VK,12.850875916323977,0.12,snack foods,37.86,STORE-7WS,47,407.05,True,False,False,False,True,True,False,True,False,False,False
row_06846,PRD-EWB9HJ,7.646,0.0371,health and hygiene,171.05,STORE-9RG,28,4356.63,False,True,False,True,False,False,True,False,False,True,False
row_06847,PRD-YP5JO3,7.756,0.075,DAIRY,217.65,STORE-AGY,45,3656.37,False,True,False,False,True,False,False,True,False,False,True
row_06848,PRD-6CJDKQ,18.316,0.0902,Fruits and Vegetables,192.14,STORE-HL7,23,5034.52,False,False,True,False,True,True,False,False,False,False,True
row_06849,PRD-YHRDU3,12.850875916323977,0.165,Household,159.04,STORE-T5G,47,323.6,False,False,False,False,False,False,True,False,False,True,False
row_06850,PRD-11CMKR,12.850875916323977,0.0325,CANNED,181.76,STORE-7WS,47,8159.76,True,False,False,False,True,True,False,False,False,True,False
row_06851,PRD-90E4B0,9.042,0.0448,household,251.16,STORE-9RG,28,1190.8,False,True,False,True,False,False,True,False,False,False,True
row_06853,PRD-TOTSN5,17.146,0.0527,Starchy Foods,44.9,STORE-9RG,28,1771.43,False,True,False,True,False,False,True,True,False,False,False
row_06854,PRD-ZOID71,15.277,0.0859,fruits and vegetables,219.37,STORE-HL7,23,2870.73,False,False,True,False,True,True,False,True,False,False,True
row_06857,PRD-4I42AF,7.341,0.1246,STARCHY FOODS,205.14,STORE-DKU,30,1009.15,False,True,False,True,False,True,False,False,False,False,True
row_06858,PRD-3VXDO3,7.568,0.0,Fruits and Vegetables,115.48,STORE-HL7,23,1271.34,False,False,True,False,True,True,False,True,True,False,False
row_06859,PRD-4JP18M,17.78,0.0513,Snack Foods,125.26,STORE-9RG,28,2713.41,False,True,False,True,False,False,True,False,True,False,False
row_06860,PRD-CDIT16,14.645,0.075,HOUSEHOLD,256.36,STORE-89Z,33,5145.61,False,True,False,False,False,True,False,False,False,False,True
row_06861,PRD-EGC2DP,6.974,0.0564,snack foods,211.41,STORE-9RG,28,2161.41,False,True,False,True,False,False,True,False,False,False,True
row_06862,PRD-KDNQ4G,21.597,0.0189,snack foods,124.36,STORE-HL7,23,3003.28,False,False,True,False,True,True,False,False,True,False,False
row_06863,PRD-9DBWQW,20.107,0.0412,Household,91.34,STORE-AGY,45,2192.86,False,True,False,False,True,False,False,False,False,False,False
row_06864,PRD-N9CUWJ,9.55,0.0353,SNACK FOODS,243.78,STORE-DKU,30,2959.71,False,True,False,True,False,True,False,False,False,False,True
row_06865,PRD-V2AQNP,12.850875916323977,0.2667,breakfast,162.91,STORE-T5G,47,339.59,False,False,False,False,False,False,True,True,False,True,False
row_06867,PRD-RUC70S,17.925,0.0127,household,164.31,STORE-DKU,30,2400.78,False,True,False,True,False,True,False,False,False,True,False
row_06868,PRD-97PPER,12.850875916323977,0.0587,Fruits and Vegetables,176.35,STORE-7WS,47,3224.26,True,False,False,False,True,True,False,False,False,True,False
row_06869,PRD-OF1GG2,13.728,0.0344,Snack Foods,182.71,STORE-HL7,23,5211.27,False,False,True,False,True,True,False,False,False,True,False
row_06870,PRD-V5WMKZ,6.436,0.0621,BREAKFAST,129.54,STORE-AGY,45,267.56,False,True,False,False,True,False,False,False,True,False,False
row_06871,PRD-FIFS27,12.850875916323977,0.0856,household,131.42,STORE-T5G,47,249.91,False,False,False,False,False,False,True,False,True,False,False
row_06874,PRD-8WJAI7,12.850875916323977,0.064,snack foods,177.04,STORE-7WS,47,4650.48,True,False,False,False,True,True,False,False,False,True,False
row_06875,PRD-ZM7AEF,4.503,0.0345,frozen foods,114.33,STORE-YLW,35,2591.33,False,True,False,False,False,False,True,True,True,False,False
row_06876,PRD-6S601Z,11.425,0.121,frozen foods,97.71,STORE-OYG,25,2009.24,False,True,False,True,False,True,False,True,True,False,False
row_06877,PRD-VLHZZ3,10.279,0.1584,Frozen Foods,143.18,STORE-YLW,35,2451.84,False,True,False,False,False,False,True,False,False,True,False
row_06878,PRD-BUK3XF,21.412,0.0206,Fruits and Vegetables,105.0,STORE-DKU,30,534.94,False,True,False,True,False,True,False,False,True,False,False
row_06879,PRD-XLTA8I,13.383,0.0975,Soft Drinks,142.67,STORE-JOR,34,287.74,False,False,False,False,True,True,False,False,False,True,False
row_06880,PRD-R04H5W,18.741,0.1247,HOUSEHOLD,195.31,STORE-AGY,45,1980.76,False,True,False,False,True,False,False,False,False,False,True
row_06881,PRD-PR2ESP,15.123,0.0213,Hard Drinks,144.72,STORE-YLW,35,3156.89,False,True,False,False,False,False,True,False,False,True,False
row_06882,PRD-G0OA3Y,12.850875916323977,0.0265,Others,50.5,STORE-7WS,47,750.48,True,False,False,False,True,True,False,False,False,False,False
row_06883,PRD-0X3FG6,20.586,0.1002,FRUITS AND VEGETABLES,122.85,STORE-AGY,45,2065.25,False,True,False,False,True,False,False,True,True,False,False
row_06884,PRD-NMIC1F,12.850875916323977,0.0452,Snack Foods,102.81,STORE-7WS,47,2328.27,True,False,False,False,True,True,False,True,True,False,False
row_06886,PRD-Z8TUBC,20.554,0.0216,HOUSEHOLD,78.13,STORE-HL7,23,462.42,False,False,True,False,True,True,False,False,False,False,False
row_06887,PRD-U02KQN,19.468,0.0,health and hygiene,155.32,STORE-DKU,30,2549.61,False,True,False,True,False,True,False,False,False,True,False
row_06888,PRD-JH7XEX,7.105,0.0411,CANNED,83.55,STORE-DKU,30,799.11,False,True,False,True,False,True,False,False,False,False,False
row_06889,PRD-SR6GI0,10.942,0.0364,Fruits and Vegetables,130.79,STORE-YLW,35,1536.23,False,True,False,False,False,False,True,False,True,False,False
row_06890,PRD-ZTO1FG,12.850875916323977,0.2478,dairy,262.16,STORE-T5G,47,553.06,False,False,False,False,False,False,True,False,False,False,True
row_06891,PRD-BUQGEV,18.188,0.0108,Snack Foods,213.51,STORE-AGY,45,4573.33,False,True,False,False,True,False,False,False,False,False,True
row_06892,PRD-EF6Y39,12.850875916323977,0.0133,Snack Foods,146.31,STORE-7WS,47,4595.94,True,False,False,False,True,True,False,True,False,True,False
row_06893,PRD-98BNVW,18.901,0.0682,fruits and vegetables,188.5,STORE-YLW,35,2148.04,False,True,False,False,False,False,True,True,False,False,True
row_06894,PRD-AECEW6,16.321,0.0085,Meat,74.4,STORE-HL7,23,1447.21,False,False,True,False,True,True,False,True,False,False,False
row_06895,PRD-5GAS44,8.27,0.028,SOFT DRINKS,147.14,STORE-HL7,23,1774.01,False,False,True,False,True,True,False,False,False,True,False
row_06896,PRD-L9E9NI,8.229,0.0363,Baking Goods,141.46,STORE-AGY,45,1657.02,False,True,False,False,True,False,False,True,True,False,False
row_06897,PRD-SWX1JP,9.786,0.0476,Baking Goods,102.28,STORE-YLW,35,1660.81,False,True,False,False,False,False,True,False,True,False,False
row_06898,PRD-SIIAEB,12.126,0.0975,snack foods,122.45,STORE-89Z,33,3682.2,False,True,False,False,False,True,False,False,True,False,False
row_06899,PRD-IVLU4E,12.850875916323977,0.0236,Others,110.22,STORE-T5G,47,207.93,False,False,False,False,False,False,True,False,True,False,False
row_06900,PRD-TS5BJJ,6.288,0.0199,Household,255.89,STORE-89Z,33,5837.03,False,True,False,False,False,True,False,False,False,False,True
row_06904,PRD-LUJBU0,8.29,0.0458,Baking Goods,111.17,STORE-OYG,25,3071.99,False,True,False,True,False,True,False,True,True,False,False
row_06905,PRD-UPTJ7O,15.309,0.0377,Frozen Foods,120.33,STORE-OYG,25,1932.32,False,True,False,True,False,True,False,True,True,False,False
row_06908,PRD-1I4EOY,19.456,0.0369,FRUITS AND VEGETABLES,209.71,STORE-DKU,30,5954.72,False,True,False,True,False,True,False,False,False,False,True
row_06909,PRD-1QW65X,5.875,0.096,HOUSEHOLD,127.18,STORE-HL7,23,4450.0,False,False,True,False,True,True,False,False,True,False,False
row_06910,PRD-8R8KUS,9.765,0.0658,FRUITS AND VEGETABLES,119.32,STORE-89Z,33,2833.19,False,True,False,False,False,True,False,True,True,False,False
row_06911,PRD-QK31H5,16.51,0.0326,FRUITS AND VEGETABLES,259.91,STORE-AGY,45,6618.74,False,True,False,False,True,False,False,False,False,False,True
row_06913,PRD-U1OJA0,13.18,0.0464,Breads,219.71,STORE-DKU,30,3761.52,False,True,False,True,False,True,False,False,False,False,True
row_06916,PRD-OOQHSF,6.11,0.0537,HOUSEHOLD,108.69,STORE-JOR,34,227.68,False,False,False,False,True,True,False,False,True,False,False
row_06917,PRD-CZ2O8N,15.623,0.0265,baking goods,80.97,STORE-HL7,23,1166.44,False,False,True,False,True,True,False,True,False,False,False
row_06919,PRD-3D9PH3,12.850875916323977,0.1421,hard drinks,163.28,STORE-7WS,47,2852.59,True,False,False,False,True,True,False,False,False,True,False
row_06921,PRD-IALDTG,5.765,0.1693,baking goods,147.1,STORE-JOR,34,445.58,False,False,False,False,True,True,False,False,False,True,False
row_06922,PRD-2OQEWF,18.891,0.0336,Others,131.53,STORE-HL7,23,2051.78,False,False,True,False,True,True,False,False,True,False,False
row_06923,PRD-AK5W77,8.645,0.0294,CANNED,231.01,STORE-89Z,33,5776.47,False,True,False,False,False,True,False,True,False,False,True
row_06925,PRD-OF1GG2,13.744,0.0374,Snack Foods,189.65,STORE-89Z,33,1267.8,False,True,False,False,False,True,False,False,False,False,True
row_06926,PRD-M2AOBR,12.850875916323977,0.0132,Household,121.0,STORE-7WS,47,4945.42,True,False,False,False,True,True,False,False,True,False,False
row_06927,PRD-21520R,15.073,0.0262,SNACK FOODS,84.63,STORE-OYG,25,1971.1,False,True,False,True,False,True,False,False,False,False,False
row_06928,PRD-9SEY62,18.212,0.022,Fruits and Vegetables,95.52,STORE-AGY,45,498.63,False,True,False,False,True,False,False,False,True,False,False
row_06930,PRD-90E4B0,12.850875916323977,0.0449,household,251.51,STORE-7WS,47,9768.51,True,False,False,False,True,True,False,False,False,False,True
row_06931,PRD-N9CUWJ,9.731,0.0357,Snack Foods,246.92,STORE-AGY,45,5180.78,False,True,False,False,True,False,False,False,False,False,True
row_06932,PRD-9L4UWN,11.131,0.0,Snack Foods,225.96,STORE-89Z,33,4582.09,False,True,False,False,False,True,False,False,False,False,True
row_06933,PRD-9STG4E,12.850875916323977,0.0246,Canned,89.2,STORE-T5G,47,88.36,False,False,False,False,False,False,True,True,False,False,False
row_06934,PRD-DH02YH,10.101,0.0,FRUITS AND VEGETABLES,252.45,STORE-HL7,23,3224.66,False,False,True,False,True,True,False,False,False,False,True
row_06935,PRD-XGX8WD,12.850875916323977,0.1605,Dairy,112.91,STORE-7WS,47,3467.94,True,False,False,False,True,True,False,True,True,False,False
row_06936,PRD-V5MOIJ,14.135,0.0,canned,42.11,STORE-HL7,23,545.01,False,False,True,False,True,True,False,True,False,False,False
row_06937,PRD-WFA6ZI,17.276,0.0334,DAIRY,252.25,STORE-YLW,35,3902.07,False,True,False,False,False,False,True,False,False,False,True
row_06938,PRD-TOTSN5,17.941,0.0558,Starchy Foods,48.89,STORE-OYG,25,1049.62,False,True,False,True,False,True,False,True,False,False,False
row_06939,PRD-R4VXL5,12.448,0.0368,Baking Goods,227.54,STORE-DKU,30,2436.22,False,True,False,True,False,True,False,False,False,False,True
row_06940,PRD-K15UL9,8.942,0.1213,Frozen Foods,97.27,STORE-HL7,23,1707.45,False,False,True,False,True,True,False,False,True,False,False
row_06941,PRD-LXLIM5,12.850875916323977,0.0633,Health and Hygiene,124.98,STORE-7WS,47,4504.44,True,False,False,False,True,True,False,False,True,False,False
row_06942,PRD-E6VA05,12.850875916323977,0.0428,soft drinks,32.05,STORE-7WS,47,915.34,True,False,False,False,True,True,False,False,False,False,False
row_06944,PRD-9P452B,8.744,0.0717,Hard Drinks,241.2,STORE-9RG,28,2986.55,False,True,False,True,False,False,True,False,False,False,True
row_06947,PRD-9K044M,6.94,0.0428,Starchy Foods,58.04,STORE-89Z,33,562.22,False,True,False,False,False,True,False,True,False,False,False
row_06949,PRD-ZLVU35,13.454,0.0162,breads,236.75,STORE-OYG,25,1784.96,False,True,False,True,False,True,False,False,False,False,True
row_06950,PRD-OE45D1,10.205,0.0265,Canned,269.35,STORE-HL7,23,3246.59,False,False,True,False,True,True,False,False,False,False,True
row_06951,PRD-2GKFSF,5.855,0.0245,HOUSEHOLD,144.22,STORE-YLW,35,2612.38,False,True,False,False,False,False,True,False,False,True,False
row_06952,PRD-BQNJ97,15.39,0.0322,Baking Goods,109.69,STORE-89Z,33,2206.94,False,True,False,False,False,True,False,False,True,False,False
row_06953,PRD-UBXCU2,8.976,0.0188,Household,170.34,STORE-OYG,25,2400.64,False,True,False,True,False,True,False,False,False,True,False
row_06956,PRD-QPT16H,12.341,0.0154,Household,160.72,STORE-HL7,23,3562.36,False,False,True,False,True,True,False,False,False,True,False
row_06957,PRD-PF9A0N,4.767,0.0,Dairy,126.63,STORE-DKU,30,2157.58,False,True,False,True,False,True,False,True,True,False,False
row_06958,PRD-AQ6L6G,12.850875916323977,0.0788,SOFT DRINKS,116.44,STORE-7WS,47,2740.53,True,False,False,False,True,True,False,False,True,False,False
row_06959,PRD-2UETCH,19.89,0.0336,MEAT,176.63,STORE-AGY,45,1825.95,False,True,False,False,True,False,False,False,False,True,False
row_06961,PRD-29S85M,19.421,0.0699,Snack Foods,176.26,STORE-AGY,45,1584.06,False,True,False,False,True,False,False,False,False,True,False
row_06962,PRD-GV2TFK,7.383,0.0456,HEALTH AND HYGIENE,99.45,STORE-YLW,35,2476.07,False,True,False,False,False,False,True,False,True,False,False
row_06964,PRD-UMMSR8,12.850875916323977,0.0303,snack foods,50.52,STORE-7WS,47,1062.47,True,False,False,False,True,True,False,False,False,False,False
row_06965,PRD-322N64,12.850875916323977,0.1702,dairy,88.3,STORE-T5G,47,177.34,False,False,False,False,False,False,True,False,False,False,False
row_06967,PRD-QJTAA7,6.955,0.2853,Breads,33.01,STORE-JOR,34,34.56,False,False,False,False,True,True,False,True,False,False,False
row_06968,PRD-D9146L,19.097,0.0733,Snack Foods,164.67,STORE-HL7,23,1598.69,False,False,True,False,True,True,False,False,False,True,False
row_06970,PRD-CSMCMC,11.22,0.0095,DAIRY,122.38,STORE-OYG,25,3277.57,False,True,False,True,False,True,False,True,True,False,False
row_06971,PRD-XHO0VH,21.372,0.0648,breakfast,156.59,STORE-9RG,28,1762.76,False,True,False,True,False,False,True,True,False,True,False
row_06972,PRD-N244KO,12.850875916323977,0.0574,Snack Foods,214.1,STORE-T5G,47,409.64,False,False,False,False,False,False,True,False,False,False,True
row_06973,PRD-2DT1EG,12.850875916323977,0.0,health and hygiene,124.36,STORE-7WS,47,3641.59,True,False,False,False,True,True,False,False,True,False,False
row_06974,PRD-GLFRI8,7.884,0.0218,Breakfast,231.18,STORE-DKU,30,2860.31,False,True,False,True,False,True,False,False,False,False,True
row_06975,PRD-PF9A0N,12.850875916323977,0.0646,dairy,124.31,STORE-T5G,47,251.5,False,False,False,False,False,False,True,True,True,False,False
row_06976,PRD-K6I2KL,9.718,0.0,Snack Foods,193.49,STORE-OYG,25,4437.5,False,True,False,True,False,True,False,True,False,False,True
row_06977,PRD-7RS8R0,12.850875916323977,0.1089,Fruits and Vegetables,82.61,STORE-7WS,47,3749.8,True,False,False,False,True,True,False,False,False,False,False
row_06978,PRD-Q4NM8R,8.955,0.1468,FROZEN FOODS,60.54,STORE-AGY,45,1006.76,False,True,False,False,True,False,False,False,False,False,False
row_06979,PRD-SBZRAD,6.356,0.0336,snack foods,146.18,STORE-9RG,28,3233.89,False,True,False,True,False,False,True,False,False,True,False
row_06980,PRD-2DT1EG,5.571,0.1317,Health and Hygiene,119.7,STORE-9RG,28,1410.74,False,True,False,True,False,False,True,False,True,False,False
row_06981,PRD-MQC1A7,14.466,0.1747,HARD DRINKS,56.41,STORE-DKU,30,1435.12,False,True,False,True,False,True,False,False,False,False,False
row_06983,PRD-3NP4VY,12.606,0.0401,Health and Hygiene,36.29,STORE-9RG,28,281.91,False,True,False,True,False,False,True,False,False,False,False
row_06984,PRD-U02KQN,19.576,0.0246,health and hygiene,152.52,STORE-89Z,33,3822.33,False,True,False,False,False,True,False,False,False,True,False
row_06985,PRD-LFS04I,10.761,0.0198,snack foods,71.48,STORE-JOR,34,146.2,False,False,False,False,True,True,False,True,False,False,False
row_06986,PRD-49M5ZM,12.115,0.095,Fruits and Vegetables,110.39,STORE-AGY,45,1346.95,False,True,False,False,True,False,False,False,True,False,False
row_06987,PRD-GLWY1N,6.424,0.123,Frozen Foods,99.94,STORE-HL7,23,2119.84,False,False,True,False,True,True,False,False,True,False,False
row_06988,PRD-R9OUDO,12.850875916323977,0.0815,Soft Drinks,84.7,STORE-T5G,47,83.46,False,False,False,False,False,False,True,False,False,False,False
row_06989,PRD-9S9WWR,16.909,0.0769,Fruits and Vegetables,99.15,STORE-YLW,35,1466.35,False,True,False,False,False,False,True,True,True,False,False
row_06990,PRD-Z4T48O,10.048,0.0116,Snack Foods,85.62,STORE-AGY,45,2666.93,False,True,False,False,True,False,False,True,False,False,False
row_06991,PRD-TFIUHP,12.49,0.0768,FRUITS AND VEGETABLES,99.9,STORE-AGY,45,2722.46,False,True,False,False,True,False,False,False,True,False,False
row_06992,PRD-GSTFS2,5.63,0.0247,Frozen Foods,82.48,STORE-JOR,34,405.07,False,False,False,False,True,True,False,False,False,False,False
row_06993,PRD-CYUEID,9.967,0.0894,OTHERS,193.77,STORE-HL7,23,3946.12,False,False,True,False,True,True,False,False,False,False,True
row_06994,PRD-T14KTM,12.850875916323977,0.0334,Health and Hygiene,166.28,STORE-7WS,47,3039.99,True,False,False,False,True,True,False,False,False,True,False
row_06995,PRD-JH7XEX,6.955,0.0408,canned,84.67,STORE-YLW,35,1575.28,False,True,False,False,False,False,True,False,False,False,False
row_06996,PRD-5FVDDW,12.850875916323977,0.0598,Meat,154.2,STORE-T5G,47,301.86,False,False,False,False,False,False,True,True,False,True,False
row_06998,PRD-HBRPOI,11.377,0.0399,Soft Drinks,144.24,STORE-HL7,23,884.8,False,False,True,False,True,True,False,False,False,True,False
row_06999,PRD-0GW31G,9.04,0.008,frozen foods,77.89,STORE-89Z,33,416.91,False,True,False,False,False,True,False,True,False,False,False
row_07000,PRD-OQ0Y2Z,15.795,0.0544,BAKING GOODS,199.04,STORE-YLW,35,4836.72,False,True,False,False,False,False,True,False,False,False,True
row_07001,PRD-L8WU3R,19.39,0.03,SNACK FOODS,112.39,STORE-JOR,34,220.49,False,False,False,False,True,True,False,True,True,False,False
row_07004,PRD-JNODL5,12.850875916323977,0.0158,Health and Hygiene,157.09,STORE-9RG,28,4115.69,False,True,False,True,False,False,True,False,False,True,False
row_07006,PRD-OI1003,16.93,0.0277,Household,180.33,STORE-9RG,28,2597.24,False,True,False,True,False,False,True,False,False,True,False
row_07007,PRD-GZGU9E,13.3,0.0999,Dairy,230.47,STORE-YLW,35,3426.54,False,True,False,False,False,False,True,False,False,False,True
row_07008,PRD-UL2AE5,9.581,0.0237,health and hygiene,117.38,STORE-AGY,45,2173.97,False,True,False,False,True,False,False,False,True,False,False
row_07009,PRD-6KHXCY,11.776,0.0599,Meat,155.11,STORE-OYG,25,4069.06,False,True,False,True,False,True,False,True,False,True,False
row_07010,PRD-A8C4XU,14.737,0.0788,meat,244.41,STORE-9RG,28,1990.54,False,True,False,True,False,False,True,True,False,False,True
row_07011,PRD-7SGMSO,19.778,0.0402,Hard Drinks,123.74,STORE-9RG,28,780.82,False,True,False,True,False,False,True,False,True,False,False
row_07013,PRD-I1E9QQ,7.618,0.1891,Household,252.05,STORE-89Z,33,5603.04,False,True,False,False,False,True,False,False,False,False,True
row_07014,PRD-BE4HW4,11.949,0.0793,baking goods,124.96,STORE-YLW,35,3194.26,False,True,False,False,False,False,True,False,True,False,False
row_07015,PRD-ONGWUL,12.934,0.0415,HOUSEHOLD,255.25,STORE-YLW,35,2691.32,False,True,False,False,False,False,True,False,False,False,True
row_07016,PRD-NVGFYG,8.82,0.02,Soft Drinks,151.1,STORE-89Z,33,4184.26,False,True,False,False,False,True,False,False,False,True,False
row_07018,PRD-X7AKU0,10.286,0.0767,health and hygiene,124.97,STORE-OYG,25,2563.58,False,True,False,True,False,True,False,False,True,False,False
row_07020,PRD-YTXH8P,12.850875916323977,0.0,Meat,181.25,STORE-7WS,47,8009.52,True,False,False,False,True,True,False,True,False,True,False
row_07021,PRD-YL84PO,9.03,0.0145,Snack Foods,196.35,STORE-DKU,30,4313.41,False,True,False,True,False,True,False,True,False,False,True
row_07022,PRD-NVJUUW,6.739,0.0848,frozen foods,103.4,STORE-YLW,35,2025.84,False,True,False,False,False,False,True,True,True,False,False
row_07024,PRD-JLD0TT,12.771,0.0237,DAIRY,33.07,STORE-HL7,23,101.37,False,False,True,False,True,True,False,False,False,False,False
row_07026,PRD-LBIPQF,18.2,0.0468,Fruits and Vegetables,123.14,STORE-HL7,23,869.88,False,False,True,False,True,True,False,True,True,False,False
row_07027,PRD-MNEL25,12.850875916323977,0.0802,Snack Foods,122.17,STORE-T5G,47,116.4,False,False,False,False,False,False,True,True,True,False,False
row_07028,PRD-VICDRI,20.244,0.1251,frozen foods,121.34,STORE-89Z,33,1978.39,False,True,False,False,False,True,False,True,True,False,False
row_07031,PRD-Z4T48O,10.502,0.0178,Snack Foods,88.96,STORE-JOR,34,263.79,False,False,False,False,True,True,False,True,False,False,False
row_07032,PRD-OIZ8SJ,12.977,0.1558,Fruits and Vegetables,246.76,STORE-9RG,28,3515.36,False,True,False,True,False,False,True,True,False,False,True
row_07033,PRD-DV8A43,7.734,0.137,SNACK FOODS,47.35,STORE-89Z,33,792.78,False,True,False,False,False,True,False,True,False,False,False
row_07034,PRD-A3SKAD,13.674,0.0738,HOUSEHOLD,155.53,STORE-9RG,28,4147.71,False,True,False,True,False,False,True,False,False,True,False
row_07035,PRD-C3Y7HA,16.685,0.0203,Fruits and Vegetables,52.76,STORE-89Z,33,953.8,False,True,False,False,False,True,False,False,False,False,False
row_07036,PRD-H6TX8K,6.303,0.0157,Household,140.36,STORE-DKU,30,840.77,False,True,False,True,False,True,False,False,True,False,False
row_07037,PRD-4EYNIN,7.084,0.08,Household,115.43,STORE-OYG,25,2315.06,False,True,False,True,False,True,False,False,True,False,False
row_07039,PRD-3OERXC,15.6,0.1372,Household,101.81,STORE-AGY,45,2182.27,False,True,False,False,True,False,False,False,True,False,False
row_07040,PRD-7U00JT,8.17,0.0223,seafood,109.61,STORE-9RG,28,2940.09,False,True,False,True,False,False,True,False,True,False,False
row_07041,PRD-6625CS,12.850875916323977,0.0636,Meat,235.63,STORE-T5G,47,659.08,False,False,False,False,False,False,True,True,False,False,True
row_07044,PRD-5JACYR,12.850875916323977,0.0273,fruits and vegetables,42.39,STORE-7WS,47,738.31,True,False,False,False,True,True,False,False,False,False,False
row_07046,PRD-9RIGPP,20.487,0.0491,Fruits and Vegetables,39.77,STORE-OYG,25,889.16,False,True,False,True,False,True,False,False,False,False,False
row_07047,PRD-LF7XE7,15.158,0.1759,Fruits and Vegetables,115.6,STORE-YLW,35,2145.08,False,True,False,False,False,False,True,False,True,False,False
row_07049,PRD-22JUF0,8.976,0.0505,Household,149.9,STORE-89Z,33,1931.64,False,True,False,False,False,True,False,False,False,True,False
row_07051,PRD-7JTKKU,17.795,0.0417,FRUITS AND VEGETABLES,83.4,STORE-AGY,45,717.23,False,True,False,False,True,False,False,True,False,False,False
row_07053,PRD-BVGKP7,15.739,0.0238,FRUITS AND VEGETABLES,94.97,STORE-AGY,45,3214.57,False,True,False,False,True,False,False,True,True,False,False
row_07054,PRD-NE9NNO,12.850875916323977,0.009,Fruits and Vegetables,125.01,STORE-7WS,47,4371.64,True,False,False,False,True,True,False,False,True,False,False
row_07055,PRD-FIYLHL,6.714,0.0496,Snack Foods,185.79,STORE-JOR,34,182.8,False,False,False,False,True,True,False,True,False,True,False
row_07056,PRD-X7Z97Z,12.850875916323977,0.0914,household,54.69,STORE-7WS,47,2068.52,True,False,False,False,True,True,False,False,False,False,False
row_07057,PRD-OQTR1Y,7.103,0.0984,Snack Foods,194.61,STORE-AGY,45,1779.54,False,True,False,False,True,False,False,False,False,False,True
row_07058,PRD-GV2TFK,7.381,0.048,health and hygiene,97.97,STORE-AGY,45,582.92,False,True,False,False,True,False,False,False,True,False,False
row_07059,PRD-HDPJSA,6.289,0.1263,Canned,262.53,STORE-OYG,25,1017.42,False,True,False,True,False,True,False,False,False,False,True
row_07060,PRD-S668FR,18.653,0.1533,Others,190.03,STORE-JOR,34,533.6,False,False,False,False,True,True,False,False,False,False,True
row_07061,PRD-VTTR5G,13.788,0.0559,Breakfast,234.42,STORE-HL7,23,6405.06,False,False,True,False,True,True,False,True,False,False,True
row_07062,PRD-UN5Z3J,12.645,0.046,Soft Drinks,178.62,STORE-YLW,35,1928.42,False,True,False,False,False,False,True,True,False,True,False
row_07063,PRD-9DBWQW,12.850875916323977,0.0697,household,89.06,STORE-T5G,47,87.23,False,False,False,False,False,False,True,False,False,False,False
row_07064,PRD-B0BAVM,15.543,0.0347,household,123.13,STORE-OYG,25,2061.77,False,True,False,True,False,True,False,False,True,False,False
row_07065,PRD-E6VA05,9.423,0.0407,Soft Drinks,31.11,STORE-AGY,45,454.05,False,True,False,False,True,False,False,False,False,False,False
row_07066,PRD-74W4G2,16.194,0.0169,Frozen Foods,100.2,STORE-OYG,25,1326.91,False,True,False,True,False,True,False,True,True,False,False
row_07068,PRD-D4K7YJ,18.216,0.1361,Starchy Foods,191.22,STORE-HL7,23,3679.92,False,False,True,False,True,True,False,True,False,False,True
row_07070,PRD-HMIP5B,10.023,0.0298,Fruits and Vegetables,111.49,STORE-89Z,33,337.7,False,True,False,False,False,True,False,True,True,False,False
row_07071,PRD-8D7CED,12.794,0.0682,Starchy Foods,124.86,STORE-89Z,33,2523.56,False,True,False,False,False,True,False,False,True,False,False
row_07074,PRD-6NJX8K,6.829,0.0641,Household,235.12,STORE-JOR,34,228.81,False,False,False,False,True,True,False,False,False,False,True
row_07077,PRD-Q8V88B,4.548,0.0996,CANNED,233.61,STORE-9RG,28,5170.48,False,True,False,True,False,False,True,True,False,False,True
row_07078,PRD-JZETKP,12.850875916323977,0.0152,baking goods,82.23,STORE-7WS,47,1350.5,True,False,False,False,True,True,False,False,False,False,False
row_07079,PRD-85W6UY,8.92,0.1793,Fruits and Vegetables,101.15,STORE-89Z,33,1043.07,False,True,False,False,False,True,False,False,True,False,False
row_07080,PRD-YL84PO,9.47,0.0234,SNACK FOODS,195.38,STORE-JOR,34,606.54,False,False,False,False,True,True,False,True,False,False,True
row_07081,PRD-1GP1Z7,10.524,0.095,SNACK FOODS,213.42,STORE-89Z,33,3938.52,False,True,False,False,False,True,False,True,False,False,True
row_07082,PRD-KYKIRT,8.058,0.0,fruits and vegetables,216.51,STORE-HL7,23,3770.14,False,False,True,False,True,True,False,False,False,False,True
row_07083,PRD-54IKMO,12.494,0.1575,fruits and vegetables,241.61,STORE-89Z,33,4226.2,False,True,False,False,False,True,False,True,False,False,True
row_07084,PRD-4GPYWS,14.149,0.0298,Fruits and Vegetables,214.25,STORE-89Z,33,2473.08,False,True,False,False,False,True,False,False,False,False,True
row_07086,PRD-KDJU3I,16.009,0.0574,dairy,225.58,STORE-9RG,28,1335.25,False,True,False,True,False,False,True,False,False,False,True
row_07087,PRD-E7SSM9,7.661,0.1005,HOUSEHOLD,56.77,STORE-AGY,45,1132.67,False,True,False,False,True,False,False,False,False,False,False
row_07088,PRD-47VEYF,6.175,0.0924,Meat,218.11,STORE-YLW,35,2654.07,False,True,False,False,False,False,True,True,False,False,True
row_07089,PRD-W103DG,12.850875916323977,0.0175,Soft Drinks,201.46,STORE-7WS,47,8956.05,True,False,False,False,True,True,False,False,False,False,True
row_07090,PRD-4HX6BQ,9.95,0.0245,CANNED,114.84,STORE-9RG,28,790.56,False,True,False,True,False,False,True,False,True,False,False
row_07092,PRD-L3H73U,7.023,0.0586,Snack Foods,114.47,STORE-9RG,28,1358.86,False,True,False,True,False,False,True,False,True,False,False
row_07093,PRD-7F4S1U,7.613,0.1394,Fruits and Vegetables,169.53,STORE-89Z,33,5966.7,False,True,False,False,False,True,False,True,False,True,False
row_07094,PRD-D9DSYZ,14.428,0.0633,Household,260.59,STORE-HL7,23,2307.48,False,False,True,False,True,True,False,False,False,False,True
row_07098,PRD-AQNCDZ,13.101,0.0145,Canned,211.56,STORE-89Z,33,6017.51,False,True,False,False,False,True,False,True,False,False,True
row_07099,PRD-3IFU71,9.157,0.1001,Baking Goods,146.1,STORE-AGY,45,4153.82,False,True,False,False,True,False,False,False,False,True,False
row_07101,PRD-TLHXCM,14.081,0.0,canned,252.32,STORE-DKU,30,5601.77,False,True,False,True,False,True,False,False,False,False,True
row_07102,PRD-ZVRERW,17.708,0.0358,Dairy,94.11,STORE-HL7,23,1423.93,False,False,True,False,True,True,False,False,True,False,False
row_07103,PRD-XLTA8I,13.492,0.0564,Soft Drinks,141.64,STORE-OYG,25,289.07,False,True,False,True,False,True,False,False,True,False,False
row_07104,PRD-M3FQUK,9.273,0.0215,Snack Foods,156.65,STORE-9RG,28,4115.87,False,True,False,True,False,False,True,True,False,True,False
row_07105,PRD-YZSJHT,9.619,0.0221,breads,101.28,STORE-DKU,30,1723.62,False,True,False,True,False,True,False,True,True,False,False
row_07106,PRD-UUSRZR,13.799,0.062,Frozen Foods,156.65,STORE-OYG,25,1446.86,False,True,False,True,False,True,False,True,False,True,False
row_07107,PRD-N6ZV9D,21.681,0.159,FRUITS AND VEGETABLES,66.02,STORE-OYG,25,617.23,False,True,False,True,False,True,False,True,False,False,False
row_07108,PRD-F1RCAV,9.058,0.0,hard drinks,154.02,STORE-HL7,23,3010.76,False,False,True,False,True,True,False,False,False,True,False
row_07109,PRD-CX9J1I,14.435,0.0978,soft drinks,171.14,STORE-AGY,45,3811.91,False,True,False,False,True,False,False,False,False,True,False
row_07110,PRD-00V830,12.850875916323977,0.042,Hard Drinks,229.71,STORE-7WS,47,4479.39,True,False,False,False,True,True,False,False,False,False,True
row_07111,PRD-CU4YYJ,15.529,0.0763,canned,37.66,STORE-89Z,33,344.92,False,True,False,False,False,True,False,False,False,False,False
row_07112,PRD-FZ61II,10.424,0.2473,frozen foods,145.54,STORE-JOR,34,285.3,False,False,False,False,True,True,False,True,False,True,False
row_07113,PRD-CBFCQN,12.850875916323977,0.0208,Baking Goods,115.16,STORE-7WS,47,2336.51,True,False,False,False,True,True,False,False,True,False,False
row_07114,PRD-6Z8VBH,5.897,0.0737,hard drinks,56.85,STORE-AGY,45,493.67,False,True,False,False,True,False,False,False,False,False,False
row_07115,PRD-ZWW54A,20.136,0.1065,Snack Foods,162.62,STORE-9RG,28,4450.03,False,True,False,True,False,False,True,False,False,True,False
row_07116,PRD-2VTJXU,6.261,0.1267,Fruits and Vegetables,47.45,STORE-89Z,33,640.73,False,True,False,False,False,True,False,False,False,False,False
row_07117,PRD-4CK9XH,12.702,0.1074,Household,169.42,STORE-YLW,35,5080.86,False,True,False,False,False,False,True,False,False,True,False
row_07119,PRD-R5JEK1,8.841,0.0342,SNACK FOODS,117.15,STORE-DKU,30,2865.86,False,True,False,True,False,True,False,True,True,False,False
row_07121,PRD-YC4OM3,12.143,0.0111,Dairy,167.29,STORE-DKU,30,2341.8,False,True,False,True,False,True,False,False,False,True,False
row_07122,PRD-KK5FI1,12.192,0.0736,Canned,86.01,STORE-HL7,23,1093.94,False,False,True,False,True,True,False,True,False,False,False
row_07123,PRD-44P39J,10.976,0.0679,frozen foods,253.76,STORE-OYG,25,4250.98,False,True,False,True,False,True,False,True,False,False,True
row_07124,PRD-2X720K,5.635,0.0884,Fruits and Vegetables,88.77,STORE-JOR,34,177.27,False,False,False,False,True,True,False,True,False,False,False
row_07125,PRD-UX01UP,12.850875916323977,0.0,SNACK FOODS,247.29,STORE-7WS,47,4139.27,True,False,False,False,True,True,False,False,False,False,True
row_07126,PRD-6BH3LL,17.73,0.0743,baking goods,113.37,STORE-HL7,23,1006.1,False,False,True,False,True,True,False,False,True,False,False
row_07127,PRD-7FS31F,10.835,0.0577,Fruits and Vegetables,236.79,STORE-9RG,28,7153.34,False,True,False,True,False,False,True,True,False,False,True
row_07128,PRD-1J8NER,6.561,0.0249,HOUSEHOLD,118.52,STORE-DKU,30,2429.61,False,True,False,True,False,True,False,False,True,False,False
row_07129,PRD-7R37F7,10.406,0.0253,Fruits and Vegetables,221.49,STORE-89Z,33,2872.02,False,True,False,False,False,True,False,True,False,False,True
row_07130,PRD-2UHCIN,19.833,0.0267,HOUSEHOLD,186.51,STORE-AGY,45,2981.74,False,True,False,False,True,False,False,False,False,False,True
row_07131,PRD-TZXI9C,17.3,0.1679,Snack Foods,162.1,STORE-JOR,34,163.13,False,False,False,False,True,True,False,False,False,True,False
row_07132,PRD-KUE98H,12.850875916323977,0.1076,BREADS,63.94,STORE-7WS,47,999.21,True,False,False,False,True,True,False,False,False,False,False
row_07133,PRD-XBXTLN,21.001,0.1428,Starchy Foods,91.73,STORE-AGY,45,1573.63,False,True,False,False,True,False,False,False,False,False,False
row_07134,PRD-4TJITP,12.850875916323977,0.0688,FRUITS AND VEGETABLES,115.08,STORE-T5G,47,232.13,False,False,False,False,False,False,True,False,True,False,False
row_07135,PRD-9R9NDL,12.850875916323977,0.0124,Snack Foods,135.77,STORE-7WS,47,4498.69,True,False,False,False,True,True,False,True,True,False,False
row_07137,PRD-5URYBL,8.164,0.1918,HOUSEHOLD,165.76,STORE-JOR,34,329.58,False,False,False,False,True,True,False,False,False,True,False
row_07139,PRD-YZB4K8,17.29,0.0161,Fruits and Vegetables,47.95,STORE-YLW,35,797.63,False,True,False,False,False,False,True,True,False,False,False
row_07141,PRD-O0V3Z0,20.022,0.1076,Canned,94.3,STORE-DKU,30,1349.4,False,True,False,True,False,True,False,True,True,False,False
row_07143,PRD-CEEQ2B,9.278,0.0325,FRUITS AND VEGETABLES,112.94,STORE-DKU,30,1658.81,False,True,False,True,False,True,False,False,True,False,False
row_07144,PRD-FSOZPT,20.003,0.1245,Soft Drinks,232.06,STORE-JOR,34,458.9,False,False,False,False,True,True,False,True,False,False,True
row_07145,PRD-MSK8AG,18.036,0.0887,dairy,180.03,STORE-DKU,30,2894.08,False,True,False,True,False,True,False,False,False,True,False
row_07146,PRD-JMV47T,6.229,0.0103,meat,149.53,STORE-9RG,28,2268.02,False,True,False,True,False,False,True,True,False,True,False
row_07147,PRD-PF9A0N,4.855,0.0395,Dairy,123.92,STORE-AGY,45,2528.8,False,True,False,False,True,False,False,True,True,False,False
row_07148,PRD-Y54CLR,19.874,0.1297,SNACK FOODS,167.97,STORE-DKU,30,2005.27,False,True,False,True,False,True,False,True,False,True,False
row_07149,PRD-I1E9QQ,7.744,0.1932,Household,250.43,STORE-YLW,35,5259.79,False,True,False,False,False,False,True,False,False,False,True
row_07150,PRD-FGGUXT,5.7,0.0555,SNACK FOODS,62.43,STORE-HL7,23,1208.62,False,False,True,False,True,True,False,True,False,False,False
row_07151,PRD-P5GVBS,11.942,0.1491,Dairy,244.98,STORE-OYG,25,4131.92,False,True,False,True,False,True,False,True,False,False,True
row_07153,PRD-YZB4K8,17.454,0.0289,Fruits and Vegetables,50.12,STORE-JOR,34,92.38,False,False,False,False,True,True,False,True,False,False,False
row_07154,PRD-BF343R,19.443,0.0,FROZEN FOODS,125.64,STORE-YLW,35,1737.7,False,True,False,False,False,False,True,True,True,False,False
row_07156,PRD-DSN8CW,12.850875916323977,0.0782,snack foods,170.86,STORE-T5G,47,335.27,False,False,False,False,False,False,True,True,False,True,False
row_07157,PRD-0DTSNL,8.978,0.0332,HOUSEHOLD,100.37,STORE-9RG,28,1943.02,False,True,False,True,False,False,True,False,True,False,False
row_07158,PRD-LCSXU1,12.850875916323977,0.057,BAKING GOODS,166.98,STORE-7WS,47,5716.91,True,False,False,False,True,True,False,True,False,True,False
row_07159,PRD-YWIQC5,20.349,0.0294,fruits and vegetables,45.54,STORE-HL7,23,176.08,False,False,True,False,True,True,False,True,False,False,False
row_07160,PRD-YDT7CU,14.867,0.0635,BREADS,263.03,STORE-YLW,35,4512.2,False,True,False,False,False,False,True,True,False,False,True
row_07161,PRD-7JHXTX,12.850875916323977,0.1263,household,181.31,STORE-7WS,47,7783.59,True,False,False,False,True,True,False,False,False,True,False
row_07162,PRD-1XRZN0,15.304,0.0212,Canned,223.3,STORE-HL7,23,1599.83,False,False,True,False,True,True,False,False,False,False,True
row_07163,PRD-XSDJWS,18.205,0.1523,Frozen Foods,202.91,STORE-JOR,34,204.82,False,False,False,False,True,True,False,False,False,False,True
row_07164,PRD-UN5Z3J,13.389,0.046,Soft Drinks,175.17,STORE-OYG,25,4538.96,False,True,False,True,False,True,False,True,False,True,False
row_07165,PRD-XQL9QP,5.693,0.0669,Breads,256.22,STORE-YLW,35,2044.04,False,True,False,False,False,False,True,True,False,False,True
row_07166,PRD-JLC90O,16.687,0.026,Canned,142.84,STORE-OYG,25,2353.82,False,True,False,True,False,True,False,True,False,True,False
row_07167,PRD-7Y6KY9,20.637,0.0318,Baking Goods,176.33,STORE-AGY,45,1372.08,False,True,False,False,True,False,False,False,False,True,False
row_07168,PRD-SQ8X3A,17.828,0.0601,baking goods,89.17,STORE-AGY,45,554.03,False,True,False,False,True,False,False,True,False,False,False
row_07169,PRD-GV2TFK,7.158,0.0447,health and hygiene,98.57,STORE-HL7,23,2040.71,False,False,True,False,True,True,False,False,True,False,False
row_07171,PRD-SB61LG,20.911,0.0474,Fruits and Vegetables,190.79,STORE-9RG,28,4109.17,False,True,False,True,False,False,True,True,False,False,True
row_07172,PRD-FUST21,5.583,0.1947,Baking Goods,87.02,STORE-JOR,34,91.34,False,False,False,False,True,True,False,True,False,False,False
row_07174,PRD-1FO2WB,8.406,0.0248,frozen foods,109.64,STORE-9RG,28,2259.4,False,True,False,True,False,False,True,True,True,False,False
row_07175,PRD-3S195J,4.735,0.2136,HARD DRINKS,172.39,STORE-JOR,34,165.92,False,False,False,False,True,True,False,False,False,True,False
row_07176,PRD-0FM2N0,17.488,0.0472,Meat,148.41,STORE-89Z,33,1865.52,False,True,False,False,False,True,False,False,False,True,False
row_07177,PRD-377V1I,16.891,0.073,Baking Goods,190.61,STORE-9RG,28,567.54,False,True,False,True,False,False,True,True,False,False,True
row_07178,PRD-YUXGFA,11.283,0.0386,Snack Foods,106.96,STORE-HL7,23,1901.15,False,False,True,False,True,True,False,True,True,False,False
row_07179,PRD-G7JPM7,6.487,0.0109,SNACK FOODS,58.43,STORE-DKU,30,334.25,False,True,False,True,False,True,False,True,False,False,False
row_07180,PRD-SE05IT,20.948,0.0595,BAKING GOODS,227.95,STORE-AGY,45,2871.13,False,True,False,False,True,False,False,False,False,False,True
row_07182,PRD-KINNDW,21.044,0.0196,FROZEN FOODS,82.31,STORE-AGY,45,1404.84,False,True,False,False,True,False,False,True,False,False,False
row_07183,PRD-WJGHF5,20.151,0.1531,Canned,259.16,STORE-89Z,33,3039.98,False,True,False,False,False,True,False,True,False,False,True
row_07184,PRD-FL1299,12.850875916323977,0.0501,canned,82.27,STORE-7WS,47,3621.12,True,False,False,False,True,True,False,True,False,False,False
row_07185,PRD-34LIE3,16.285,0.1375,Canned,96.48,STORE-DKU,30,1449.76,False,True,False,True,False,True,False,False,True,False,False
row_07186,PRD-9KE7J2,15.585,0.0815,breads,177.75,STORE-AGY,45,2530.14,False,True,False,False,True,False,False,False,False,True,False
row_07187,PRD-69JGC3,8.93,0.1719,MEAT,154.89,STORE-DKU,30,2493.55,False,True,False,True,False,True,False,True,False,True,False
row_07188,PRD-Y23CCL,9.631,0.0211,meat,199.47,STORE-YLW,35,3403.87,False,True,False,False,False,False,True,True,False,False,True
row_07189,PRD-NVTANM,12.850875916323977,0.0583,fruits and vegetables,133.77,STORE-7WS,47,4688.3,True,False,False,False,True,True,False,True,True,False,False
row_07190,PRD-6THSXO,10.626,0.0446,frozen foods,105.63,STORE-JOR,34,419.18,False,False,False,False,True,True,False,False,True,False,False
row_07191,PRD-MAA7H7,15.046,0.0972,Snack Foods,50.55,STORE-DKU,30,1106.79,False,True,False,True,False,True,False,True,False,False,False
row_07192,PRD-1UQBFO,12.850875916323977,0.067,hard drinks,46.88,STORE-7WS,47,1295.32,True,False,False,False,True,True,False,False,False,False,False
row_07193,PRD-567H48,12.850875916323977,0.0413,FROZEN FOODS,92.85,STORE-7WS,47,3935.32,True,False,False,False,True,True,False,True,False,False,False
row_07194,PRD-U02KQN,19.32,0.0265,Health and Hygiene,149.35,STORE-OYG,25,2878.63,False,True,False,True,False,True,False,False,False,True,False
row_07195,PRD-AVAYTG,10.06,0.0501,Canned,78.71,STORE-AGY,45,233.69,False,True,False,False,True,False,False,True,False,False,False
row_07197,PRD-N64XL2,21.247,0.117,Dairy,90.72,STORE-YLW,35,1361.92,False,True,False,False,False,False,True,True,False,False,False
row_07198,PRD-32WT59,19.836,0.0819,Baking Goods,180.44,STORE-89Z,33,3826.8,False,True,False,False,False,True,False,False,False,True,False
row_07199,PRD-TOPS2I,20.203,0.0883,BREAKFAST,186.82,STORE-9RG,28,4840.15,False,True,False,True,False,False,True,False,False,False,True
row_07200,PRD-6O0HUH,20.09,0.0156,Fruits and Vegetables,238.85,STORE-HL7,23,3429.78,False,False,True,False,True,True,False,True,False,False,True
row_07201,PRD-OFJA5N,5.327,0.0551,canned,194.85,STORE-AGY,45,2369.89,False,True,False,False,True,False,False,True,False,False,True
row_07202,PRD-TOTSN5,17.506,0.0,STARCHY FOODS,47.31,STORE-YLW,35,334.04,False,True,False,False,False,False,True,True,False,False,False
row_07203,PRD-192YWO,12.186,0.0266,CANNED,56.3,STORE-YLW,35,845.42,False,True,False,False,False,False,True,False,False,False,False
row_07204,PRD-NI9NWR,11.825,0.0,health and hygiene,40.32,STORE-OYG,25,1471.54,False,True,False,True,False,True,False,False,False,False,False
row_07207,PRD-HBRPOI,11.571,0.0662,SOFT DRINKS,141.01,STORE-JOR,34,288.41,False,False,False,False,True,True,False,False,True,False,False
row_07209,PRD-TKW2J2,12.850875916323977,0.0949,Breads,224.46,STORE-T5G,47,217.3,False,False,False,False,False,False,True,True,False,False,True
row_07210,PRD-APC4XY,7.155,0.0637,Baking Goods,61.0,STORE-JOR,34,120.24,False,False,False,False,True,True,False,True,False,False,False
row_07211,PRD-QP5M3G,7.203,0.0147,canned,92.58,STORE-YLW,35,1593.72,False,True,False,False,False,False,True,False,False,False,False
row_07212,PRD-4TJITP,8.16,0.0406,fruits and vegetables,114.92,STORE-YLW,35,1847.72,False,True,False,False,False,False,True,False,True,False,False
row_07213,PRD-OECBPM,18.219,0.0447,HARD DRINKS,169.53,STORE-YLW,35,2316.95,False,True,False,False,False,False,True,False,False,True,False
row_07214,PRD-0FOH3H,12.850875916323977,0.0505,dairy,143.71,STORE-T5G,47,275.61,False,False,False,False,False,False,True,True,False,True,False
row_07215,PRD-SUSDFO,5.409,0.0418,Baking Goods,158.39,STORE-9RG,28,3336.32,False,True,False,True,False,False,True,True,False,True,False
row_07216,PRD-M2PZNT,14.532,0.0188,others,166.59,STORE-HL7,23,1956.26,False,False,True,False,True,True,False,False,False,True,False
row_07217,PRD-2I4RKK,12.850875916323977,0.0,Health and Hygiene,64.62,STORE-7WS,47,1333.71,True,False,False,False,True,True,False,False,False,False,False
row_07218,PRD-I85FVO,19.595,0.0667,Household,65.62,STORE-YLW,35,978.93,False,True,False,False,False,False,True,False,False,False,False
row_07220,PRD-COMXJF,9.028,0.1795,BAKING GOODS,127.25,STORE-9RG,28,2501.73,False,True,False,True,False,False,True,False,True,False,False
row_07221,PRD-YOZV8C,17.716,0.2921,Household,178.7,STORE-JOR,34,505.63,False,False,False,False,True,True,False,False,False,True,False
row_07222,PRD-FYZF7M,14.195,0.0858,health and hygiene,157.48,STORE-9RG,28,2476.34,False,True,False,True,False,False,True,False,False,True,False
row_07223,PRD-0B58ST,16.705,0.008,Canned,97.93,STORE-89Z,33,2357.91,False,True,False,False,False,True,False,True,True,False,False
row_07224,PRD-Q8V88B,4.53,0.1013,Canned,227.23,STORE-DKU,30,2642.47,False,True,False,True,False,True,False,True,False,False,True
row_07226,PRD-0V6RAS,11.955,0.0504,FRUITS AND VEGETABLES,165.56,STORE-AGY,45,2073.69,False,True,False,False,True,False,False,True,False,True,False
row_07227,PRD-NI9NWR,11.8,0.0809,health and hygiene,37.59,STORE-YLW,35,791.01,False,True,False,False,False,False,True,False,False,False,False
row_07230,PRD-AN63XD,13.449,0.0059,FROZEN FOODS,188.02,STORE-HL7,23,1794.26,False,False,True,False,True,True,False,False,False,False,True
row_07231,PRD-I7KBCW,14.768,0.0846,Meat,189.49,STORE-HL7,23,3170.09,False,False,True,False,True,True,False,False,False,False,True
row_07232,PRD-JVZA65,12.308,0.0346,Snack Foods,145.93,STORE-JOR,34,302.54,False,False,False,False,True,True,False,False,False,True,False
row_07233,PRD-3G4UNX,5.001,0.1189,Canned,197.21,STORE-DKU,30,3091.12,False,True,False,True,False,True,False,False,False,False,True
row_07234,PRD-Z5LSCA,7.698,0.0343,DAIRY,119.8,STORE-9RG,28,1977.49,False,True,False,True,False,False,True,False,True,False,False
row_07236,PRD-8DPOY7,12.287,0.007,Household,41.76,STORE-89Z,33,1004.3,False,True,False,False,False,True,False,False,False,False,False
row_07237,PRD-HFH2XF,14.628,0.0701,Breads,108.44,STORE-JOR,34,337.46,False,False,False,False,True,True,False,True,True,False,False
row_07238,PRD-1H8OJR,7.972,0.0691,Hard Drinks,38.26,STORE-AGY,45,793.62,False,True,False,False,True,False,False,False,False,False,False
row_07240,PRD-69JGC3,8.837,0.1681,meat,146.73,STORE-HL7,23,2305.45,False,False,True,False,True,True,False,True,False,True,False
row_07241,PRD-JDWCJC,16.848,0.0619,Snack Foods,62.57,STORE-AGY,45,340.38,False,True,False,False,True,False,False,True,False,False,False
row_07242,PRD-58B6PJ,15.678,0.0641,Dairy,75.63,STORE-9RG,28,1103.79,False,True,False,True,False,False,True,True,False,False,False
row_07244,PRD-XLTA8I,13.066,0.0559,SOFT DRINKS,140.41,STORE-89Z,33,871.1,False,True,False,False,False,True,False,False,True,False,False
row_07245,PRD-H8YZWJ,9.488,0.0931,CANNED,143.06,STORE-DKU,30,2781.49,False,True,False,True,False,True,False,False,False,True,False
row_07246,PRD-7B1U9E,10.713,0.0435,household,172.66,STORE-JOR,34,177.64,False,False,False,False,True,True,False,False,False,True,False
row_07247,PRD-0G6HSH,6.253,0.0833,Baking Goods,155.91,STORE-OYG,25,1897.57,False,True,False,True,False,True,False,True,False,True,False
row_07249,PRD-1MJQUE,16.616,0.0948,Baking Goods,97.81,STORE-HL7,23,1695.26,False,False,True,False,True,True,False,True,True,False,False
row_07252,PRD-KDNQ4G,21.006,0.0201,snack foods,122.57,STORE-AGY,45,3166.05,False,True,False,False,True,False,False,False,True,False,False
row_07253,PRD-6SCK8E,10.962,0.0482,Household,181.58,STORE-89Z,33,4912.71,False,True,False,False,False,True,False,False,False,True,False
row_07254,PRD-HFVMHX,8.256,0.0196,Health and Hygiene,238.45,STORE-HL7,23,3667.71,False,False,True,False,True,True,False,False,False,False,True
row_07255,PRD-7MFP05,14.353,0.0357,soft drinks,42.18,STORE-89Z,33,155.47,False,True,False,False,False,True,False,False,False,False,False
row_07256,PRD-VQPG4P,10.8,0.0471,Others,169.85,STORE-9RG,28,2415.42,False,True,False,True,False,False,True,False,False,True,False
row_07257,PRD-X6M52Y,12.850875916323977,0.0188,Canned,85.58,STORE-7WS,47,1948.31,True,False,False,False,True,True,False,True,False,False,False
row_07259,PRD-P1LPTS,16.75,0.1183,household,256.24,STORE-9RG,28,771.95,False,True,False,True,False,False,True,False,False,False,True
row_07260,PRD-1LWNLR,10.963,0.0551,Baking Goods,244.58,STORE-OYG,25,2456.74,False,True,False,True,False,True,False,False,False,False,True
row_07262,PRD-75E78H,7.385,0.0308,Household,174.26,STORE-DKU,30,2704.96,False,True,False,True,False,True,False,False,False,True,False
row_07263,PRD-FG1BKU,6.627,0.1083,Household,83.52,STORE-DKU,30,2549.3,False,True,False,True,False,True,False,False,False,False,False
row_07264,PRD-YL84PO,9.106,0.0136,snack foods,197.28,STORE-HL7,23,2170.72,False,False,True,False,True,True,False,True,False,False,True
row_07265,PRD-2UHCIN,19.683,0.0264,Household,181.24,STORE-9RG,28,3277.37,False,True,False,True,False,False,True,False,False,True,False
row_07266,PRD-Q4MPR9,9.711,0.0301,Snack Foods,163.3,STORE-9RG,28,4172.88,False,True,False,True,False,False,True,False,False,True,False
row_07267,PRD-TKLX6O,13.949,0.0207,Fruits and Vegetables,126.98,STORE-HL7,23,1301.95,False,False,True,False,True,True,False,False,True,False,False
row_07268,PRD-1H8OJR,8.05,0.1166,hard drinks,37.46,STORE-JOR,34,73.27,False,False,False,False,True,True,False,False,False,False,False
row_07269,PRD-4ILMK5,17.642,0.0824,Health and Hygiene,164.4,STORE-AGY,45,1303.66,False,True,False,False,True,False,False,False,False,True,False
row_07270,PRD-1WW0WD,14.02,0.078,Baking Goods,84.01,STORE-DKU,30,846.23,False,True,False,True,False,True,False,False,False,False,False
row_07271,PRD-VRURQT,15.64,0.0654,dairy,181.62,STORE-89Z,33,2367.25,False,True,False,False,False,True,False,True,False,True,False
row_07272,PRD-6192K4,16.131,0.1067,Soft Drinks,59.05,STORE-89Z,33,686.38,False,True,False,False,False,True,False,False,False,False,False
row_07273,PRD-YOZV8C,16.962,0.1682,household,180.08,STORE-9RG,28,2198.36,False,True,False,True,False,False,True,False,False,True,False
row_07274,PRD-097IYP,11.873,0.0273,Canned,40.68,STORE-AGY,45,411.13,False,True,False,False,True,False,False,True,False,False,False
row_07275,PRD-9P452B,8.946,0.0741,hard drinks,234.92,STORE-OYG,25,1908.26,False,True,False,True,False,True,False,False,False,False,True
row_07276,PRD-P2F8UZ,12.850875916323977,0.0938,HOUSEHOLD,194.56,STORE-T5G,47,188.97,False,False,False,False,False,False,True,False,False,False,True
row_07278,PRD-8WJAI7,9.113,0.064,Snack Foods,179.71,STORE-HL7,23,1075.59,False,False,True,False,True,True,False,False,False,True,False
row_07279,PRD-5Z8FE8,18.363,0.0104,Household,207.8,STORE-HL7,23,2518.83,False,False,True,False,True,True,False,False,False,False,True
row_07280,PRD-GZ27FH,16.537,0.061,Canned,98.12,STORE-9RG,28,1018.72,False,True,False,True,False,False,True,False,True,False,False
row_07281,PRD-9C3FUQ,15.95,0.1442,Hard Drinks,258.38,STORE-89Z,33,2785.92,False,True,False,False,False,True,False,False,False,False,True
row_07282,PRD-0JL6QK,19.238,0.1255,SNACK FOODS,105.14,STORE-AGY,45,1259.36,False,True,False,False,True,False,False,False,True,False,False
row_07283,PRD-1FT8J9,11.978,0.1425,HEALTH AND HYGIENE,221.12,STORE-89Z,33,3468.66,False,True,False,False,False,True,False,False,False,False,True
row_07284,PRD-IHO2KG,13.418,0.0819,frozen foods,260.16,STORE-YLW,35,4263.84,False,True,False,False,False,False,True,True,False,False,True
row_07285,PRD-RMB8Q9,12.850875916323977,0.0364,HEALTH AND HYGIENE,86.25,STORE-7WS,47,2008.98,True,False,False,False,True,True,False,False,False,False,False
row_07286,PRD-4HX6BQ,10.385,0.0235,Canned,121.02,STORE-HL7,23,1587.6,False,False,True,False,True,True,False,False,True,False,False
row_07287,PRD-N3QXKH,14.186,0.0853,Dairy,229.41,STORE-AGY,45,1102.9,False,True,False,False,True,False,False,False,False,False,True
row_07289,PRD-UL2AE5,9.683,0.0248,Health and Hygiene,117.12,STORE-9RG,28,1318.04,False,True,False,True,False,False,True,False,True,False,False
row_07290,PRD-VTTR5G,14.16,0.0934,Breakfast,240.24,STORE-JOR,34,232.53,False,False,False,False,True,True,False,True,False,False,True
row_07291,PRD-LAVSML,11.927,0.0412,fruits and vegetables,183.1,STORE-HL7,23,5515.53,False,False,True,False,True,True,False,False,False,True,False
row_07293,PRD-IV473J,19.545,0.0183,Frozen Foods,178.27,STORE-AGY,45,3526.22,False,True,False,False,True,False,False,True,False,True,False
row_07294,PRD-JJ4AL0,20.068,0.0406,FROZEN FOODS,107.02,STORE-DKU,30,1948.91,False,True,False,True,False,True,False,False,True,False,False
row_07295,PRD-9LB7L5,12.850875916323977,0.1746,dairy,160.43,STORE-7WS,47,4529.97,True,False,False,False,True,True,False,True,False,True,False
row_07296,PRD-MH7GX8,12.850875916323977,0.1713,DAIRY,54.11,STORE-T5G,47,106.41,False,False,False,False,False,False,True,False,False,False,False
row_07297,PRD-0B58ST,16.899,0.0079,Canned,102.96,STORE-AGY,45,1499.37,False,True,False,False,True,False,False,True,True,False,False
row_07298,PRD-LBIPQF,17.319,0.0479,Fruits and Vegetables,127.75,STORE-9RG,28,2036.75,False,True,False,True,False,False,True,True,True,False,False
row_07299,PRD-GSEMU5,6.622,0.0306,fruits and vegetables,77.97,STORE-OYG,25,1151.25,False,True,False,True,False,True,False,True,False,False,False
row_07300,PRD-93OBAJ,8.296,0.1115,Snack Foods,175.47,STORE-OYG,25,2938.8,False,True,False,True,False,True,False,True,False,True,False
row_07302,PRD-OQ0Y2Z,15.61,0.0565,BAKING GOODS,197.23,STORE-AGY,45,1799.08,False,True,False,False,True,False,False,False,False,False,True
row_07305,PRD-FVHC3D,17.559,0.0765,seafood,34.38,STORE-89Z,33,200.9,False,True,False,False,False,True,False,False,False,False,False
row_07306,PRD-I7KBCW,15.142,0.0838,MEAT,185.19,STORE-DKU,30,1792.38,False,True,False,True,False,True,False,False,False,True,False
row_07307,PRD-AVAYTG,12.850875916323977,0.0,canned,76.68,STORE-T5G,47,410.42,False,False,False,False,False,False,True,True,False,False,False
row_07308,PRD-HBZ5J3,12.850875916323977,0.0546,baking goods,105.27,STORE-7WS,47,2304.44,True,False,False,False,True,True,False,False,True,False,False
row_07309,PRD-HR8X8C,13.165,0.1246,Starchy Foods,93.84,STORE-9RG,28,2037.09,False,True,False,True,False,False,True,True,True,False,False
row_07310,PRD-J28SY2,15.663,0.1323,BAKING GOODS,264.19,STORE-JOR,34,522.21,False,False,False,False,True,True,False,True,False,False,True
row_07311,PRD-1IQXZX,15.993,0.0451,FROZEN FOODS,44.26,STORE-89Z,33,484.35,False,True,False,False,False,True,False,False,False,False,False
row_07312,PRD-2RFKBT,8.705,0.0531,HOUSEHOLD,146.62,STORE-9RG,28,3052.74,False,True,False,True,False,False,True,False,False,True,False
row_07313,PRD-41CMGC,7.257,0.0417,fruits and vegetables,223.39,STORE-OYG,25,2045.84,False,True,False,True,False,True,False,False,False,False,True
row_07314,PRD-DJKDFR,17.854,0.0144,FRUITS AND VEGETABLES,154.87,STORE-89Z,33,3762.51,False,True,False,False,False,True,False,False,False,True,False
row_07316,PRD-21520R,15.278,0.0256,Snack Foods,85.92,STORE-HL7,23,1475.08,False,False,True,False,True,True,False,False,False,False,False
row_07318,PRD-S2II06,14.296,0.1109,Baking Goods,53.99,STORE-OYG,25,957.3,False,True,False,True,False,True,False,False,False,False,False
row_07319,PRD-CHPZ5T,19.186,0.0,HEALTH AND HYGIENE,216.95,STORE-JOR,34,1512.59,False,False,False,False,True,True,False,False,False,False,True
row_07321,PRD-H8YZWJ,9.201,0.1506,Canned,142.47,STORE-JOR,34,278.91,False,False,False,False,True,True,False,False,False,True,False
row_07322,PRD-JXVIHM,19.468,0.026,Household,127.68,STORE-OYG,25,2908.76,False,True,False,True,False,True,False,False,True,False,False
row_07323,PRD-MX6K0J,19.989,0.063,Health and Hygiene,124.73,STORE-AGY,45,875.13,False,True,False,False,True,False,False,False,True,False,False
row_07325,PRD-I3MWRM,16.459,0.0565,MEAT,163.24,STORE-JOR,34,158.37,False,False,False,False,True,True,False,False,False,True,False
row_07326,PRD-76RKQ4,12.850875916323977,0.046,Dairy,236.99,STORE-T5G,47,491.18,False,False,False,False,False,False,True,False,False,False,True
row_07327,PRD-1QV3CG,8.598,0.0411,FRUITS AND VEGETABLES,196.71,STORE-9RG,28,2184.1,False,True,False,True,False,False,True,True,False,False,True
row_07328,PRD-ZFV8YU,7.661,0.0534,Fruits and Vegetables,133.19,STORE-89Z,33,627.13,False,True,False,False,False,True,False,False,True,False,False
row_07329,PRD-X5SMJY,19.074,0.0,household,216.17,STORE-9RG,28,3525.44,False,True,False,True,False,False,True,False,False,False,True
row_07330,PRD-MSK8AG,12.850875916323977,0.0839,Dairy,175.96,STORE-7WS,47,4153.52,True,False,False,False,True,True,False,False,False,True,False
row_07331,PRD-NDSUDE,12.850875916323977,0.0382,fruits and vegetables,106.18,STORE-DKU,30,901.01,False,True,False,True,False,True,False,True,True,False,False
row_07332,PRD-ETAGHN,6.632,0.0222,Snack Foods,204.38,STORE-YLW,35,5930.33,False,True,False,False,False,False,True,True,False,False,True
row_07333,PRD-EFRJYJ,5.471,0.1448,Seafood,177.19,STORE-DKU,30,2187.79,False,True,False,True,False,True,False,True,False,True,False
row_07335,PRD-CVIYJK,11.542,0.021,DAIRY,87.0,STORE-HL7,23,834.74,False,False,True,False,True,True,False,True,False,False,False
row_07336,PRD-GNJ6OM,15.917,0.1049,BAKING GOODS,181.6,STORE-AGY,45,4265.06,False,True,False,False,True,False,False,True,False,True,False
row_07337,PRD-JEIR9U,9.785,0.0703,Snack Foods,234.12,STORE-89Z,33,3073.18,False,True,False,False,False,True,False,False,False,False,True
row_07338,PRD-H4CI9H,12.850875916323977,0.0365,MEAT,178.49,STORE-7WS,47,4556.35,True,False,False,False,True,True,False,True,False,True,False
row_07339,PRD-ZL5GJ8,12.850875916323977,0.0557,Meat,152.71,STORE-7WS,47,2888.32,True,False,False,False,True,True,False,False,False,True,False
row_07340,PRD-NVTANM,6.993,0.0602,Fruits and Vegetables,128.44,STORE-DKU,30,3318.93,False,True,False,True,False,True,False,True,True,False,False
row_07341,PRD-DP03EH,7.198,0.167,Dairy,207.97,STORE-HL7,23,3202.71,False,False,True,False,True,True,False,False,False,False,True
row_07342,PRD-2P3YVB,5.136,0.0,Soft Drinks,193.54,STORE-DKU,30,4761.78,False,True,False,True,False,True,False,False,False,False,True
row_07343,PRD-MWWJPG,13.194,0.148,Canned,75.15,STORE-89Z,33,764.21,False,True,False,False,False,True,False,False,False,False,False
row_07344,PRD-UIB5SQ,10.0,0.0281,meat,77.32,STORE-AGY,45,310.64,False,True,False,False,True,False,False,False,False,False,False
row_07345,PRD-WG1IQ4,19.905,0.0439,fruits and vegetables,127.13,STORE-HL7,23,1710.41,False,False,True,False,True,True,False,False,True,False,False
row_07346,PRD-KYKE9F,12.850875916323977,0.0385,snack foods,234.22,STORE-7WS,47,6818.43,True,False,False,False,True,True,False,False,False,False,True
row_07347,PRD-TBZO2W,14.096,0.171,FROZEN FOODS,137.21,STORE-JOR,34,136.0,False,False,False,False,True,True,False,True,True,False,False
row_07348,PRD-6IUUKZ,11.149,0.0332,Frozen Foods,151.94,STORE-AGY,45,1120.23,False,True,False,False,True,False,False,True,False,True,False
row_07349,PRD-40V1GK,17.732,0.0,Snack Foods,251.64,STORE-9RG,28,4500.39,False,True,False,True,False,False,True,False,False,False,True
row_07350,PRD-U0CRF5,13.937,0.0246,fruits and vegetables,200.7,STORE-YLW,35,2434.04,False,True,False,False,False,False,True,True,False,False,True
row_07351,PRD-L11FC6,20.047,0.0188,Meat,103.44,STORE-9RG,28,1814.71,False,True,False,True,False,False,True,True,True,False,False
row_07352,PRD-VP8H4N,8.304,0.0951,Canned,51.88,STORE-HL7,23,963.61,False,False,True,False,True,True,False,False,False,False,False
row_07353,PRD-A46JZO,12.850875916323977,0.0209,health and hygiene,47.4,STORE-T5G,47,95.58,False,False,False,False,False,False,True,False,False,False,False
row_07355,PRD-B2HWYW,20.049,0.025,HOUSEHOLD,50.41,STORE-OYG,25,149.73,False,True,False,True,False,True,False,False,False,False,False
row_07359,PRD-PTOMJB,8.153,0.0,soft drinks,174.09,STORE-DKU,30,2686.85,False,True,False,True,False,True,False,False,False,True,False
row_07361,PRD-DJKDFR,18.009,0.0142,Fruits and Vegetables,157.31,STORE-9RG,28,2949.64,False,True,False,True,False,False,True,False,False,True,False
row_07363,PRD-F6EGQO,15.402,0.0841,SNACK FOODS,217.68,STORE-OYG,25,5242.75,False,True,False,True,False,True,False,False,False,False,True
row_07364,PRD-ZVRERW,17.338,0.0611,Dairy,91.59,STORE-JOR,34,88.71,False,False,False,False,True,True,False,False,False,False,False
row_07365,PRD-60GBFW,13.498,0.04,Frozen Foods,33.84,STORE-OYG,25,612.43,False,True,False,True,False,True,False,False,False,False,False
row_07366,PRD-KF9QCF,17.229,0.1302,Health and Hygiene,36.7,STORE-JOR,34,139.81,False,False,False,False,True,True,False,False,False,False,False
row_07367,PRD-R2LIOG,9.063,0.0613,dairy,152.2,STORE-9RG,28,2647.39,False,True,False,True,False,False,True,False,False,True,False
row_07368,PRD-YLXYXL,7.435,0.0,baking goods,76.89,STORE-YLW,35,2233.48,False,True,False,False,False,False,True,False,False,False,False
row_07369,PRD-Z16UFZ,18.239,0.0164,snack foods,151.45,STORE-AGY,45,3240.13,False,True,False,False,True,False,False,False,False,True,False
row_07371,PRD-R9QIKQ,12.850875916323977,0.1141,Baking Goods,92.61,STORE-T5G,47,653.49,False,False,False,False,False,False,True,False,False,False,False
row_07372,PRD-3A1DU1,5.863,0.0,HOUSEHOLD,164.79,STORE-AGY,45,2442.93,False,True,False,False,True,False,False,False,False,True,False
row_07373,PRD-OQ0Y2Z,16.145,0.0533,Baking Goods,192.28,STORE-89Z,33,2692.65,False,True,False,False,False,True,False,False,False,False,True
row_07374,PRD-7U00JT,7.904,0.0375,Seafood,105.15,STORE-JOR,34,439.75,False,False,False,False,True,True,False,False,True,False,False
row_07376,PRD-MHJ45L,16.87,0.0146,FROZEN FOODS,74.96,STORE-9RG,28,761.05,False,True,False,True,False,False,True,False,False,False,False
row_07377,PRD-1FEQOX,19.22,0.0869,snack foods,257.06,STORE-AGY,45,2053.68,False,True,False,False,True,False,False,False,False,False,True
row_07378,PRD-AEYV7C,12.222,0.146,Fruits and Vegetables,101.44,STORE-89Z,33,1377.43,False,True,False,False,False,True,False,False,True,False,False
row_07379,PRD-FGGUXT,5.74,0.0567,snack foods,66.59,STORE-9RG,28,448.43,False,True,False,True,False,False,True,True,False,False,False
row_07381,PRD-KGPPR8,19.906,0.0637,Baking Goods,164.24,STORE-DKU,30,2688.43,False,True,False,True,False,True,False,True,False,True,False
row_07382,PRD-5CI6VG,16.027,0.062,DAIRY,147.97,STORE-YLW,35,1510.82,False,True,False,False,False,False,True,False,False,True,False
row_07383,PRD-MQEEB6,17.269,0.0696,Canned,76.45,STORE-OYG,25,751.83,False,True,False,True,False,True,False,False,False,False,False
row_07384,PRD-5UL5NW,12.850875916323977,0.0491,DAIRY,84.96,STORE-7WS,47,1511.22,True,False,False,False,True,True,False,False,False,False,False
row_07385,PRD-PLCL5F,18.337,0.0263,Baking Goods,127.25,STORE-DKU,30,3227.16,False,True,False,True,False,True,False,False,True,False,False
row_07386,PRD-AANYGU,12.883,0.0324,snack foods,175.35,STORE-HL7,23,3392.12,False,False,True,False,True,True,False,False,False,True,False
row_07387,PRD-V2V1IT,10.119,0.0483,Frozen Foods,142.83,STORE-HL7,23,2319.46,False,False,True,False,True,True,False,False,False,True,False
row_07388,PRD-PF9A0N,4.796,0.0386,Dairy,127.36,STORE-HL7,23,3706.18,False,False,True,False,True,True,False,True,True,False,False
row_07389,PRD-UHZ6A8,9.366,0.0431,hard drinks,127.82,STORE-AGY,45,1643.64,False,True,False,False,True,False,False,False,True,False,False
row_07390,PRD-OM3ZAQ,15.613,0.0311,Snack Foods,245.72,STORE-89Z,33,5295.5,False,True,False,False,False,True,False,True,False,False,True
row_07391,PRD-I3MWRM,12.850875916323977,0.0314,Meat,170.04,STORE-7WS,47,5369.31,True,False,False,False,True,True,False,False,False,True,False
row_07392,PRD-2BSMEB,12.850875916323977,0.0377,BAKING GOODS,48.85,STORE-7WS,47,2042.86,True,False,False,False,True,True,False,False,False,False,False
row_07393,PRD-8D7CED,12.162,0.0711,STARCHY FOODS,123.43,STORE-HL7,23,1737.07,False,False,True,False,True,True,False,False,True,False,False
row_07395,PRD-CUZREN,14.051,0.059,dairy,250.1,STORE-DKU,30,1465.64,False,True,False,True,False,True,False,False,False,False,True
row_07398,PRD-Z45QF8,9.616,0.0512,SNACK FOODS,259.9,STORE-DKU,30,4905.81,False,True,False,True,False,True,False,False,False,False,True
row_07399,PRD-L532UU,12.850875916323977,0.0304,dairy,261.69,STORE-7WS,47,4496.64,True,False,False,False,True,True,False,False,False,False,True
row_07400,PRD-PJ1TV2,18.004,0.0514,Fruits and Vegetables,138.64,STORE-JOR,34,268.57,False,False,False,False,True,True,False,True,True,False,False
row_07401,PRD-YZB4K8,17.419,0.0173,fruits and vegetables,47.38,STORE-9RG,28,940.74,False,True,False,True,False,False,True,True,False,False,False
row_07403,PRD-XMSTP3,15.064,0.0607,Snack Foods,45.16,STORE-HL7,23,559.23,False,False,True,False,True,True,False,False,False,False,False
row_07404,PRD-0RH735,19.302,0.1756,others,241.92,STORE-OYG,25,1625.61,False,True,False,True,False,True,False,False,False,False,True
row_07405,PRD-S668FR,19.216,0.0926,others,189.05,STORE-OYG,25,1434.99,False,True,False,True,False,True,False,False,False,False,True
row_07407,PRD-W103DG,8.303,0.0175,SOFT DRINKS,198.03,STORE-9RG,28,3366.39,False,True,False,True,False,False,True,False,False,False,True
row_07408,PRD-GW4LDH,9.985,0.0905,health and hygiene,147.45,STORE-9RG,28,3227.33,False,True,False,True,False,False,True,False,False,True,False
row_07409,PRD-HU814P,12.655,0.009,baking goods,73.25,STORE-YLW,35,1314.32,False,True,False,False,False,False,True,False,False,False,False
row_07410,PRD-9DDVP4,14.684,0.0,FRUITS AND VEGETABLES,64.58,STORE-HL7,23,1311.32,False,False,True,False,True,True,False,True,False,False,False
row_07411,PRD-PQNOMP,17.737,0.0,Baking Goods,104.43,STORE-AGY,45,1894.7,False,True,False,False,True,False,False,False,True,False,False
row_07412,PRD-O5ZFW1,5.362,0.0436,Health and Hygiene,163.65,STORE-9RG,28,1964.1,False,True,False,True,False,False,True,False,False,True,False
row_07413,PRD-E8DE4C,15.483,0.156,Snack Foods,148.3,STORE-DKU,30,2312.69,False,True,False,True,False,True,False,True,False,True,False
row_07414,PRD-UHZ6A8,12.850875916323977,0.0425,hard drinks,125.4,STORE-7WS,47,5623.58,True,False,False,False,True,True,False,False,True,False,False
row_07415,PRD-EVZUBR,12.850875916323977,0.055,FROZEN FOODS,40.05,STORE-7WS,47,409.46,True,False,False,False,True,True,False,False,False,False,False
row_07416,PRD-VRURQT,16.346,0.0645,DAIRY,176.46,STORE-9RG,28,1954.61,False,True,False,True,False,False,True,True,False,True,False
row_07417,PRD-WWQC38,12.489,0.1189,Soft Drinks,106.79,STORE-JOR,34,217.33,False,False,False,False,True,True,False,False,True,False,False
row_07418,PRD-NSQDTZ,18.07,0.0492,Snack Foods,116.54,STORE-OYG,25,1121.06,False,True,False,True,False,True,False,False,True,False,False
row_07419,PRD-MY5ZPJ,8.285,0.0355,Hard Drinks,115.03,STORE-DKU,30,1550.35,False,True,False,True,False,True,False,False,True,False,False
row_07420,PRD-6GKHNX,8.663,0.0478,Health and Hygiene,131.58,STORE-89Z,33,2531.68,False,True,False,False,False,True,False,False,True,False,False
row_07421,PRD-LUSMF0,12.221,0.0779,MEAT,215.59,STORE-9RG,28,1319.97,False,True,False,True,False,False,True,False,False,False,True
row_07422,PRD-Y4II63,16.715,0.1319,household,122.03,STORE-89Z,33,1342.94,False,True,False,False,False,True,False,False,True,False,False
row_07425,PRD-4ILMK5,17.879,0.1421,HEALTH AND HYGIENE,160.32,STORE-JOR,34,153.68,False,False,False,False,True,True,False,False,False,True,False
row_07426,PRD-DTYGUJ,12.850875916323977,0.0767,household,176.85,STORE-7WS,47,5467.69,True,False,False,False,True,True,False,False,False,True,False
row_07427,PRD-D6O9YZ,10.644,0.0488,Baking Goods,41.6,STORE-HL7,23,428.91,False,False,True,False,True,True,False,True,False,False,False
row_07428,PRD-ZFWONV,5.326,0.1041,FRUITS AND VEGETABLES,145.43,STORE-OYG,25,4220.81,False,True,False,True,False,True,False,True,False,True,False
row_07429,PRD-TC2QWF,14.552,0.1642,canned,186.5,STORE-YLW,35,2846.08,False,True,False,False,False,False,True,True,False,False,True
row_07430,PRD-MGCY57,6.906,0.086,Fruits and Vegetables,235.54,STORE-AGY,45,3345.22,False,True,False,False,True,False,False,True,False,False,True
row_07432,PRD-AQYP2R,19.188,0.0159,Canned,188.99,STORE-9RG,28,3437.97,False,True,False,True,False,False,True,True,False,False,True
row_07433,PRD-O84W6T,15.81,0.037,snack foods,122.63,STORE-DKU,30,2308.74,False,True,False,True,False,True,False,False,True,False,False
row_07434,PRD-CM8SJU,21.019,0.0233,Others,150.23,STORE-OYG,25,2889.77,False,True,False,True,False,True,False,False,False,True,False
row_07436,PRD-EWQGAD,5.55,0.033,Canned,188.94,STORE-YLW,35,5293.7,False,True,False,False,False,False,True,True,False,False,True
row_07437,PRD-KINNDW,20.021,0.0,FROZEN FOODS,81.19,STORE-9RG,28,948.76,False,True,False,True,False,False,True,True,False,False,False
row_07438,PRD-JD2GVF,9.147,0.0279,baking goods,189.95,STORE-89Z,33,5038.81,False,True,False,False,False,True,False,False,False,False,True
row_07440,PRD-32R5MU,7.278,0.0151,SNACK FOODS,151.29,STORE-YLW,35,1391.96,False,True,False,False,False,False,True,False,False,True,False
row_07441,PRD-OWOT0V,11.849,0.0426,canned,126.29,STORE-OYG,25,1763.46,False,True,False,True,False,True,False,True,True,False,False
row_07442,PRD-YUG5GN,12.850875916323977,0.0,Fruits and Vegetables,46.1,STORE-7WS,47,852.76,True,False,False,False,True,True,False,False,False,False,False
row_07443,PRD-K6I2KL,9.503,0.0146,Snack Foods,186.19,STORE-89Z,33,4828.39,False,True,False,False,False,True,False,True,False,False,True
row_07444,PRD-88O5OR,12.488,0.0651,SOFT DRINKS,156.81,STORE-AGY,45,2303.6,False,True,False,False,True,False,False,False,False,True,False
row_07445,PRD-Q8LYYX,12.850875916323977,0.0766,Frozen Foods,172.63,STORE-7WS,47,2470.97,True,False,False,False,True,True,False,True,False,True,False
row_07446,PRD-V2AQNP,11.686,0.1604,Breakfast,166.34,STORE-89Z,33,4172.81,False,True,False,False,False,True,False,True,False,True,False
row_07447,PRD-VDV7PE,12.850875916323977,0.0,Health and Hygiene,40.13,STORE-T5G,47,80.03,False,False,False,False,False,False,True,False,False,False,False
row_07449,PRD-GGO8YM,16.807,0.1159,BREAKFAST,182.95,STORE-JOR,34,1076.19,False,False,False,False,True,True,False,True,False,True,False
row_07450,PRD-I7OGZA,16.556,0.0816,HOUSEHOLD,186.55,STORE-JOR,34,783.56,False,False,False,False,True,True,False,False,False,False,True
row_07451,PRD-ONGWUL,12.977,0.0402,Household,261.79,STORE-89Z,33,3344.49,False,True,False,False,False,True,False,False,False,False,True
row_07452,PRD-8MY1UX,19.937,0.1558,health and hygiene,110.95,STORE-DKU,30,3527.34,False,True,False,True,False,True,False,False,True,False,False
row_07453,PRD-WOLYTS,12.723,0.0412,fruits and vegetables,124.05,STORE-OYG,25,1316.24,False,True,False,True,False,True,False,True,True,False,False
row_07455,PRD-LAVSML,12.127,0.0407,Fruits and Vegetables,184.8,STORE-AGY,45,4766.8,False,True,False,False,True,False,False,False,False,True,False
row_07456,PRD-53EF9P,11.859,0.028,Household,147.66,STORE-9RG,28,2765.69,False,True,False,True,False,False,True,False,False,True,False
row_07457,PRD-JDWCJC,16.595,0.0637,Snack Foods,59.05,STORE-YLW,35,987.29,False,True,False,False,False,False,True,True,False,False,False
row_07458,PRD-LV9PLM,6.868,0.0571,health and hygiene,268.58,STORE-YLW,35,9999.51,False,True,False,False,False,False,True,False,False,False,True
row_07459,PRD-OEM1VZ,20.772,0.0752,Dairy,192.81,STORE-YLW,35,2749.78,False,True,False,False,False,False,True,True,False,False,True
row_07461,PRD-VDCG3B,20.521,0.133,SEAFOOD,235.86,STORE-HL7,23,6138.02,False,False,True,False,True,True,False,True,False,False,True
row_07462,PRD-BZNC9Q,6.831,0.1392,Meat,185.24,STORE-AGY,45,3081.37,False,True,False,False,True,False,False,True,False,True,False
row_07465,PRD-GLWY1N,12.850875916323977,0.0,Frozen Foods,98.68,STORE-7WS,47,3258.4,True,False,False,False,True,True,False,False,True,False,False
row_07466,PRD-C6G610,7.584,0.0676,snack foods,106.13,STORE-9RG,28,2654.11,False,True,False,True,False,False,True,False,True,False,False
row_07467,PRD-YCKVJK,13.943,0.1783,Canned,205.49,STORE-DKU,30,4718.26,False,True,False,True,False,True,False,True,False,False,True
row_07468,PRD-MJ7PDZ,17.99,0.0186,frozen foods,97.4,STORE-JOR,34,94.24,False,False,False,False,True,True,False,False,True,False,False
row_07469,PRD-6MLGK8,19.427,0.0,FRUITS AND VEGETABLES,176.82,STORE-JOR,34,706.82,False,False,False,False,True,True,False,True,False,True,False
row_07470,PRD-OF2TX0,7.718,0.1022,Snack Foods,111.72,STORE-OYG,25,890.73,False,True,False,True,False,True,False,False,True,False,False
row_07471,PRD-4RQYWN,16.707,0.0337,Household,125.39,STORE-HL7,23,1233.81,False,False,True,False,True,True,False,False,True,False,False
row_07472,PRD-JWTV3N,10.778,0.0549,Frozen Foods,87.97,STORE-OYG,25,2030.13,False,True,False,True,False,True,False,False,False,False,False
row_07473,PRD-DL52AM,10.692,0.0,Baking Goods,50.72,STORE-HL7,23,550.09,False,False,True,False,True,True,False,True,False,False,False
row_07474,PRD-IBQR9L,21.056,0.0295,Dairy,207.63,STORE-HL7,23,2518.34,False,False,True,False,True,True,False,True,False,False,True
row_07475,PRD-YLXYXL,7.469,0.0385,Baking Goods,74.46,STORE-89Z,33,441.33,False,True,False,False,False,True,False,False,False,False,False
row_07476,PRD-1N0XXZ,12.850875916323977,0.0185,CANNED,82.72,STORE-T5G,47,506.53,False,False,False,False,False,False,True,False,False,False,False
row_07477,PRD-YZSJHT,9.428,0.0229,Breads,102.03,STORE-9RG,28,3066.03,False,True,False,True,False,False,True,True,True,False,False
row_07478,PRD-9AHEJ8,8.962,0.0,Dairy,42.85,STORE-HL7,23,590.66,False,False,True,False,True,True,False,False,False,False,False
row_07479,PRD-ZDVAG1,20.829,0.0,household,37.58,STORE-HL7,23,813.31,False,False,True,False,True,True,False,False,False,False,False
row_07481,PRD-JNNMAX,20.721,0.1175,health and hygiene,228.5,STORE-DKU,30,1421.18,False,True,False,True,False,True,False,False,False,False,True
row_07482,PRD-BTN76M,12.850875916323977,0.1752,FRUITS AND VEGETABLES,110.48,STORE-7WS,47,4588.04,True,False,False,False,True,True,False,False,True,False,False
row_07483,PRD-38JOEC,14.436,0.0098,Snack Foods,158.9,STORE-HL7,23,3059.72,False,False,True,False,True,True,False,True,False,True,False
row_07484,PRD-EGKRHJ,5.379,0.0059,SNACK FOODS,96.77,STORE-YLW,35,1402.18,False,True,False,False,False,False,True,True,True,False,False
row_07485,PRD-679O2X,21.598,0.0486,Snack Foods,196.22,STORE-HL7,23,1106.01,False,False,True,False,True,True,False,False,False,False,True
row_07486,PRD-I7OGZA,16.275,0.0482,Household,187.17,STORE-HL7,23,1710.76,False,False,True,False,True,True,False,False,False,False,True
row_07487,PRD-G3QWQF,20.314,0.0,baking goods,98.95,STORE-OYG,25,1831.99,False,True,False,True,False,True,False,True,True,False,False
row_07488,PRD-57XD6K,12.597,0.1615,FROZEN FOODS,48.7,STORE-89Z,33,1092.11,False,True,False,False,False,True,False,False,False,False,False
row_07489,PRD-FVHC3D,12.850875916323977,0.1263,seafood,34.74,STORE-T5G,47,179.87,False,False,False,False,False,False,True,False,False,False,False
row_07490,PRD-94QTWZ,8.078,0.1157,MEAT,187.69,STORE-9RG,28,2461.59,False,True,False,True,False,False,True,False,False,False,True
row_07492,PRD-I85FVO,12.850875916323977,0.0671,HOUSEHOLD,61.84,STORE-7WS,47,2177.0,True,False,False,False,True,True,False,False,False,False,False
row_07493,PRD-GSTFS2,5.527,0.0156,frozen foods,83.18,STORE-YLW,35,1154.6,False,True,False,False,False,False,True,False,False,False,False
row_07494,PRD-0KDULB,19.929,0.1196,household,95.23,STORE-JOR,34,264.35,False,False,False,False,True,True,False,False,True,False,False
row_07497,PRD-QYXGO4,19.869,0.0511,Fruits and Vegetables,55.56,STORE-HL7,23,1065.57,False,False,True,False,True,True,False,False,False,False,False
row_07498,PRD-TFIUHP,12.754,0.0795,Fruits and Vegetables,98.04,STORE-9RG,28,3948.66,False,True,False,True,False,False,True,False,True,False,False
row_07499,PRD-B7ITAT,12.850875916323977,0.1244,Baking Goods,147.33,STORE-7WS,47,4297.64,True,False,False,False,True,True,False,False,False,True,False
row_07500,PRD-MNEL25,17.418,0.0462,snack foods,116.54,STORE-OYG,25,744.75,False,True,False,True,False,True,False,True,True,False,False
row_07501,PRD-2G2HFD,9.637,0.0067,Household,161.36,STORE-AGY,45,3097.72,False,True,False,False,True,False,False,False,False,True,False
row_07502,PRD-6RNJLK,20.36,0.0352,BAKING GOODS,44.17,STORE-9RG,28,416.04,False,True,False,True,False,False,True,False,False,False,False
row_07503,PRD-LQK65V,18.305,0.0447,Snack Foods,130.69,STORE-89Z,33,2619.18,False,True,False,False,False,True,False,False,True,False,False
row_07505,PRD-4R1F1X,17.304,0.0082,Dairy,173.37,STORE-OYG,25,5602.81,False,True,False,True,False,True,False,False,False,True,False
row_07506,PRD-CFDOOB,9.426,0.1232,fruits and vegetables,103.04,STORE-HL7,23,1156.6,False,False,True,False,True,True,False,True,True,False,False
row_07507,PRD-C71O4Y,11.272,0.0,Fruits and Vegetables,124.71,STORE-89Z,33,2819.48,False,True,False,False,False,True,False,False,True,False,False
row_07508,PRD-A6X5Z0,12.850875916323977,0.0789,HEALTH AND HYGIENE,97.11,STORE-7WS,47,4244.13,True,False,False,False,True,True,False,False,True,False,False
row_07509,PRD-HVVZBL,12.850875916323977,0.0688,Dairy,123.52,STORE-7WS,47,1107.44,True,False,False,False,True,True,False,True,True,False,False
row_07510,PRD-94QTWZ,8.192,0.1202,meat,186.74,STORE-DKU,30,4147.4,False,True,False,True,False,True,False,False,False,False,True
row_07511,PRD-5FDHJK,7.048,0.0775,Soft Drinks,90.32,STORE-HL7,23,1051.36,False,False,True,False,True,True,False,False,False,False,False
row_07512,PRD-AN4EIO,12.850875916323977,0.14,Frozen Foods,53.24,STORE-7WS,47,2239.04,True,False,False,False,True,True,False,True,False,False,False
row_07513,PRD-98BNVW,19.255,0.1135,Fruits and Vegetables,194.24,STORE-JOR,34,195.41,False,False,False,False,True,True,False,True,False,False,True
row_07517,PRD-QDI07H,17.757,0.1539,Dairy,246.1,STORE-9RG,28,4337.57,False,True,False,True,False,False,True,True,False,False,True
row_07519,PRD-9HXEG6,7.225,0.0456,Household,58.33,STORE-HL7,23,644.06,False,False,True,False,True,True,False,False,False,False,False
row_07520,PRD-JOYJNE,16.929,0.0,Dairy,175.15,STORE-DKU,30,4629.09,False,True,False,True,False,True,False,False,False,True,False
row_07521,PRD-5JN7BS,9.434,0.0302,Snack Foods,221.85,STORE-HL7,23,2178.05,False,False,True,False,True,True,False,True,False,False,True
row_07522,PRD-E5UPVR,16.763,0.0827,Snack Foods,111.11,STORE-HL7,23,1663.55,False,False,True,False,True,True,False,True,True,False,False
row_07523,PRD-ZIFT9Y,15.121,0.027,FRUITS AND VEGETABLES,103.1,STORE-DKU,30,1614.12,False,True,False,True,False,True,False,True,True,False,False
row_07526,PRD-2UETCH,19.419,0.0335,MEAT,168.08,STORE-9RG,28,5049.51,False,True,False,True,False,False,True,False,False,True,False
row_07527,PRD-994LX9,7.932,0.1326,Dairy,101.11,STORE-AGY,45,2496.23,False,True,False,False,True,False,False,False,True,False,False
row_07530,PRD-7SMC67,15.946,0.1407,BREAKFAST,131.36,STORE-AGY,45,2733.09,False,True,False,False,True,False,False,False,True,False,False
row_07531,PRD-QLQCG1,8.49,0.0234,SOFT DRINKS,104.42,STORE-DKU,30,943.52,False,True,False,True,False,True,False,False,True,False,False
row_07533,PRD-TRMI8Q,12.850875916323977,0.0204,OTHERS,189.99,STORE-T5G,47,361.69,False,False,False,False,False,False,True,False,False,False,True
row_07535,PRD-TRMI8Q,13.048,0.012,Others,186.72,STORE-OYG,25,4260.45,False,True,False,True,False,True,False,False,False,False,True
row_07536,PRD-XMSTP3,15.372,0.0608,Snack Foods,45.37,STORE-89Z,33,708.71,False,True,False,False,False,True,False,False,False,False,False
row_07538,PRD-6AOBHT,12.850875916323977,0.0706,Household,129.2,STORE-T5G,47,266.98,False,False,False,False,False,False,True,False,True,False,False
row_07539,PRD-WM8LSW,15.568,0.0731,Baking Goods,258.44,STORE-OYG,25,6670.19,False,True,False,True,False,True,False,False,False,False,True
row_07540,PRD-ONGWUL,13.122,0.0417,HOUSEHOLD,255.12,STORE-HL7,23,4859.51,False,False,True,False,True,True,False,False,False,False,True
row_07542,PRD-6O3NRD,11.421,0.0075,meat,196.79,STORE-OYG,25,2583.93,False,True,False,True,False,True,False,False,False,False,True
row_07543,PRD-OEM1VZ,19.687,0.0803,Dairy,201.82,STORE-HL7,23,2630.88,False,False,True,False,True,True,False,True,False,False,True
row_07544,PRD-3KK8SL,11.654,0.0413,FRUITS AND VEGETABLES,198.0,STORE-DKU,30,2547.42,False,True,False,True,False,True,False,True,False,False,True
row_07545,PRD-97XGCK,15.324,0.129,BAKING GOODS,113.77,STORE-JOR,34,212.88,False,False,False,False,True,True,False,False,True,False,False
row_07547,PRD-E5UPVR,16.747,0.1386,SNACK FOODS,112.11,STORE-JOR,34,228.4,False,False,False,False,True,True,False,True,True,False,False
row_07548,PRD-YHVNT3,9.675,0.0409,Others,82.54,STORE-YLW,35,438.65,False,True,False,False,False,False,True,False,False,False,False
row_07549,PRD-YM6IER,7.628,0.0301,Fruits and Vegetables,124.77,STORE-HL7,23,821.98,False,False,True,False,True,True,False,True,True,False,False
row_07550,PRD-2X720K,5.84,0.0537,FRUITS AND VEGETABLES,87.45,STORE-AGY,45,1429.95,False,True,False,False,True,False,False,True,False,False,False
row_07552,PRD-LI16DH,12.473,0.0187,FROZEN FOODS,247.34,STORE-OYG,25,5693.23,False,True,False,True,False,True,False,False,False,False,True
row_07553,PRD-F07UQN,5.68,0.0511,SOFT DRINKS,188.52,STORE-DKU,30,1527.38,False,True,False,True,False,True,False,False,False,False,True
row_07554,PRD-ZGVTUI,12.850875916323977,0.18,Meat,97.8,STORE-T5G,47,202.13,False,False,False,False,False,False,True,False,True,False,False
row_07555,PRD-54S8AG,18.019,0.1768,Dairy,112.78,STORE-YLW,35,1510.51,False,True,False,False,False,False,True,True,True,False,False
row_07556,PRD-T9U9NM,12.850875916323977,0.1103,breakfast,57.2,STORE-T5G,47,236.33,False,False,False,False,False,False,True,True,False,False,False
row_07558,PRD-C5BDFU,6.499,0.0313,dairy,178.94,STORE-YLW,35,1809.6,False,True,False,False,False,False,True,False,False,True,False
row_07559,PRD-6Z6CCC,12.850875916323977,0.1264,Canned,95.53,STORE-7WS,47,3012.99,True,False,False,False,True,True,False,False,True,False,False
row_07560,PRD-PDRI65,12.850875916323977,0.0183,Health and Hygiene,131.64,STORE-7WS,47,3263.23,True,False,False,False,True,True,False,False,True,False,False
row_07561,PRD-HP5E7A,10.93,0.0843,SNACK FOODS,235.45,STORE-YLW,35,3774.4,False,True,False,False,False,False,True,True,False,False,True
row_07562,PRD-3IMLYS,12.818,0.0209,fruits and vegetables,249.43,STORE-AGY,45,4571.23,False,True,False,False,True,False,False,True,False,False,True
row_07563,PRD-MSK8AG,12.850875916323977,0.1553,dairy,185.22,STORE-T5G,47,181.56,False,False,False,False,False,False,True,False,False,True,False
row_07564,PRD-JT10UE,12.291,0.0782,Fruits and Vegetables,91.8,STORE-AGY,45,1137.33,False,True,False,False,True,False,False,True,False,False,False
row_07565,PRD-1VG7CO,15.427,0.1315,fruits and vegetables,175.55,STORE-YLW,35,1403.83,False,True,False,False,False,False,True,True,False,True,False
row_07566,PRD-5N8I4P,11.768,0.1298,DAIRY,99.37,STORE-89Z,33,1088.79,False,True,False,False,False,True,False,False,True,False,False
row_07567,PRD-O69WEZ,17.38,0.0073,dairy,144.52,STORE-9RG,28,3885.77,False,True,False,True,False,False,True,True,False,True,False
row_07568,PRD-US5PUY,14.767,0.0722,fruits and vegetables,46.89,STORE-AGY,45,969.65,False,True,False,False,True,False,False,False,False,False,False
row_07569,PRD-QKDZ1Q,16.217,0.0655,Fruits and Vegetables,221.54,STORE-YLW,35,5566.08,False,True,False,False,False,False,True,True,False,False,True
row_07570,PRD-74AVMI,14.994,0.0886,Snack Foods,232.54,STORE-9RG,28,2225.33,False,True,False,True,False,False,True,False,False,False,True
row_07572,PRD-M3FQUK,9.437,0.0218,Snack Foods,159.66,STORE-AGY,45,2444.41,False,True,False,False,True,False,False,True,False,True,False
row_07573,PRD-RUC70S,17.738,0.013,household,163.5,STORE-9RG,28,5674.03,False,True,False,True,False,False,True,False,False,True,False
row_07574,PRD-AQ6L6G,12.850875916323977,0.1345,Soft Drinks,112.56,STORE-T5G,47,453.22,False,False,False,False,False,False,True,False,True,False,False
row_07575,PRD-1ZL2WT,13.253,0.0417,FRUITS AND VEGETABLES,158.88,STORE-9RG,28,3342.56,False,True,False,True,False,False,True,True,False,True,False
row_07576,PRD-CZ2O8N,15.215,0.0251,baking goods,84.37,STORE-9RG,28,1215.73,False,True,False,True,False,False,True,True,False,False,False
row_07578,PRD-JDWCJC,16.647,0.0602,Snack Foods,60.13,STORE-HL7,23,563.88,False,False,True,False,True,True,False,True,False,False,False
row_07579,PRD-FGQJFY,12.850875916323977,0.0,Baking Goods,37.99,STORE-T5G,47,36.15,False,False,False,False,False,False,True,True,False,False,False
row_07581,PRD-V3ISY0,12.850875916323977,0.0168,HEALTH AND HYGIENE,47.26,STORE-T5G,47,151.76,False,False,False,False,False,False,True,False,False,False,False
row_07582,PRD-PLCL5F,19.076,0.0268,Baking Goods,122.74,STORE-OYG,25,2785.88,False,True,False,True,False,True,False,False,True,False,False
row_07583,PRD-QVRR9A,8.062,0.0627,Hard Drinks,237.18,STORE-AGY,45,4531.31,False,True,False,False,True,False,False,False,False,False,True
row_07584,PRD-JNODL5,17.516,0.0162,health and hygiene,163.54,STORE-DKU,30,2035.51,False,True,False,True,False,True,False,False,False,True,False
row_07585,PRD-OK2ECS,16.136,0.0469,Fruits and Vegetables,154.83,STORE-89Z,33,2510.76,False,True,False,False,False,True,False,True,False,True,False
row_07586,PRD-KXWNRE,8.274,0.0329,soft drinks,121.2,STORE-OYG,25,1806.37,False,True,False,True,False,True,False,True,True,False,False
row_07588,PRD-6HL8IZ,5.667,0.0383,Fruits and Vegetables,265.63,STORE-9RG,28,4542.41,False,True,False,True,False,False,True,True,False,False,True
row_07589,PRD-6RNJLK,19.458,0.0335,BAKING GOODS,45.77,STORE-AGY,45,949.49,False,True,False,False,True,False,False,False,False,False,False
row_07590,PRD-TKW2J2,7.214,0.0581,Breads,227.96,STORE-89Z,33,2684.42,False,True,False,False,False,True,False,True,False,False,True
row_07593,PRD-3D9PH3,18.589,0.0,Hard Drinks,165.0,STORE-9RG,28,3220.66,False,True,False,True,False,False,True,False,False,True,False
row_07594,PRD-ZDVAG1,20.781,0.142,household,34.6,STORE-OYG,25,1038.65,False,True,False,True,False,True,False,False,False,False,False
row_07595,PRD-1Q3TMY,7.127,0.1126,FRUITS AND VEGETABLES,178.34,STORE-OYG,25,1269.35,False,True,False,True,False,True,False,False,False,True,False
row_07596,PRD-E7SSM9,7.531,0.0,Household,58.61,STORE-89Z,33,938.14,False,True,False,False,False,True,False,False,False,False,False
row_07597,PRD-3EHIB4,7.637,0.0464,CANNED,243.08,STORE-YLW,35,2573.93,False,True,False,False,False,False,True,False,False,False,True
row_07598,PRD-NAMSQE,12.581,0.1907,Baking Goods,77.63,STORE-89Z,33,1185.14,False,True,False,False,False,True,False,True,False,False,False
row_07599,PRD-S6KFRX,18.922,0.178,household,169.57,STORE-89Z,33,3773.26,False,True,False,False,False,True,False,False,False,True,False
row_07600,PRD-EGB41B,12.850875916323977,0.0086,Household,120.88,STORE-7WS,47,1227.28,True,False,False,False,True,True,False,False,True,False,False
row_07601,PRD-U9W2MB,13.797,0.1562,Fruits and Vegetables,141.19,STORE-DKU,30,3603.91,False,True,False,True,False,True,False,True,True,False,False
row_07602,PRD-HFH2XF,14.954,0.0449,breads,110.74,STORE-AGY,45,2713.21,False,True,False,False,True,False,False,True,True,False,False
row_07603,PRD-QOHMUH,15.239,0.0305,HARD DRINKS,42.14,STORE-9RG,28,1148.31,False,True,False,True,False,False,True,False,False,False,False
row_07604,PRD-CJ2XX2,8.35,0.0345,Fruits and Vegetables,39.35,STORE-AGY,45,748.28,False,True,False,False,True,False,False,False,False,False,False
row_07605,PRD-IEPXXY,19.113,0.0168,Frozen Foods,123.3,STORE-YLW,35,2640.51,False,True,False,False,False,False,True,False,True,False,False
row_07606,PRD-W3QN3T,16.248,0.0424,SNACK FOODS,141.64,STORE-AGY,45,3384.34,False,True,False,False,True,False,False,False,True,False,False
row_07607,PRD-0IFJNT,13.466,0.0731,DAIRY,169.12,STORE-9RG,28,2011.27,False,True,False,True,False,False,True,False,False,True,False
row_07608,PRD-QYAHPY,12.850875916323977,0.1421,Fruits and Vegetables,94.05,STORE-T5G,47,195.38,False,False,False,False,False,False,True,False,True,False,False
row_07610,PRD-5YE8T5,14.532,0.0337,Fruits and Vegetables,162.13,STORE-HL7,23,1406.59,False,False,True,False,True,True,False,True,False,True,False
row_07611,PRD-5094DF,7.185,0.0185,frozen foods,163.9,STORE-9RG,28,3363.73,False,True,False,True,False,False,True,False,False,True,False
row_07612,PRD-FUDM7O,20.433,0.0229,FRUITS AND VEGETABLES,232.36,STORE-OYG,25,6978.97,False,True,False,True,False,True,False,True,False,False,True
row_07613,PRD-THVKB8,9.187,0.087,dairy,266.32,STORE-HL7,23,1822.27,False,False,True,False,True,True,False,True,False,False,True
row_07614,PRD-KL6CEV,6.597,0.095,Household,87.63,STORE-OYG,25,1665.7,False,True,False,True,False,True,False,False,False,False,False
row_07615,PRD-DXQ6WH,16.649,0.0121,health and hygiene,36.58,STORE-89Z,33,863.88,False,True,False,False,False,True,False,False,False,False,False
row_07616,PRD-LJZEJB,6.548,0.0906,Dairy,200.2,STORE-DKU,30,3301.36,False,True,False,True,False,True,False,False,False,False,True
row_07617,PRD-CC46C1,20.258,0.1134,Baking Goods,189.88,STORE-HL7,23,2275.47,False,False,True,False,True,True,False,True,False,False,True
row_07618,PRD-FETZ47,9.732,0.0491,Starchy Foods,189.83,STORE-89Z,33,5252.89,False,True,False,False,False,True,False,True,False,False,True
row_07619,PRD-EVFXVR,14.659,0.0873,HOUSEHOLD,162.39,STORE-DKU,30,2259.37,False,True,False,True,False,True,False,False,False,True,False
row_07620,PRD-9ESEQG,6.203,0.1796,MEAT,95.63,STORE-HL7,23,1530.63,False,False,True,False,True,True,False,True,True,False,False
row_07621,PRD-ZRMH3F,15.782,0.1249,FROZEN FOODS,178.0,STORE-9RG,28,1359.22,False,True,False,True,False,False,True,True,False,True,False
row_07622,PRD-Y7CQKD,14.055,0.0652,Fruits and Vegetables,79.1,STORE-AGY,45,601.67,False,True,False,False,True,False,False,True,False,False,False
row_07623,PRD-1H8OJR,7.885,0.0714,Hard Drinks,33.81,STORE-HL7,23,478.99,False,False,True,False,True,True,False,False,False,False,False
row_07624,PRD-HP1UAK,12.850875916323977,0.0553,Baking Goods,175.09,STORE-T5G,47,679.68,False,False,False,False,False,False,True,True,False,True,False
row_07625,PRD-BUQGEV,17.517,0.0109,Snack Foods,211.31,STORE-9RG,28,5638.09,False,True,False,True,False,False,True,False,False,False,True
row_07626,PRD-NDSUDE,7.572,0.0372,Fruits and Vegetables,105.32,STORE-HL7,23,768.2,False,False,True,False,True,True,False,True,True,False,False
row_07627,PRD-O84W6T,15.909,0.0367,Snack Foods,123.97,STORE-9RG,28,3227.07,False,True,False,True,False,False,True,False,True,False,False
row_07628,PRD-MITKRF,9.563,0.0999,BAKING GOODS,85.34,STORE-OYG,25,2669.54,False,True,False,True,False,True,False,True,False,False,False
row_07629,PRD-MHBMBN,9.901,0.0364,Snack Foods,126.12,STORE-9RG,28,1235.35,False,True,False,True,False,False,True,True,True,False,False
row_07630,PRD-31GVB3,7.485,0.0132,HOUSEHOLD,221.91,STORE-YLW,35,1641.15,False,True,False,False,False,False,True,False,False,False,True
row_07631,PRD-IJVZYN,14.561,0.0604,OTHERS,247.88,STORE-HL7,23,5181.9,False,False,True,False,True,True,False,False,False,False,True
row_07632,PRD-MPP566,12.179,0.0771,Household,249.16,STORE-OYG,25,3227.22,False,True,False,True,False,True,False,False,False,False,True
row_07635,PRD-5XCR5N,19.808,0.0337,Household,120.88,STORE-OYG,25,2427.88,False,True,False,True,False,True,False,False,True,False,False
row_07636,PRD-OW7SFQ,12.493,0.1099,FRUITS AND VEGETABLES,229.93,STORE-AGY,45,4021.25,False,True,False,False,True,False,False,False,False,False,True
row_07637,PRD-4CYXQB,17.925,0.1127,Snack Foods,179.25,STORE-AGY,45,5150.02,False,True,False,False,True,False,False,False,False,True,False
row_07638,PRD-NA7L0E,16.089,0.027,Canned,167.99,STORE-DKU,30,3701.25,False,True,False,True,False,True,False,True,False,True,False
row_07639,PRD-X5M8PJ,12.850875916323977,0.1303,Snack Foods,142.73,STORE-7WS,47,5032.06,True,False,False,False,True,True,False,True,False,True,False
row_07640,PRD-TCFV3C,16.237,0.1,Fruits and Vegetables,120.66,STORE-89Z,33,2179.83,False,True,False,False,False,True,False,False,True,False,False
row_07641,PRD-7Z4G25,14.092,0.0,CANNED,159.07,STORE-AGY,45,1596.23,False,True,False,False,True,False,False,False,False,True,False
row_07642,PRD-ONUBR9,8.819,0.1368,CANNED,46.25,STORE-9RG,28,377.9,False,True,False,True,False,False,True,False,False,False,False
row_07643,PRD-FHKP7I,17.392,0.0125,Canned,159.44,STORE-9RG,28,2737.41,False,True,False,True,False,False,True,True,False,True,False
row_07644,PRD-6JKLOQ,12.850875916323977,0.1822,BAKING GOODS,158.74,STORE-7WS,47,4411.98,True,False,False,False,True,True,False,False,False,True,False
row_07645,PRD-5094DF,7.133,0.0181,frozen foods,161.7,STORE-OYG,25,1850.58,False,True,False,True,False,True,False,False,False,True,False
row_07646,PRD-2VLDQ4,6.719,0.0689,HARD DRINKS,264.21,STORE-YLW,35,4045.24,False,True,False,False,False,False,True,False,False,False,True
row_07647,PRD-T9U9NM,8.032,0.0603,Breakfast,57.55,STORE-89Z,33,348.15,False,True,False,False,False,True,False,True,False,False,False
row_07648,PRD-9IT02F,16.715,0.065,household,115.89,STORE-DKU,30,1651.11,False,True,False,True,False,True,False,False,True,False,False
row_07650,PRD-5QVWC9,6.072,0.1213,Household,267.12,STORE-DKU,30,2004.17,False,True,False,True,False,True,False,False,False,False,True
row_07651,PRD-V3OJ57,8.692,0.0394,Frozen Foods,52.95,STORE-DKU,30,818.58,False,True,False,True,False,True,False,False,False,False,False
row_07652,PRD-LZBZ98,17.734,0.1617,Health and Hygiene,41.79,STORE-YLW,35,748.22,False,True,False,False,False,False,True,False,False,False,False
row_07653,PRD-MJ7PDZ,12.850875916323977,0.0,Frozen Foods,96.13,STORE-T5G,47,282.7,False,False,False,False,False,False,True,False,True,False,False
row_07654,PRD-FGQJFY,7.829,0.1538,Baking Goods,37.67,STORE-9RG,28,452.98,False,True,False,True,False,False,True,True,False,False,False
row_07655,PRD-3VXDO3,7.744,0.0912,Fruits and Vegetables,120.82,STORE-DKU,30,841.41,False,True,False,True,False,True,False,True,True,False,False
row_07656,PRD-9H9FM8,18.085,0.0801,Household,169.91,STORE-JOR,34,342.0,False,False,False,False,True,True,False,False,False,True,False
row_07657,PRD-JQMLJE,6.913,0.0377,Dairy,59.04,STORE-DKU,30,1252.24,False,True,False,True,False,True,False,False,False,False,False
row_07658,PRD-Q2RPUV,8.462,0.0333,health and hygiene,139.85,STORE-9RG,28,952.29,False,True,False,True,False,False,True,False,True,False,False
row_07659,PRD-TCYFDV,5.655,0.023,Snack Foods,151.56,STORE-YLW,35,2920.7,False,True,False,False,False,False,True,True,False,True,False
row_07660,PRD-TS3K1S,9.042,0.0056,Frozen Foods,97.0,STORE-YLW,35,2008.93,False,True,False,False,False,False,True,False,True,False,False
row_07661,PRD-W4Z56R,5.516,0.0848,Fruits and Vegetables,169.82,STORE-9RG,28,1810.65,False,True,False,True,False,False,True,False,False,True,False
row_07662,PRD-2G9O9Y,6.561,0.0909,canned,256.19,STORE-9RG,28,4968.17,False,True,False,True,False,False,True,True,False,False,True
row_07663,PRD-ZIX69G,7.85,0.0803,Fruits and Vegetables,253.27,STORE-YLW,35,4231.4,False,True,False,False,False,False,True,True,False,False,True
row_07664,PRD-O0V3Z0,12.850875916323977,0.0,Canned,94.27,STORE-T5G,47,375.54,False,False,False,False,False,False,True,True,True,False,False
row_07665,PRD-US5PUY,15.076,0.0749,fruits and vegetables,50.06,STORE-9RG,28,621.9,False,True,False,True,False,False,True,False,False,False,False
row_07666,PRD-QDXOEA,7.207,0.0262,SNACK FOODS,108.66,STORE-YLW,35,3269.19,False,True,False,False,False,False,True,False,True,False,False
row_07667,PRD-BHKJ25,20.449,0.121,baking goods,106.4,STORE-89Z,33,556.5,False,True,False,False,False,True,False,False,True,False,False
row_07668,PRD-0U24IQ,5.736,0.1257,DAIRY,88.59,STORE-DKU,30,1081.06,False,True,False,True,False,True,False,False,False,False,False
row_07669,PRD-HU814P,12.586,0.0095,BAKING GOODS,73.9,STORE-89Z,33,1470.78,False,True,False,False,False,True,False,False,False,False,False
row_07670,PRD-8S2XEM,12.521,0.0392,fruits and vegetables,109.49,STORE-YLW,35,1168.06,False,True,False,False,False,False,True,True,True,False,False
row_07671,PRD-CPCMJT,19.596,0.091,Household,254.3,STORE-OYG,25,2514.54,False,True,False,True,False,True,False,False,False,False,True
row_07672,PRD-4AWTY0,9.233,0.1485,Hard Drinks,195.61,STORE-JOR,34,731.01,False,False,False,False,True,True,False,False,False,False,True
row_07673,PRD-IS25HB,7.756,0.0778,Soft Drinks,122.97,STORE-89Z,33,4012.28,False,True,False,False,False,True,False,False,True,False,False
row_07674,PRD-6KBJ2C,15.622,0.0866,Dairy,144.27,STORE-YLW,35,1622.8,False,True,False,False,False,False,True,False,False,True,False
row_07675,PRD-S82I5U,12.850875916323977,0.1799,HOUSEHOLD,170.26,STORE-7WS,47,4941.7,True,False,False,False,True,True,False,False,False,True,False
row_07676,PRD-DPF1H3,9.608,0.0717,Snack Foods,247.56,STORE-DKU,30,2391.17,False,True,False,True,False,True,False,False,False,False,True
row_07678,PRD-5YE8T5,12.850875916323977,0.0599,FRUITS AND VEGETABLES,155.88,STORE-T5G,47,155.97,False,False,False,False,False,False,True,True,False,True,False
row_07679,PRD-VB2Y6O,12.850875916323977,0.0191,Health and Hygiene,195.05,STORE-7WS,47,3602.75,True,False,False,False,True,True,False,False,False,False,True
row_07680,PRD-9AHW2P,13.624,0.0571,Snack Foods,234.76,STORE-9RG,28,7230.57,False,True,False,True,False,False,True,True,False,False,True
row_07681,PRD-TS3K1S,8.971,0.0055,FROZEN FOODS,102.93,STORE-9RG,28,1305.76,False,True,False,True,False,False,True,False,True,False,False
row_07682,PRD-9WWKQF,17.545,0.0766,canned,159.93,STORE-OYG,25,4035.6,False,True,False,True,False,True,False,False,False,True,False
row_07684,PRD-IEPXXY,19.531,0.0171,Frozen Foods,118.28,STORE-89Z,33,1704.77,False,True,False,False,False,True,False,False,True,False,False
row_07685,PRD-5J92DM,17.124,0.2644,FROZEN FOODS,193.92,STORE-JOR,34,1185.09,False,False,False,False,True,True,False,True,False,False,True
row_07686,PRD-P5GVBS,11.446,0.2367,dairy,243.48,STORE-JOR,34,745.73,False,False,False,False,True,True,False,True,False,False,True
row_07688,PRD-6192K4,15.794,0.1084,soft drinks,58.98,STORE-YLW,35,606.5,False,True,False,False,False,False,True,False,False,False,False
row_07689,PRD-8LXUM3,7.175,0.1001,DAIRY,143.38,STORE-JOR,34,137.3,False,False,False,False,True,True,False,False,False,True,False
row_07690,PRD-40MGG1,12.850875916323977,0.1585,soft drinks,193.04,STORE-T5G,47,192.1,False,False,False,False,False,False,True,False,False,False,True
row_07691,PRD-Q9AH8R,10.488,0.0563,DAIRY,237.66,STORE-9RG,28,2184.9,False,True,False,True,False,False,True,False,False,False,True
row_07692,PRD-OGYR3X,17.607,0.0383,SOFT DRINKS,193.59,STORE-9RG,28,2497.55,False,True,False,True,False,False,True,False,False,False,True
row_07693,PRD-CTXCWN,12.850875916323977,0.0189,Soft Drinks,157.81,STORE-89Z,33,3698.99,False,True,False,False,False,True,False,False,False,True,False
row_07694,PRD-DI6SOU,6.632,0.0465,Canned,150.87,STORE-9RG,28,3145.54,False,True,False,True,False,False,True,True,False,True,False
row_07695,PRD-3FFZLS,20.313,0.0253,Fruits and Vegetables,122.67,STORE-9RG,28,2031.15,False,True,False,True,False,False,True,False,True,False,False
row_07696,PRD-LUX745,16.261,0.0367,HEALTH AND HYGIENE,93.8,STORE-AGY,45,911.35,False,True,False,False,True,False,False,False,True,False,False
row_07699,PRD-UHT6T0,15.719,0.0345,Soft Drinks,72.87,STORE-9RG,28,896.45,False,True,False,True,False,False,True,False,False,False,False
row_07701,PRD-2T1TDG,12.850875916323977,0.0431,HARD DRINKS,197.88,STORE-7WS,47,2301.37,True,False,False,False,True,True,False,False,False,False,True
row_07702,PRD-V3EOYY,15.84,0.0693,Breads,215.0,STORE-9RG,28,1050.89,False,True,False,True,False,False,True,False,False,False,True
row_07703,PRD-S0LI0X,10.268,0.017,Starchy Foods,242.2,STORE-OYG,25,4165.48,False,True,False,True,False,True,False,True,False,False,True
row_07704,PRD-TKECTS,18.774,0.0748,SNACK FOODS,213.67,STORE-DKU,30,2645.43,False,True,False,True,False,True,False,False,False,False,True
row_07705,PRD-2H3TZR,9.577,0.1007,soft drinks,170.92,STORE-9RG,28,1757.54,False,True,False,True,False,False,True,False,False,True,False
row_07706,PRD-FNO6B9,8.367,0.1298,Soft Drinks,186.59,STORE-AGY,45,532.14,False,True,False,False,True,False,False,True,False,False,True
row_07707,PRD-7Z4G25,12.850875916323977,0.0611,Canned,154.58,STORE-7WS,47,2291.74,True,False,False,False,True,True,False,False,False,True,False
row_07708,PRD-F4B8DW,19.971,0.0364,Dairy,214.96,STORE-HL7,23,2508.3,False,False,True,False,True,True,False,False,False,False,True
row_07710,PRD-QYXGO4,19.937,0.0539,Fruits and Vegetables,54.94,STORE-OYG,25,1496.43,False,True,False,True,False,True,False,False,False,False,False
row_07711,PRD-3I603D,17.422,0.0275,Frozen Foods,269.49,STORE-OYG,25,5053.96,False,True,False,True,False,True,False,False,False,False,True
row_07712,PRD-JVZA65,12.205,0.0196,snack foods,148.64,STORE-AGY,45,2171.97,False,True,False,False,True,False,False,False,False,True,False
row_07714,PRD-KYAFJ4,6.788,0.0867,FRUITS AND VEGETABLES,126.59,STORE-YLW,35,2342.95,False,True,False,False,False,False,True,False,True,False,False
row_07716,PRD-78TW48,9.7,0.0,Snack Foods,184.61,STORE-JOR,34,1049.95,False,False,False,False,True,True,False,True,False,True,False
row_07717,PRD-CC46C1,19.837,0.1951,Baking Goods,192.05,STORE-JOR,34,386.42,False,False,False,False,True,True,False,True,False,False,True
row_07718,PRD-YOZV8C,17.456,0.1691,Household,172.67,STORE-OYG,25,2684.32,False,True,False,True,False,True,False,False,False,True,False
row_07719,PRD-1EYY37,15.012,0.0485,Soft Drinks,64.57,STORE-89Z,33,944.18,False,True,False,False,False,True,False,False,False,False,False
row_07720,PRD-I7KBCW,14.769,0.0828,meat,195.38,STORE-89Z,33,3677.56,False,True,False,False,False,True,False,False,False,False,True
row_07721,PRD-US5PUY,14.573,0.0748,FRUITS AND VEGETABLES,48.36,STORE-DKU,30,196.17,False,True,False,True,False,True,False,False,False,False,False
row_07722,PRD-A8C4XU,14.772,0.0781,Meat,232.95,STORE-DKU,30,3566.51,False,True,False,True,False,True,False,True,False,False,True
row_07723,PRD-N4RCER,17.415,0.1537,Seafood,153.49,STORE-HL7,23,3612.92,False,False,True,False,True,True,False,True,False,True,False
row_07724,PRD-6C3BE3,21.0,0.0681,HOUSEHOLD,152.65,STORE-JOR,34,152.88,False,False,False,False,True,True,False,False,False,True,False
row_07725,PRD-AK5W77,8.384,0.031,Canned,221.43,STORE-HL7,23,3518.61,False,False,True,False,True,True,False,True,False,False,True
row_07727,PRD-N2T3QH,10.898,0.0568,fruits and vegetables,61.66,STORE-DKU,30,175.81,False,True,False,True,False,True,False,False,False,False,False
row_07728,PRD-KJ6I53,7.448,0.1907,household,32.44,STORE-89Z,33,582.47,False,True,False,False,False,True,False,False,False,False,False
row_07729,PRD-U652FY,8.882,0.0472,CANNED,169.84,STORE-JOR,34,512.1,False,False,False,False,True,True,False,True,False,True,False
row_07730,PRD-FT3J41,12.850875916323977,0.1071,Baking Goods,161.85,STORE-7WS,47,4070.6,True,False,False,False,True,True,False,True,False,True,False
row_07731,PRD-V4B1K1,7.034,0.007,Baking Goods,48.63,STORE-AGY,45,1089.81,False,True,False,False,True,False,False,False,False,False,False
row_07732,PRD-V3EOYY,15.996,0.0708,Breads,221.66,STORE-DKU,30,628.86,False,True,False,True,False,True,False,False,False,False,True
row_07733,PRD-5RX1SQ,7.504,0.0464,DAIRY,125.04,STORE-YLW,35,635.01,False,True,False,False,False,False,True,True,True,False,False
row_07735,PRD-30DM7X,9.208,0.109,Soft Drinks,43.73,STORE-YLW,35,513.7,False,True,False,False,False,False,True,True,False,False,False
row_07736,PRD-N6ZV9D,20.647,0.157,Fruits and Vegetables,63.67,STORE-YLW,35,663.37,False,True,False,False,False,False,True,True,False,False,False
row_07737,PRD-VM8F3I,15.925,0.1177,FRUITS AND VEGETABLES,60.71,STORE-HL7,23,731.71,False,False,True,False,True,True,False,True,False,False,False
row_07738,PRD-DTQLBZ,14.523,0.1313,Baking Goods,101.96,STORE-DKU,30,2018.46,False,True,False,True,False,True,False,True,True,False,False
row_07739,PRD-N244KO,20.071,0.0342,snack foods,216.51,STORE-9RG,28,4297.08,False,True,False,True,False,False,True,False,False,False,True
row_07740,PRD-NE9NNO,9.348,0.0088,fruits and vegetables,117.66,STORE-DKU,30,1301.87,False,True,False,True,False,True,False,False,True,False,False
row_07741,PRD-3A1DU1,5.814,0.082,Household,167.39,STORE-DKU,30,4099.86,False,True,False,True,False,True,False,False,False,True,False
row_07742,PRD-7RS8R0,6.412,0.102,Fruits and Vegetables,84.47,STORE-HL7,23,1359.04,False,False,True,False,True,True,False,False,False,False,False
row_07743,PRD-MICMBP,7.922,0.0813,frozen foods,32.89,STORE-AGY,45,662.17,False,True,False,False,True,False,False,True,False,False,False
row_07744,PRD-R2JCPS,8.823,0.0215,CANNED,53.64,STORE-9RG,28,1178.82,False,True,False,True,False,False,True,False,False,False,False
row_07745,PRD-EPWUKF,9.403,0.1004,Baking Goods,45.21,STORE-DKU,30,676.26,False,True,False,True,False,True,False,False,False,False,False
row_07747,PRD-IDKG04,8.719,0.0881,SNACK FOODS,117.83,STORE-YLW,35,2450.79,False,True,False,False,False,False,True,True,True,False,False
row_07749,PRD-K82WU9,6.065,0.1061,FRUITS AND VEGETABLES,128.01,STORE-YLW,35,3459.15,False,True,False,False,False,False,True,True,True,False,False
row_07750,PRD-BFDNHH,8.511,0.0932,snack foods,147.8,STORE-YLW,35,2462.06,False,True,False,False,False,False,True,True,False,True,False
row_07751,PRD-J8GI5O,5.967,0.1046,Frozen Foods,209.12,STORE-9RG,28,7254.99,False,True,False,True,False,False,True,True,False,False,True
row_07752,PRD-TIGUE8,15.497,0.0618,household,130.76,STORE-DKU,30,2376.69,False,True,False,True,False,True,False,False,True,False,False
row_07754,PRD-V2AQNP,11.41,0.1548,BREAKFAST,165.73,STORE-9RG,28,4397.76,False,True,False,True,False,False,True,True,False,True,False
row_07756,PRD-9Q4JNA,20.766,0.0623,SNACK FOODS,252.39,STORE-9RG,28,2022.73,False,True,False,True,False,False,True,False,False,False,True
row_07757,PRD-VW2RFX,6.302,0.0514,DAIRY,176.64,STORE-AGY,45,4445.55,False,True,False,False,True,False,False,False,False,True,False
row_07758,PRD-UHT6T0,16.466,0.0331,soft drinks,75.44,STORE-YLW,35,1485.26,False,True,False,False,False,False,True,False,False,False,False
row_07760,PRD-MPXPMF,14.923,0.0343,Health and Hygiene,236.88,STORE-OYG,25,2936.15,False,True,False,True,False,True,False,False,False,False,True
row_07761,PRD-EVZUBR,17.548,0.0552,Frozen Foods,41.39,STORE-9RG,28,796.28,False,True,False,True,False,False,True,False,False,False,False
row_07762,PRD-VN11V8,11.093,0.0611,fruits and vegetables,151.33,STORE-89Z,33,4208.41,False,True,False,False,False,True,False,False,False,True,False
row_07764,PRD-0QD58X,17.631,0.0162,Breads,46.34,STORE-HL7,23,1152.16,False,False,True,False,True,True,False,True,False,False,False
row_07765,PRD-49M5ZM,12.68,0.0963,FRUITS AND VEGETABLES,114.87,STORE-HL7,23,1594.0,False,False,True,False,True,True,False,False,True,False,False
row_07766,PRD-QKDZ1Q,16.216,0.0605,FRUITS AND VEGETABLES,222.67,STORE-AGY,45,4313.07,False,True,False,False,True,False,False,True,False,False,True
row_07767,PRD-TT69UA,7.705,0.052,canned,123.48,STORE-OYG,25,3547.36,False,True,False,True,False,True,False,False,True,False,False
row_07768,PRD-UE8YM7,20.152,0.043,Dairy,179.62,STORE-DKU,30,1104.65,False,True,False,True,False,True,False,False,False,True,False
row_07769,PRD-BZNC9Q,7.129,0.1442,Meat,189.2,STORE-YLW,35,3965.99,False,True,False,False,False,False,True,True,False,False,True
row_07770,PRD-00CVW9,7.597,0.0738,Breads,76.58,STORE-AGY,45,1383.54,False,True,False,False,True,False,False,True,False,False,False
row_07772,PRD-AEYV7C,11.784,0.1469,Fruits and Vegetables,108.12,STORE-HL7,23,1210.97,False,False,True,False,True,True,False,False,True,False,False
row_07773,PRD-NQ65QD,6.239,0.0,DAIRY,61.62,STORE-AGY,45,1146.25,False,True,False,False,True,False,False,False,False,False,False
row_07774,PRD-KCDXSN,12.850875916323977,0.0785,fruits and vegetables,44.57,STORE-7WS,47,817.98,True,False,False,False,True,True,False,False,False,False,False
row_07775,PRD-XH6DLO,17.802,0.1241,FROZEN FOODS,118.56,STORE-HL7,23,354.16,False,False,True,False,True,True,False,False,True,False,False
row_07776,PRD-RLBUOB,7.403,0.0219,SEAFOOD,180.14,STORE-YLW,35,5053.78,False,True,False,False,False,False,True,True,False,True,False
row_07777,PRD-7MX3JP,19.408,0.0397,Fruits and Vegetables,118.96,STORE-DKU,30,2686.95,False,True,False,True,False,True,False,False,True,False,False
row_07778,PRD-0YF9P7,6.007,0.1051,FRUITS AND VEGETABLES,54.13,STORE-HL7,23,806.05,False,False,True,False,True,True,False,False,False,False,False
row_07779,PRD-6CJDKQ,18.154,0.0932,fruits and vegetables,202.19,STORE-AGY,45,602.04,False,True,False,False,True,False,False,False,False,False,True
row_07780,PRD-4XH4FJ,19.143,0.0916,FROZEN FOODS,184.45,STORE-OYG,25,4920.3,False,True,False,True,False,True,False,True,False,True,False
row_07781,PRD-NSWIL6,21.229,0.0378,MEAT,119.37,STORE-9RG,28,811.74,False,True,False,True,False,False,True,False,True,False,False
row_07782,PRD-YFXOBU,9.134,0.067,fruits and vegetables,198.33,STORE-DKU,30,3190.29,False,True,False,True,False,True,False,True,False,False,True
row_07783,PRD-6I2KOE,19.917,0.0397,SNACK FOODS,164.46,STORE-9RG,28,2512.82,False,True,False,True,False,False,True,False,False,True,False
row_07785,PRD-5R5L6R,12.850875916323977,0.1538,Frozen Foods,41.31,STORE-T5G,47,40.09,False,False,False,False,False,False,True,False,False,False,False
row_07786,PRD-MMSLOQ,12.223,0.0,Others,250.52,STORE-YLW,35,4185.24,False,True,False,False,False,False,True,False,False,False,True
row_07787,PRD-NSQDTZ,12.850875916323977,0.051,snack foods,112.52,STORE-7WS,47,2425.5,True,False,False,False,True,True,False,False,True,False,False
row_07788,PRD-YROQ4H,11.644,0.0234,HEALTH AND HYGIENE,175.19,STORE-YLW,35,4728.66,False,True,False,False,False,False,True,False,False,True,False
row_07789,PRD-4WYJ9D,16.823,0.0734,Fruits and Vegetables,106.94,STORE-OYG,25,1451.94,False,True,False,True,False,True,False,False,True,False,False
row_07791,PRD-1Z0SHZ,6.581,0.0172,fruits and vegetables,206.57,STORE-YLW,35,4156.31,False,True,False,False,False,False,True,False,False,False,True
row_07792,PRD-T6T18U,11.851,0.0313,Canned,72.71,STORE-OYG,25,1492.91,False,True,False,True,False,True,False,False,False,False,False
row_07793,PRD-WM8LSW,12.850875916323977,0.1293,baking goods,255.12,STORE-T5G,47,259.06,False,False,False,False,False,False,True,False,False,False,True
row_07794,PRD-TF6NJ8,15.737,0.0985,Fruits and Vegetables,80.02,STORE-AGY,45,1193.33,False,True,False,False,True,False,False,False,False,False,False
row_07795,PRD-ZM7AEF,4.677,0.0347,Frozen Foods,112.92,STORE-AGY,45,1237.18,False,True,False,False,True,False,False,True,True,False,False
row_07797,PRD-44P39J,11.453,0.0644,frozen foods,265.83,STORE-HL7,23,5481.49,False,False,True,False,True,True,False,True,False,False,True
row_07798,PRD-UH8IUN,8.035,0.0394,Meat,89.97,STORE-OYG,25,1274.05,False,True,False,True,False,True,False,True,False,False,False
row_07799,PRD-0YF9P7,5.978,0.1033,Fruits and Vegetables,53.58,STORE-9RG,28,1047.77,False,True,False,True,False,False,True,False,False,False,False
row_07801,PRD-I7KBCW,14.864,0.0,Meat,186.4,STORE-AGY,45,4696.22,False,True,False,False,True,False,False,False,False,False,True
row_07802,PRD-M3FQUK,9.062,0.0,snack foods,163.82,STORE-YLW,35,4733.75,False,True,False,False,False,False,True,True,False,True,False
row_07803,PRD-8Q2Y4P,9.151,0.0692,Breakfast,55.92,STORE-AGY,45,452.2,False,True,False,False,True,False,False,True,False,False,False
row_07805,PRD-QIP98Q,12.850875916323977,0.0646,soft drinks,144.36,STORE-7WS,47,4110.63,True,False,False,False,True,True,False,False,False,True,False
row_07807,PRD-0TRD9L,12.850875916323977,0.0191,Frozen Foods,127.7,STORE-7WS,47,1706.98,True,False,False,False,True,True,False,True,True,False,False
row_07809,PRD-1WMMME,15.66,0.0156,others,149.38,STORE-9RG,28,2749.16,False,True,False,True,False,False,True,False,False,True,False
row_07810,PRD-CLVEHR,16.136,0.1581,Frozen Foods,33.54,STORE-YLW,35,279.23,False,True,False,False,False,False,True,True,False,False,False
row_07811,PRD-AN63XD,13.311,0.0062,frozen foods,193.36,STORE-9RG,28,4216.62,False,True,False,True,False,False,True,False,False,False,True
row_07813,PRD-WCAQ6Y,12.163,0.1076,FRUITS AND VEGETABLES,83.11,STORE-AGY,45,718.07,False,True,False,False,True,False,False,True,False,False,False
row_07814,PRD-40MGG1,13.887,0.0,Soft Drinks,185.73,STORE-9RG,28,1826.21,False,True,False,True,False,False,True,False,False,True,False
row_07815,PRD-2WLNC8,8.75,0.0162,household,198.15,STORE-89Z,33,4181.55,False,True,False,False,False,True,False,False,False,False,True
row_07816,PRD-E8DE4C,15.166,0.1603,Snack Foods,151.26,STORE-AGY,45,3788.65,False,True,False,False,True,False,False,True,False,True,False
row_07817,PRD-EI7XZU,13.355,0.0,fruits and vegetables,175.68,STORE-AGY,45,4937.82,False,True,False,False,True,False,False,False,False,True,False
row_07818,PRD-QKXIRH,18.379,0.1077,Frozen Foods,117.97,STORE-AGY,45,2566.95,False,True,False,False,True,False,False,False,True,False,False
row_07820,PRD-DFNIAJ,4.928,0.0922,Breads,120.19,STORE-AGY,45,1290.77,False,True,False,False,True,False,False,False,True,False,False
row_07824,PRD-PQJ1YE,12.850875916323977,0.0,Canned,93.44,STORE-7WS,47,2737.28,True,False,False,False,True,True,False,True,True,False,False
row_07826,PRD-M2AOBR,18.434,0.0124,HOUSEHOLD,123.61,STORE-DKU,30,2677.96,False,True,False,True,False,True,False,False,True,False,False
row_07827,PRD-CSMCMC,10.767,0.01,Dairy,121.44,STORE-89Z,33,2414.25,False,True,False,False,False,True,False,True,True,False,False
row_07828,PRD-8VYI78,15.688,0.0714,Household,224.87,STORE-9RG,28,4853.79,False,True,False,True,False,False,True,False,False,False,True
row_07829,PRD-71SD9E,14.359,0.0653,snack foods,194.02,STORE-89Z,33,3244.32,False,True,False,False,False,True,False,False,False,False,True
row_07830,PRD-MPP566,12.229,0.0757,HOUSEHOLD,248.87,STORE-DKU,30,3605.23,False,True,False,True,False,True,False,False,False,False,True
row_07831,PRD-U3P1ZC,17.064,0.0,Breads,90.14,STORE-DKU,30,947.18,False,True,False,True,False,True,False,False,False,False,False
row_07832,PRD-WG1IQ4,20.379,0.0476,fruits and vegetables,128.5,STORE-DKU,30,643.23,False,True,False,True,False,True,False,False,True,False,False
row_07833,PRD-2BSMEB,6.684,0.0358,baking goods,51.05,STORE-DKU,30,1217.32,False,True,False,True,False,True,False,False,False,False,False
row_07834,PRD-NSQDTZ,17.637,0.0511,SNACK FOODS,112.16,STORE-DKU,30,1926.28,False,True,False,True,False,True,False,False,True,False,False
row_07835,PRD-WEWPGV,15.374,0.1144,SNACK FOODS,224.78,STORE-DKU,30,6715.03,False,True,False,True,False,True,False,False,False,False,True
row_07836,PRD-L8WU3R,12.850875916323977,0.0178,SNACK FOODS,112.88,STORE-7WS,47,5315.16,True,False,False,False,True,True,False,True,True,False,False
row_07837,PRD-ZOID71,14.787,0.0893,FRUITS AND VEGETABLES,225.64,STORE-89Z,33,5959.01,False,True,False,False,False,True,False,True,False,False,True
row_07838,PRD-5SOWOM,11.312,0.0149,STARCHY FOODS,173.98,STORE-AGY,45,2102.12,False,True,False,False,True,False,False,False,False,True,False
row_07840,PRD-UT6HR4,12.850875916323977,0.0296,Health and Hygiene,129.5,STORE-7WS,47,3545.83,True,False,False,False,True,True,False,False,True,False,False
row_07841,PRD-S6KFRX,19.489,0.1727,household,175.8,STORE-OYG,25,1611.75,False,True,False,True,False,True,False,False,False,True,False
row_07842,PRD-U02KQN,20.161,0.0409,Health and Hygiene,150.68,STORE-JOR,34,304.27,False,False,False,False,True,True,False,False,False,True,False
row_07844,PRD-P9K4YE,7.904,0.0054,FROZEN FOODS,118.27,STORE-9RG,28,1332.76,False,True,False,True,False,False,True,False,True,False,False
row_07845,PRD-ICW8VL,9.319,0.0161,BAKING GOODS,83.81,STORE-YLW,35,2627.94,False,True,False,False,False,False,True,False,False,False,False
row_07846,PRD-PSQUZU,18.3,0.0533,SNACK FOODS,190.95,STORE-OYG,25,2872.04,False,True,False,True,False,True,False,False,False,False,True
row_07848,PRD-T0HICC,13.736,0.1167,snack foods,197.0,STORE-9RG,28,2501.29,False,True,False,True,False,False,True,False,False,False,True
row_07849,PRD-C5OAOO,7.241,0.1157,Others,146.23,STORE-89Z,33,5342.01,False,True,False,False,False,True,False,False,False,True,False
row_07850,PRD-KE6H76,12.850875916323977,0.0516,Baking Goods,100.57,STORE-T5G,47,564.82,False,False,False,False,False,False,True,True,True,False,False
row_07851,PRD-TJ3D90,14.722,0.1546,starchy foods,103.39,STORE-DKU,30,444.05,False,True,False,True,False,True,False,False,True,False,False
row_07852,PRD-VXSN74,12.850875916323977,0.0525,snack foods,139.83,STORE-7WS,47,3191.65,True,False,False,False,True,True,False,False,True,False,False
row_07853,PRD-WEWPGV,12.850875916323977,0.2138,snack foods,225.16,STORE-T5G,47,225.92,False,False,False,False,False,False,True,False,False,False,True
row_07854,PRD-4AWTY0,9.738,0.0,Hard Drinks,188.57,STORE-OYG,25,1268.28,False,True,False,True,False,True,False,False,False,False,True
row_07855,PRD-YW8YG4,5.565,0.1118,Frozen Foods,257.41,STORE-JOR,34,1316.34,False,False,False,False,True,True,False,False,False,False,True
row_07856,PRD-US5PUY,14.7,0.0746,Fruits and Vegetables,49.93,STORE-HL7,23,872.27,False,False,True,False,True,True,False,False,False,False,False
row_07857,PRD-X36ZHB,10.319,0.0239,BAKING GOODS,177.43,STORE-HL7,23,3537.35,False,False,True,False,True,True,False,True,False,True,False
row_07858,PRD-I3MWRM,16.048,0.034,MEAT,164.45,STORE-HL7,23,1563.67,False,False,True,False,True,True,False,False,False,True,False
row_07859,PRD-EGB41B,5.124,0.009,HOUSEHOLD,121.36,STORE-DKU,30,597.04,False,True,False,True,False,True,False,False,True,False,False
row_07860,PRD-52DNR9,8.875,0.1085,Soft Drinks,123.98,STORE-DKU,30,3076.91,False,True,False,True,False,True,False,True,True,False,False
row_07862,PRD-TS3K1S,8.808,0.0089,Frozen Foods,98.83,STORE-JOR,34,103.77,False,False,False,False,True,True,False,False,True,False,False
row_07863,PRD-QK31H5,15.795,0.0341,FRUITS AND VEGETABLES,256.53,STORE-DKU,30,6541.17,False,True,False,True,False,True,False,False,False,False,True
row_07865,PRD-HC0BPN,10.352,0.096,Fruits and Vegetables,193.41,STORE-JOR,34,199.07,False,False,False,False,True,True,False,True,False,False,True
row_07866,PRD-YLAH3X,15.349,0.0334,Household,112.8,STORE-HL7,23,1937.76,False,False,True,False,True,True,False,False,True,False,False
row_07867,PRD-P2F8UZ,12.597,0.055,Household,187.81,STORE-YLW,35,4363.34,False,True,False,False,False,False,True,False,False,False,True
row_07868,PRD-T0VKG3,18.37,0.0499,Household,131.13,STORE-YLW,35,1858.56,False,True,False,False,False,False,True,False,True,False,False
row_07872,PRD-I379U2,19.196,0.0355,Soft Drinks,55.09,STORE-89Z,33,750.71,False,True,False,False,False,True,False,False,False,False,False
row_07873,PRD-RP91YM,20.551,0.15,Meat,78.6,STORE-AGY,45,1883.86,False,True,False,False,True,False,False,True,False,False,False
row_07874,PRD-OECBPM,12.850875916323977,0.046,Hard Drinks,175.59,STORE-7WS,47,6840.54,True,False,False,False,True,True,False,False,False,True,False
row_07875,PRD-99VH0W,7.615,0.0524,Fruits and Vegetables,76.67,STORE-89Z,33,1346.89,False,True,False,False,False,True,False,False,False,False,False
row_07876,PRD-MLWBFJ,6.567,0.029,Baking Goods,95.96,STORE-9RG,28,366.33,False,True,False,True,False,False,True,False,True,False,False
row_07877,PRD-1YKXQ9,19.144,0.0498,HEALTH AND HYGIENE,105.2,STORE-89Z,33,2428.53,False,True,False,False,False,True,False,False,True,False,False
row_07878,PRD-JZETKP,8.194,0.0151,Baking Goods,85.41,STORE-HL7,23,1667.71,False,False,True,False,True,True,False,False,False,False,False
row_07880,PRD-RH8H90,9.585,0.0394,health and hygiene,187.92,STORE-JOR,34,395.34,False,False,False,False,True,True,False,False,False,False,True
row_07881,PRD-4CK9XH,12.263,0.1057,Household,174.66,STORE-9RG,28,2774.83,False,True,False,True,False,False,True,False,False,True,False
row_07882,PRD-9TK51I,11.339,0.0403,Frozen Foods,195.13,STORE-HL7,23,2251.43,False,False,True,False,True,True,False,True,False,False,True
row_07883,PRD-VRHX1Z,7.529,0.123,Fruits and Vegetables,121.31,STORE-9RG,28,3492.42,False,True,False,True,False,False,True,False,True,False,False
row_07884,PRD-AQHIU3,12.850875916323977,0.0279,HEALTH AND HYGIENE,61.79,STORE-7WS,47,1732.97,True,False,False,False,True,True,False,False,False,False,False
row_07885,PRD-4DAKF5,12.850875916323977,0.0345,Frozen Foods,243.61,STORE-7WS,47,8013.85,True,False,False,False,True,True,False,True,False,False,True
row_07887,PRD-7B1U9E,10.674,0.026,HOUSEHOLD,173.76,STORE-AGY,45,3118.67,False,True,False,False,True,False,False,False,False,True,False
row_07889,PRD-GZCPKR,19.843,0.0138,HOUSEHOLD,56.83,STORE-YLW,35,722.16,False,True,False,False,False,False,True,False,False,False,False
row_07890,PRD-HC0BPN,10.059,0.0,fruits and vegetables,192.91,STORE-9RG,28,1647.37,False,True,False,True,False,False,True,True,False,False,True
row_07892,PRD-E7SSM9,7.504,0.0988,HOUSEHOLD,57.25,STORE-DKU,30,749.42,False,True,False,True,False,True,False,False,False,False,False
row_07894,PRD-BF1I3L,14.455,0.1525,Soft Drinks,46.14,STORE-HL7,23,431.52,False,False,True,False,True,True,False,False,False,False,False
row_07895,PRD-L9KV91,10.646,0.0308,SEAFOOD,155.56,STORE-89Z,33,1308.02,False,True,False,False,False,True,False,False,False,True,False
row_07897,PRD-OQTR1Y,7.418,0.0991,snack foods,194.09,STORE-DKU,30,2979.72,False,True,False,True,False,True,False,False,False,False,True
row_07898,PRD-Z16UFZ,12.850875916323977,0.0151,Snack Foods,154.54,STORE-7WS,47,891.55,True,False,False,False,True,True,False,False,False,True,False
row_07900,PRD-VHS1K3,14.243,0.0302,soft drinks,140.11,STORE-89Z,33,2626.72,False,True,False,False,False,True,False,False,True,False,False
row_07901,PRD-HCW81X,8.073,0.0102,HARD DRINKS,150.05,STORE-9RG,28,1828.31,False,True,False,True,False,False,True,False,False,True,False
row_07903,PRD-QIP98Q,8.46,0.0638,SOFT DRINKS,146.17,STORE-9RG,28,2524.71,False,True,False,True,False,False,True,False,False,True,False
row_07904,PRD-JWTV3N,10.294,0.0538,Frozen Foods,88.47,STORE-89Z,33,789.22,False,True,False,False,False,True,False,False,False,False,False
row_07905,PRD-WV98Y3,12.850875916323977,0.2424,SNACK FOODS,124.41,STORE-T5G,47,253.85,False,False,False,False,False,False,True,False,True,False,False
row_07906,PRD-1KAUPO,14.367,0.0888,Snack Foods,114.01,STORE-HL7,23,1798.67,False,False,True,False,True,True,False,False,True,False,False
row_07907,PRD-FTNWN0,12.850875916323977,0.2536,Breads,95.82,STORE-T5G,47,578.44,False,False,False,False,False,False,True,False,True,False,False
row_07908,PRD-T93K2H,11.136,0.0645,HOUSEHOLD,187.59,STORE-HL7,23,2946.58,False,False,True,False,True,True,False,False,False,False,True
row_07909,PRD-OIZ8SJ,13.158,0.1559,fruits and vegetables,250.21,STORE-OYG,25,2286.5,False,True,False,True,False,True,False,True,False,False,True
row_07910,PRD-TOPS2I,20.217,0.1552,breakfast,197.26,STORE-JOR,34,741.68,False,False,False,False,True,True,False,False,False,False,True
row_07913,PRD-E6VA05,9.535,0.0431,SOFT DRINKS,33.36,STORE-DKU,30,752.13,False,True,False,True,False,True,False,False,False,False,False
row_07914,PRD-GH9N12,10.965,0.1006,Baking Goods,103.15,STORE-HL7,23,2164.7,False,False,True,False,True,True,False,True,True,False,False
row_07916,PRD-RDEXW2,15.098,0.0537,meat,147.01,STORE-AGY,45,2429.82,False,True,False,False,True,False,False,True,False,True,False
row_07917,PRD-CVIYJK,11.483,0.0206,dairy,88.55,STORE-89Z,33,1011.77,False,True,False,False,False,True,False,True,False,False,False
row_07918,PRD-GNJ6OM,16.468,0.1118,Baking Goods,182.97,STORE-HL7,23,3544.07,False,False,True,False,True,True,False,True,False,True,False
row_07919,PRD-9IT02F,17.151,0.0668,HOUSEHOLD,115.5,STORE-89Z,33,2568.69,False,True,False,False,False,True,False,False,True,False,False
row_07920,PRD-JH7XEX,7.17,0.0414,canned,82.64,STORE-9RG,28,852.3,False,True,False,True,False,False,True,False,False,False,False
row_07921,PRD-MH7GX8,19.125,0.104,Dairy,56.0,STORE-DKU,30,916.97,False,True,False,True,False,True,False,False,False,False,False
row_07922,PRD-LAVSML,12.850875916323977,0.0676,FRUITS AND VEGETABLES,175.66,STORE-T5G,47,710.59,False,False,False,False,False,False,True,False,False,True,False
row_07924,PRD-Q51250,16.34,0.0954,Household,208.1,STORE-YLW,35,1451.78,False,True,False,False,False,False,True,False,False,False,True
row_07925,PRD-CJ2XX2,12.850875916323977,0.0364,fruits and vegetables,37.2,STORE-7WS,47,411.25,True,False,False,False,True,True,False,False,False,False,False
row_07926,PRD-J28SY2,15.546,0.0796,BAKING GOODS,261.31,STORE-DKU,30,4813.91,False,True,False,True,False,True,False,True,False,False,True
row_07927,PRD-R0T4EX,12.775,0.0713,STARCHY FOODS,261.15,STORE-OYG,25,2895.41,False,True,False,True,False,True,False,False,False,False,True
row_07928,PRD-1WW0WD,14.051,0.0818,Baking Goods,78.6,STORE-OYG,25,1297.11,False,True,False,True,False,True,False,False,False,False,False
row_07929,PRD-Q9AH8R,10.532,0.0541,Dairy,235.95,STORE-DKU,30,3768.2,False,True,False,True,False,True,False,False,False,False,True
row_07930,PRD-J5S6R0,18.215,0.0472,Dairy,146.9,STORE-AGY,45,1907.36,False,True,False,False,True,False,False,True,False,True,False
row_07931,PRD-NF4EK6,19.293,0.0673,HOUSEHOLD,41.82,STORE-YLW,35,696.64,False,True,False,False,False,False,True,False,False,False,False
row_07932,PRD-RPHBL5,20.428,0.0482,snack foods,173.71,STORE-HL7,23,1647.68,False,False,True,False,True,True,False,True,False,True,False
row_07933,PRD-JZZGKE,10.386,0.0823,Dairy,48.09,STORE-JOR,34,49.54,False,False,False,False,True,True,False,True,False,False,False
row_07934,PRD-PUWBWJ,12.679,0.0742,DAIRY,256.64,STORE-DKU,30,4442.98,False,True,False,True,False,True,False,True,False,False,True
row_07936,PRD-LK2C0X,12.157,0.015,frozen foods,211.25,STORE-9RG,28,5291.66,False,True,False,True,False,False,True,False,False,False,True
row_07937,PRD-NSLK6R,17.389,0.1135,BAKING GOODS,183.36,STORE-JOR,34,766.02,False,False,False,False,True,True,False,True,False,True,False
row_07938,PRD-CXIFSU,5.91,0.0056,BAKING GOODS,188.23,STORE-AGY,45,2527.13,False,True,False,False,True,False,False,False,False,False,True
row_07940,PRD-GW4LDH,10.026,0.0861,Health and Hygiene,148.95,STORE-YLW,35,416.63,False,True,False,False,False,False,True,False,False,True,False
row_07941,PRD-JVZA65,11.837,0.0208,Snack Foods,148.19,STORE-9RG,28,3230.72,False,True,False,True,False,False,True,False,False,True,False
row_07942,PRD-2X720K,5.842,0.0564,Fruits and Vegetables,84.66,STORE-HL7,23,1375.85,False,False,True,False,True,True,False,True,False,False,False
row_07944,PRD-L7R843,8.199,0.07,HARD DRINKS,247.12,STORE-89Z,33,4344.46,False,True,False,False,False,True,False,False,False,False,True
row_07945,PRD-BTN76M,17.549,0.0,FRUITS AND VEGETABLES,114.38,STORE-DKU,30,2844.9,False,True,False,True,False,True,False,False,True,False,False
row_07946,PRD-2MR4FX,17.541,0.0179,HEALTH AND HYGIENE,93.78,STORE-YLW,35,2204.4,False,True,False,False,False,False,True,False,True,False,False
row_07947,PRD-3WTZL0,5.352,0.0469,others,98.86,STORE-OYG,25,698.48,False,True,False,True,False,True,False,False,True,False,False
row_07948,PRD-ESG687,17.931,0.1761,DAIRY,155.53,STORE-HL7,23,1628.43,False,False,True,False,True,True,False,False,False,True,False
row_07949,PRD-UHG7EC,13.839,0.0254,FROZEN FOODS,160.09,STORE-OYG,25,1869.81,False,True,False,True,False,True,False,True,False,True,False
row_07951,PRD-2VQXX9,12.850875916323977,0.029,SNACK FOODS,41.46,STORE-7WS,47,832.99,True,False,False,False,True,True,False,False,False,False,False
row_07953,PRD-JFXKHA,20.733,0.1191,Snack Foods,98.72,STORE-9RG,28,1532.42,False,True,False,True,False,False,True,True,True,False,False
row_07954,PRD-444NK0,5.185,0.0588,meat,120.42,STORE-DKU,30,2263.57,False,True,False,True,False,True,False,True,True,False,False
row_07955,PRD-C1HY2U,19.615,0.0741,Dairy,109.01,STORE-YLW,35,1766.25,False,True,False,False,False,False,True,False,True,False,False
row_07956,PRD-ZKHI80,12.957,0.0255,household,178.49,STORE-9RG,28,5360.17,False,True,False,True,False,False,True,False,False,True,False
row_07957,PRD-PTOMJB,7.825,0.0335,Soft Drinks,171.05,STORE-OYG,25,3022.25,False,True,False,True,False,True,False,False,False,True,False
row_07958,PRD-CXN22P,16.288,0.0872,Dairy,93.41,STORE-OYG,25,1768.16,False,True,False,True,False,True,False,False,True,False,False
row_07961,PRD-26OC7T,5.069,0.0868,Frozen Foods,254.12,STORE-89Z,33,6176.73,False,True,False,False,False,True,False,False,False,False,True
row_07962,PRD-02NFGI,5.936,0.0347,Canned,177.59,STORE-DKU,30,2837.08,False,True,False,True,False,True,False,False,False,True,False
row_07963,PRD-85W6UY,8.847,0.1824,Fruits and Vegetables,102.64,STORE-DKU,30,798.63,False,True,False,True,False,True,False,False,True,False,False
row_07964,PRD-PDRI65,11.551,0.0178,Health and Hygiene,135.14,STORE-9RG,28,2918.53,False,True,False,True,False,False,True,False,True,False,False
row_07965,PRD-MY5ZPJ,8.287,0.0339,hard drinks,117.28,STORE-HL7,23,1253.39,False,False,True,False,True,True,False,False,True,False,False
row_07968,PRD-PX2TN7,12.155,0.1105,baking goods,33.19,STORE-HL7,23,571.94,False,False,True,False,True,True,False,False,False,False,False
row_07970,PRD-OI1003,16.671,0.0275,household,173.76,STORE-89Z,33,2648.53,False,True,False,False,False,True,False,False,False,True,False
row_07972,PRD-L532UU,17.491,0.0295,dairy,260.31,STORE-HL7,23,3801.09,False,False,True,False,True,True,False,False,False,False,True
row_07973,PRD-UDD467,8.981,0.0277,Dairy,153.88,STORE-9RG,28,2177.74,False,True,False,True,False,False,True,False,False,True,False
row_07974,PRD-74W4G2,16.14,0.0161,Frozen Foods,98.43,STORE-AGY,45,1126.41,False,True,False,False,True,False,False,True,True,False,False
row_07975,PRD-24SCOS,12.850875916323977,0.0036,HARD DRINKS,156.84,STORE-7WS,47,3172.6,True,False,False,False,True,True,False,False,False,True,False
row_07976,PRD-8A5PN4,12.850875916323977,0.1364,Fruits and Vegetables,254.21,STORE-T5G,47,254.7,False,False,False,False,False,False,True,True,False,False,True
row_07978,PRD-WG1IQ4,19.993,0.0435,Fruits and Vegetables,123.57,STORE-YLW,35,1060.85,False,True,False,False,False,False,True,False,True,False,False
row_07979,PRD-DTLHAI,12.17,0.057,baking goods,53.28,STORE-89Z,33,518.66,False,True,False,False,False,True,False,True,False,False,False
row_07980,PRD-7N4YTU,17.968,0.0806,Snack Foods,259.87,STORE-9RG,28,5621.14,False,True,False,True,False,False,True,False,False,False,True
row_07982,PRD-VLUDBJ,5.683,0.0401,snack foods,180.18,STORE-HL7,23,4852.34,False,False,True,False,True,True,False,True,False,True,False
row_07983,PRD-S2II06,14.408,0.112,baking goods,55.41,STORE-DKU,30,1313.61,False,True,False,True,False,True,False,False,False,False,False
row_07984,PRD-7RS8R0,6.572,0.1096,FRUITS AND VEGETABLES,83.56,STORE-89Z,33,1713.75,False,True,False,False,False,True,False,False,False,False,False
row_07985,PRD-4OOJQX,9.209,0.09,Snack Foods,168.24,STORE-OYG,25,1287.09,False,True,False,True,False,True,False,False,False,True,False
row_07986,PRD-S1AWP0,12.850875916323977,0.1177,frozen foods,79.01,STORE-7WS,47,2630.6,True,False,False,False,True,True,False,False,False,False,False
row_07987,PRD-WTOOBM,12.850875916323977,0.0926,Soft Drinks,172.94,STORE-7WS,47,3768.92,True,False,False,False,True,True,False,False,False,True,False
row_07989,PRD-XYXASW,15.447,0.0449,Breads,118.31,STORE-89Z,33,2529.87,False,True,False,False,False,True,False,False,True,False,False
row_07990,PRD-WOLYTS,12.850875916323977,0.0396,Fruits and Vegetables,125.44,STORE-YLW,35,2348.37,False,True,False,False,False,False,True,True,True,False,False
row_07992,PRD-9DBWQW,19.975,0.04,HOUSEHOLD,89.07,STORE-YLW,35,1368.08,False,True,False,False,False,False,True,False,False,False,False
row_07995,PRD-ILCMG5,6.632,0.0501,Fruits and Vegetables,149.78,STORE-YLW,35,1946.44,False,True,False,False,False,False,True,True,False,True,False
row_07997,PRD-EGKRHJ,5.429,0.0058,Snack Foods,99.57,STORE-AGY,45,1686.42,False,True,False,False,True,False,False,True,True,False,False
row_07998,PRD-4PZT3E,12.850875916323977,0.1262,Dairy,213.99,STORE-T5G,47,415.11,False,False,False,False,False,False,True,False,False,False,True
row_07999,PRD-P5GVBS,11.57,0.1402,Dairy,242.41,STORE-9RG,28,2311.67,False,True,False,True,False,False,True,True,False,False,True
row_08000,PRD-3SQ3DG,18.827,0.1085,snack foods,132.84,STORE-JOR,34,550.29,False,False,False,False,True,True,False,False,True,False,False
row_08001,PRD-WMFTOO,12.850875916323977,0.0459,Health and Hygiene,154.71,STORE-7WS,47,2312.47,True,False,False,False,True,True,False,False,False,True,False
row_08002,PRD-8VYI78,16.118,0.0,Household,231.72,STORE-YLW,35,1622.7,False,True,False,False,False,False,True,False,False,False,True
row_08003,PRD-GZGU9E,13.36,0.1011,DAIRY,224.38,STORE-DKU,30,5428.75,False,True,False,True,False,True,False,False,False,False,True
row_08004,PRD-UJG7IN,12.850875916323977,0.1635,FROZEN FOODS,132.03,STORE-T5G,47,127.33,False,False,False,False,False,False,True,False,True,False,False
row_08005,PRD-W9XHRO,12.850875916323977,0.0054,starchy foods,225.6,STORE-7WS,47,3715.03,True,False,False,False,True,True,False,True,False,False,True
row_08006,PRD-4W2O6O,6.935,0.0,Household,154.85,STORE-AGY,45,3172.26,False,True,False,False,True,False,False,False,False,True,False
row_08007,PRD-SKCTQD,6.503,0.0,Breads,97.51,STORE-DKU,30,1489.33,False,True,False,True,False,True,False,False,True,False,False
row_08008,PRD-L7ZBSF,20.059,0.1073,Fruits and Vegetables,194.49,STORE-89Z,33,1512.07,False,True,False,False,False,True,False,True,False,False,True
row_08009,PRD-WJGHF5,19.731,0.1578,CANNED,252.31,STORE-OYG,25,3392.65,False,True,False,True,False,True,False,True,False,False,True
row_08011,PRD-CETEN7,6.838,0.1198,Baking Goods,40.5,STORE-OYG,25,868.21,False,True,False,True,False,True,False,True,False,False,False
row_08012,PRD-N3VBIA,12.850875916323977,0.101,Household,238.75,STORE-T5G,47,250.45,False,False,False,False,False,False,True,False,False,False,True
row_08013,PRD-X9G7HS,10.199,0.1244,Canned,112.68,STORE-89Z,33,2679.98,False,True,False,False,False,True,False,False,True,False,False
row_08014,PRD-VN8NN8,9.233,0.0809,Meat,107.72,STORE-AGY,45,2889.27,False,True,False,False,True,False,False,True,True,False,False
row_08015,PRD-Q9AH8R,10.569,0.0591,Dairy,238.48,STORE-AGY,45,3791.41,False,True,False,False,True,False,False,False,False,False,True
row_08017,PRD-N7P05D,12.850875916323977,0.0229,DAIRY,178.55,STORE-7WS,47,6282.11,True,False,False,False,True,True,False,True,False,True,False
row_08018,PRD-Y8VYIF,19.061,0.0417,Canned,256.44,STORE-HL7,23,2020.05,False,False,True,False,True,True,False,False,False,False,True
row_08019,PRD-3S195J,4.577,0.1195,Hard Drinks,178.91,STORE-9RG,28,2631.03,False,True,False,True,False,False,True,False,False,True,False
row_08020,PRD-THLXJ6,12.850875916323977,0.0,Snack Foods,44.15,STORE-7WS,47,1318.92,True,False,False,False,True,True,False,False,False,False,False
row_08021,PRD-98BNVW,18.746,0.0679,Fruits and Vegetables,192.36,STORE-89Z,33,2725.22,False,True,False,False,False,True,False,True,False,False,True
row_08024,PRD-EWB9HJ,7.452,0.0355,HEALTH AND HYGIENE,170.45,STORE-YLW,35,3890.99,False,True,False,False,False,False,True,False,False,True,False
row_08025,PRD-V56VKT,12.850875916323977,0.178,Fruits and Vegetables,138.89,STORE-7WS,47,3149.53,True,False,False,False,True,True,False,True,True,False,False
row_08026,PRD-IBQR9L,12.850875916323977,0.0298,dairy,211.29,STORE-7WS,47,6457.75,True,False,False,False,True,True,False,True,False,False,True
row_08028,PRD-202SK1,19.447,0.0813,Canned,183.05,STORE-YLW,35,709.62,False,True,False,False,False,False,True,False,False,True,False
row_08030,PRD-2G73AJ,9.566,0.0156,Dairy,246.13,STORE-OYG,25,6064.26,False,True,False,True,False,True,False,False,False,False,True
row_08033,PRD-9SEY62,17.677,0.0376,FRUITS AND VEGETABLES,94.42,STORE-JOR,34,96.61,False,False,False,False,True,True,False,False,True,False,False
row_08034,PRD-GSEMU5,12.850875916323977,0.0292,FRUITS AND VEGETABLES,83.38,STORE-7WS,47,1997.84,True,False,False,False,True,True,False,True,False,False,False
row_08035,PRD-D9DSYZ,14.968,0.0582,household,257.57,STORE-AGY,45,4865.67,False,True,False,False,True,False,False,False,False,False,True
row_08036,PRD-9USY38,6.866,0.0955,SNACK FOODS,116.14,STORE-9RG,28,1297.78,False,True,False,True,False,False,True,False,True,False,False
row_08037,PRD-I7KBCW,15.034,0.0828,Meat,188.74,STORE-9RG,28,4676.09,False,True,False,True,False,False,True,False,False,False,True
row_08038,PRD-QDI07H,17.299,0.1551,dairy,243.49,STORE-YLW,35,1236.45,False,True,False,False,False,False,True,True,False,False,True
row_08039,PRD-S9CFU5,9.333,0.114,Snack Foods,157.05,STORE-OYG,25,1235.76,False,True,False,True,False,True,False,True,False,True,False
row_08040,PRD-AY4H8W,8.924,0.0,Breads,176.28,STORE-DKU,30,3129.87,False,True,False,True,False,True,False,True,False,True,False
row_08041,PRD-X28K8T,12.850875916323977,0.0187,Breads,40.97,STORE-T5G,47,83.91,False,False,False,False,False,False,True,False,False,False,False
row_08043,PRD-6C3BE3,21.007,0.0391,Household,151.32,STORE-HL7,23,2210.97,False,False,True,False,True,True,False,False,False,True,False
row_08044,PRD-7Q94JB,15.178,0.0679,Frozen Foods,150.45,STORE-HL7,23,713.27,False,False,True,False,True,True,False,True,False,True,False
row_08045,PRD-T5J284,13.314,0.1531,snack foods,177.04,STORE-9RG,28,1730.67,False,True,False,True,False,False,True,True,False,True,False
row_08046,PRD-ZJZCZV,8.552,0.0383,snack foods,96.61,STORE-89Z,33,2491.61,False,True,False,False,False,True,False,False,True,False,False
row_08047,PRD-1UBYH8,8.01,0.0602,BREAKFAST,161.82,STORE-DKU,30,1613.89,False,True,False,True,False,True,False,False,False,True,False
row_08049,PRD-YLAH3X,15.432,0.0349,household,112.48,STORE-DKU,30,1454.28,False,True,False,True,False,True,False,False,True,False,False
row_08051,PRD-IBQR9L,20.575,0.0316,DAIRY,214.74,STORE-YLW,35,7778.41,False,True,False,False,False,False,True,True,False,False,True
row_08052,PRD-C1HY2U,20.667,0.0741,dairy,107.62,STORE-HL7,23,1062.38,False,False,True,False,True,True,False,False,True,False,False
row_08053,PRD-1ZUYZY,8.562,0.0478,Fruits and Vegetables,165.91,STORE-DKU,30,1549.42,False,True,False,True,False,True,False,True,False,True,False
row_08054,PRD-H330KV,17.37,0.055,Fruits and Vegetables,143.4,STORE-YLW,35,1830.43,False,True,False,False,False,False,True,False,False,True,False
row_08056,PRD-I67HN3,21.291,0.0,household,229.84,STORE-HL7,23,2008.73,False,False,True,False,True,True,False,False,False,False,True
row_08057,PRD-70LKLF,16.726,0.0673,canned,100.36,STORE-HL7,23,620.92,False,False,True,False,True,True,False,True,True,False,False
row_08058,PRD-6THSXO,10.883,0.0281,Frozen Foods,106.11,STORE-YLW,35,1468.92,False,True,False,False,False,False,True,False,True,False,False
row_08059,PRD-CZD9MX,15.22,0.1085,FRUITS AND VEGETABLES,172.62,STORE-9RG,28,3122.36,False,True,False,True,False,False,True,True,False,True,False
row_08061,PRD-HMIP5B,10.238,0.0295,FRUITS AND VEGETABLES,115.65,STORE-9RG,28,2579.69,False,True,False,True,False,False,True,True,True,False,False
row_08063,PRD-6JKLOQ,11.137,0.2829,BAKING GOODS,159.44,STORE-JOR,34,794.64,False,False,False,False,True,True,False,False,False,True,False
row_08064,PRD-U3P1ZC,12.850875916323977,0.0,Breads,90.04,STORE-7WS,47,1832.11,True,False,False,False,True,True,False,False,False,False,False
row_08065,PRD-E4XLA5,12.850875916323977,0.2173,baking goods,226.98,STORE-T5G,47,442.31,False,False,False,False,False,False,True,True,False,False,True
row_08066,PRD-P1LPTS,17.02,0.1136,Household,259.3,STORE-YLW,35,5134.41,False,True,False,False,False,False,True,False,False,False,True
row_08068,PRD-GVJICS,12.850875916323977,0.3161,snack foods,152.4,STORE-T5G,47,303.02,False,False,False,False,False,False,True,True,False,True,False
row_08069,PRD-IMV03J,15.002,0.0667,Snack Foods,251.9,STORE-9RG,28,6655.7,False,True,False,True,False,False,True,True,False,False,True
row_08070,PRD-ZL5GJ8,17.818,0.0602,MEAT,150.74,STORE-AGY,45,1887.34,False,True,False,False,True,False,False,False,False,True,False
row_08071,PRD-GJY1KD,14.2,0.0,HOUSEHOLD,201.36,STORE-YLW,35,3246.9,False,True,False,False,False,False,True,False,False,False,True
row_08074,PRD-LK2C0X,12.29,0.0153,frozen foods,206.58,STORE-89Z,33,603.96,False,True,False,False,False,True,False,False,False,False,True
row_08076,PRD-Y4II63,17.483,0.2009,Household,128.84,STORE-JOR,34,263.25,False,False,False,False,True,True,False,False,True,False,False
row_08077,PRD-SB61LG,12.850875916323977,0.0499,FRUITS AND VEGETABLES,187.4,STORE-7WS,47,4438.53,True,False,False,False,True,True,False,True,False,False,True
row_08078,PRD-WA5IMY,11.604,0.0754,frozen foods,81.24,STORE-HL7,23,645.42,False,False,True,False,True,True,False,True,False,False,False
row_08080,PRD-2OQEWF,18.478,0.0345,Others,130.28,STORE-YLW,35,1095.69,False,True,False,False,False,False,True,False,True,False,False
row_08082,PRD-GU1UQX,11.144,0.1372,Dairy,257.21,STORE-YLW,35,535.7,False,True,False,False,False,False,True,False,False,False,True
row_08084,PRD-V1VXVU,5.227,0.0896,HEALTH AND HYGIENE,100.49,STORE-HL7,23,1250.88,False,False,True,False,True,True,False,False,True,False,False
row_08085,PRD-P1PFDI,17.976,0.109,Others,108.21,STORE-89Z,33,1588.81,False,True,False,False,False,True,False,False,True,False,False
row_08087,PRD-EVFXVR,14.251,0.0865,HOUSEHOLD,158.04,STORE-YLW,35,4937.73,False,True,False,False,False,False,True,False,False,True,False
row_08088,PRD-L7R843,8.372,0.0689,HARD DRINKS,251.08,STORE-AGY,45,8141.49,False,True,False,False,True,False,False,False,False,False,True
row_08090,PRD-4DAKF5,6.831,0.037,Frozen Foods,242.26,STORE-89Z,33,6162.53,False,True,False,False,False,True,False,True,False,False,True
row_08091,PRD-KL9Z6V,17.848,0.1647,Fruits and Vegetables,37.19,STORE-AGY,45,567.56,False,True,False,False,True,False,False,False,False,False,False
row_08092,PRD-T14KTM,11.005,0.0313,health and hygiene,167.75,STORE-9RG,28,4810.81,False,True,False,True,False,False,True,False,False,True,False
row_08093,PRD-SVH3EJ,6.457,0.0125,MEAT,39.45,STORE-YLW,35,636.51,False,True,False,False,False,False,True,False,False,False,False
row_08094,PRD-Y20K05,11.072,0.0091,Meat,121.72,STORE-89Z,33,1728.1,False,True,False,False,False,True,False,False,True,False,False
row_08095,PRD-9VW3RT,18.83,0.0146,Hard Drinks,107.98,STORE-89Z,33,1881.34,False,True,False,False,False,True,False,False,True,False,False
row_08096,PRD-YP5JO3,8.004,0.0,dairy,215.07,STORE-HL7,23,4729.6,False,False,True,False,True,True,False,True,False,False,True
row_08098,PRD-FGGUXT,5.51,0.0961,SNACK FOODS,63.08,STORE-JOR,34,201.23,False,False,False,False,True,True,False,True,False,False,False
row_08099,PRD-H8YZWJ,9.33,0.0866,Canned,147.67,STORE-YLW,35,2728.56,False,True,False,False,False,False,True,False,False,True,False
row_08100,PRD-JEDKTS,15.539,0.0497,soft drinks,95.39,STORE-DKU,30,2055.87,False,True,False,True,False,True,False,False,True,False,False
row_08102,PRD-1I4N2E,10.242,0.0224,Household,246.75,STORE-9RG,28,7262.7,False,True,False,True,False,False,True,False,False,False,True
row_08103,PRD-EGC2DP,6.732,0.055,snack foods,213.64,STORE-OYG,25,4977.89,False,True,False,True,False,True,False,False,False,False,True
row_08104,PRD-EJRBVY,7.911,0.0332,snack foods,163.63,STORE-HL7,23,1841.84,False,False,True,False,True,True,False,True,False,True,False
row_08105,PRD-AQHIU3,19.029,0.0,health and hygiene,66.14,STORE-JOR,34,194.43,False,False,False,False,True,True,False,False,False,False,False
row_08106,PRD-PQJ1YE,7.427,0.0206,Canned,90.0,STORE-AGY,45,189.73,False,True,False,False,True,False,False,True,False,False,False
row_08107,PRD-AK2WNJ,10.395,0.0753,baking goods,179.49,STORE-AGY,45,3598.81,False,True,False,False,True,False,False,False,False,True,False
row_08108,PRD-6SVH6Q,7.692,0.0425,baking goods,176.03,STORE-OYG,25,2597.72,False,True,False,True,False,True,False,True,False,True,False
row_08109,PRD-VFJJ50,18.999,0.0,fruits and vegetables,244.57,STORE-AGY,45,3431.35,False,True,False,False,True,False,False,True,False,False,True
row_08110,PRD-A3SKAD,13.278,0.0734,Household,157.11,STORE-HL7,23,1833.24,False,False,True,False,True,True,False,False,False,True,False
row_08112,PRD-4B2PMS,21.271,0.0244,health and hygiene,153.32,STORE-9RG,28,904.51,False,True,False,True,False,False,True,False,False,True,False
row_08113,PRD-I4MJMA,12.850875916323977,0.033,Household,263.94,STORE-7WS,47,7454.43,True,False,False,False,True,True,False,False,False,False,True
row_08114,PRD-AK1VRJ,6.278,0.0122,Soft Drinks,192.15,STORE-JOR,34,936.92,False,False,False,False,True,True,False,True,False,False,True
row_08115,PRD-9STG4E,14.091,0.0149,canned,90.35,STORE-DKU,30,1346.93,False,True,False,True,False,True,False,True,False,False,False
row_08116,PRD-1GAGQO,12.850875916323977,0.0532,SEAFOOD,53.51,STORE-7WS,47,1202.57,True,False,False,False,True,True,False,False,False,False,False
row_08117,PRD-VJARJI,12.850875916323977,0.038,snack foods,39.35,STORE-7WS,47,1329.63,True,False,False,False,True,True,False,False,False,False,False
row_08119,PRD-5I0GQM,19.013,0.1494,breakfast,98.13,STORE-DKU,30,1354.32,False,True,False,True,False,True,False,False,True,False,False
row_08120,PRD-JH7XEX,6.884,0.0404,Canned,82.92,STORE-AGY,45,1277.87,False,True,False,False,True,False,False,False,False,False,False
row_08122,PRD-YOQF1P,12.850875916323977,0.0129,FRUITS AND VEGETABLES,112.97,STORE-7WS,47,3069.25,True,False,False,False,True,True,False,True,True,False,False
row_08123,PRD-OQTFZN,12.850875916323977,0.1278,fruits and vegetables,192.42,STORE-7WS,47,5547.4,True,False,False,False,True,True,False,True,False,False,True
row_08124,PRD-S0LI0X,10.394,0.0173,Starchy Foods,245.04,STORE-89Z,33,1375.44,False,True,False,False,False,True,False,True,False,False,True
row_08125,PRD-15BYVZ,18.097,0.0401,hard drinks,188.2,STORE-OYG,25,4314.51,False,True,False,True,False,True,False,False,False,False,True
row_08126,PRD-DI6SOU,6.987,0.0473,Canned,155.85,STORE-HL7,23,2424.32,False,False,True,False,True,True,False,True,False,True,False
row_08127,PRD-TGIQHG,6.215,0.0,HARD DRINKS,111.35,STORE-YLW,35,1128.79,False,True,False,False,False,False,True,False,True,False,False
row_08128,PRD-9TK51I,11.334,0.0443,Frozen Foods,200.57,STORE-OYG,25,3185.84,False,True,False,True,False,True,False,True,False,False,True
row_08129,PRD-2H3TZR,9.635,0.0979,soft drinks,163.35,STORE-HL7,23,1315.1,False,False,True,False,True,True,False,False,False,True,False
row_08130,PRD-1HOH9O,14.478,0.0262,Household,192.79,STORE-89Z,33,4885.72,False,True,False,False,False,True,False,False,False,False,True
row_08131,PRD-AK645K,11.728,0.0726,Snack Foods,84.2,STORE-9RG,28,1262.61,False,True,False,True,False,False,True,True,False,False,False
row_08132,PRD-T6T18U,12.850875916323977,0.0508,Canned,76.12,STORE-T5G,47,223.78,False,False,False,False,False,False,True,False,False,False,False
row_08133,PRD-8KE2WT,16.097,0.0481,FROZEN FOODS,127.13,STORE-HL7,23,1396.09,False,False,True,False,True,True,False,True,True,False,False
row_08134,PRD-ZCF0TU,11.018,0.1321,canned,221.13,STORE-YLW,35,2109.73,False,True,False,False,False,False,True,True,False,False,True
row_08135,PRD-ITKQO4,5.966,0.1538,Meat,157.7,STORE-YLW,35,1962.96,False,True,False,False,False,False,True,True,False,True,False
row_08136,PRD-KL9Z6V,18.431,0.1605,FRUITS AND VEGETABLES,38.01,STORE-9RG,28,249.29,False,True,False,True,False,False,True,False,False,False,False
row_08137,PRD-6S601Z,11.603,0.1255,frozen foods,100.99,STORE-YLW,35,2137.16,False,True,False,False,False,False,True,True,True,False,False
row_08138,PRD-15BYVZ,18.129,0.0713,Hard Drinks,192.02,STORE-JOR,34,379.76,False,False,False,False,True,True,False,False,False,False,True
row_08139,PRD-L9E9NI,8.51,0.0367,Baking Goods,145.02,STORE-DKU,30,910.27,False,True,False,True,False,True,False,True,False,True,False
row_08141,PRD-IWSPFB,5.63,0.0251,meat,104.78,STORE-89Z,33,1097.52,False,True,False,False,False,True,False,True,True,False,False
row_08143,PRD-SCRO8S,15.334,0.1088,FRUITS AND VEGETABLES,42.72,STORE-DKU,30,471.75,False,True,False,True,False,True,False,True,False,False,False
row_08144,PRD-8WJAI7,8.942,0.0643,Snack Foods,177.33,STORE-AGY,45,2065.67,False,True,False,False,True,False,False,False,False,True,False
row_08145,PRD-5FDHJK,6.828,0.0738,SOFT DRINKS,93.46,STORE-DKU,30,639.97,False,True,False,True,False,True,False,False,True,False,False
row_08146,PRD-WV98Y3,19.866,0.1403,Snack Foods,122.9,STORE-HL7,23,1437.77,False,False,True,False,True,True,False,False,True,False,False
row_08147,PRD-10N229,20.498,0.0148,HOUSEHOLD,147.67,STORE-HL7,23,1202.14,False,False,True,False,True,True,False,False,False,True,False
row_08148,PRD-H6TX8K,6.537,0.0149,household,143.49,STORE-YLW,35,3074.73,False,True,False,False,False,False,True,False,False,True,False
row_08149,PRD-098QST,7.053,0.0223,Frozen Foods,270.58,STORE-89Z,33,5004.88,False,True,False,False,False,True,False,False,False,False,True
row_08150,PRD-26OC7T,12.850875916323977,0.1509,frozen foods,241.6,STORE-T5G,47,708.42,False,False,False,False,False,False,True,False,False,False,True
row_08151,PRD-6852FC,11.952,0.0,HARD DRINKS,185.18,STORE-DKU,30,3728.56,False,True,False,True,False,True,False,False,False,True,False
row_08152,PRD-PJ1TV2,17.743,0.0,FRUITS AND VEGETABLES,140.05,STORE-DKU,30,1870.94,False,True,False,True,False,True,False,True,True,False,False
row_08153,PRD-Y7S361,15.623,0.0607,Starchy Foods,228.07,STORE-DKU,30,4766.54,False,True,False,True,False,True,False,False,False,False,True
row_08154,PRD-D7S0Z9,17.948,0.0942,Health and Hygiene,242.34,STORE-9RG,28,5444.67,False,True,False,True,False,False,True,False,False,False,True
row_08157,PRD-YLAH3X,15.592,0.035,Household,110.42,STORE-89Z,33,1913.93,False,True,False,False,False,True,False,False,True,False,False
row_08159,PRD-UPQZIT,7.231,0.0707,Soft Drinks,108.91,STORE-HL7,23,2346.87,False,False,True,False,True,True,False,False,True,False,False
row_08160,PRD-KCDXSN,16.396,0.0745,Fruits and Vegetables,45.54,STORE-89Z,33,483.04,False,True,False,False,False,True,False,False,False,False,False
row_08161,PRD-GV2TFK,7.452,0.0461,Health and Hygiene,99.3,STORE-OYG,25,2762.22,False,True,False,True,False,True,False,False,True,False,False
row_08162,PRD-7135HO,11.631,0.0396,snack foods,233.99,STORE-OYG,25,6621.81,False,True,False,True,False,True,False,False,False,False,True
row_08163,PRD-PKL0BL,5.818,0.0144,Soft Drinks,150.56,STORE-HL7,23,2329.85,False,False,True,False,True,True,False,False,False,True,False
row_08164,PRD-DYYVDQ,19.688,0.0851,canned,157.42,STORE-89Z,33,2112.53,False,True,False,False,False,True,False,True,False,True,False
row_08165,PRD-YUXGFA,11.254,0.0377,Snack Foods,103.98,STORE-AGY,45,3135.53,False,True,False,False,True,False,False,True,True,False,False
row_08166,PRD-8CX8FG,12.850875916323977,0.0901,FROZEN FOODS,227.34,STORE-7WS,47,6269.16,True,False,False,False,True,True,False,True,False,False,True
row_08167,PRD-YLAH3X,15.339,0.0324,household,107.1,STORE-YLW,35,1094.74,False,True,False,False,False,False,True,False,True,False,False
row_08168,PRD-5J92DM,17.111,0.153,Frozen Foods,191.61,STORE-OYG,25,4787.61,False,True,False,True,False,True,False,True,False,False,True
row_08169,PRD-TGVS38,12.850875916323977,0.1664,DAIRY,59.08,STORE-T5G,47,118.27,False,False,False,False,False,False,True,True,False,False,False
row_08170,PRD-F8MDRY,19.645,0.0234,Dairy,246.79,STORE-OYG,25,2287.06,False,True,False,True,False,True,False,True,False,False,True
row_08171,PRD-VHS1K3,13.72,0.0293,soft drinks,143.32,STORE-YLW,35,1999.71,False,True,False,False,False,False,True,False,False,True,False
row_08172,PRD-V0T5X3,17.119,0.023,dairy,112.67,STORE-89Z,33,1367.72,False,True,False,False,False,True,False,False,True,False,False
row_08173,PRD-J28SY2,12.850875916323977,0.0782,BAKING GOODS,255.53,STORE-7WS,47,7487.59,True,False,False,False,True,True,False,True,False,False,True
row_08174,PRD-M9YX0J,12.068,0.0772,Snack Foods,33.09,STORE-DKU,30,560.25,False,True,False,True,False,True,False,True,False,False,False
row_08175,PRD-6MLGK8,19.356,0.0234,Fruits and Vegetables,188.3,STORE-89Z,33,3892.12,False,True,False,False,False,True,False,True,False,False,True
row_08176,PRD-VDV7PE,12.850875916323977,0.0386,Health and Hygiene,40.48,STORE-7WS,47,1348.51,True,False,False,False,True,True,False,False,False,False,False
row_08177,PRD-7135HO,11.739,0.0383,Snack Foods,229.8,STORE-HL7,23,1133.9,False,False,True,False,True,True,False,False,False,False,True
row_08178,PRD-OA9XM0,15.87,0.0,MEAT,47.15,STORE-OYG,25,783.8,False,True,False,True,False,True,False,True,False,False,False
row_08179,PRD-GU1UQX,11.058,0.1376,DAIRY,264.41,STORE-AGY,45,5710.53,False,True,False,False,True,False,False,False,False,False,True
row_08181,PRD-098QST,12.850875916323977,0.021,frozen foods,258.81,STORE-7WS,47,6426.63,True,False,False,False,True,True,False,False,False,False,True
row_08182,PRD-98BNVW,12.850875916323977,0.0636,FRUITS AND VEGETABLES,189.03,STORE-7WS,47,5242.81,True,False,False,False,True,True,False,True,False,False,True
row_08183,PRD-IHO2KG,13.364,0.082,FROZEN FOODS,260.25,STORE-HL7,23,2499.75,False,False,True,False,True,True,False,True,False,False,True
row_08184,PRD-29S85M,19.989,0.0653,snack foods,183.5,STORE-89Z,33,1453.74,False,True,False,False,False,True,False,False,False,True,False
row_08186,PRD-HYW1UI,12.850875916323977,0.0448,Dairy,43.81,STORE-7WS,47,1259.35,True,False,False,False,True,True,False,True,False,False,False
row_08187,PRD-47VEYF,6.323,0.0968,Meat,210.71,STORE-HL7,23,2536.38,False,False,True,False,True,True,False,True,False,False,True
row_08188,PRD-BA4ILA,15.736,0.2131,Fruits and Vegetables,114.19,STORE-JOR,34,227.65,False,False,False,False,True,True,False,True,True,False,False
row_08189,PRD-F88JRF,18.027,0.065,Frozen Foods,142.1,STORE-9RG,28,5666.68,False,True,False,True,False,False,True,True,False,True,False
row_08190,PRD-BAZHAK,18.663,0.0999,Frozen Foods,111.65,STORE-HL7,23,1745.59,False,False,True,False,True,True,False,False,True,False,False
row_08192,PRD-567H48,17.091,0.0423,FROZEN FOODS,95.25,STORE-AGY,45,2807.26,False,True,False,False,True,False,False,True,True,False,False
row_08193,PRD-48C6WZ,12.850875916323977,0.0192,Fruits and Vegetables,64.57,STORE-7WS,47,2207.17,True,False,False,False,True,True,False,True,False,False,False
row_08194,PRD-ZFV8YU,7.581,0.0566,Fruits and Vegetables,125.43,STORE-AGY,45,2102.21,False,True,False,False,True,False,False,False,True,False,False
row_08195,PRD-90O7Y2,15.254,0.097,Soft Drinks,201.04,STORE-OYG,25,7813.0,False,True,False,True,False,True,False,False,False,False,True
row_08196,PRD-NVJUUW,6.602,0.0907,frozen foods,106.13,STORE-DKU,30,1657.54,False,True,False,True,False,True,False,True,True,False,False
row_08197,PRD-SNF69T,8.713,0.0,Household,53.89,STORE-AGY,45,1029.7,False,True,False,False,True,False,False,False,False,False,False
row_08198,PRD-3S195J,4.499,0.1267,Hard Drinks,172.24,STORE-DKU,30,2728.65,False,True,False,True,False,True,False,False,False,True,False
row_08199,PRD-2G9O9Y,6.458,0.0905,CANNED,243.62,STORE-DKU,30,3208.48,False,True,False,True,False,True,False,True,False,False,True
row_08200,PRD-75I63R,9.024,0.0631,Frozen Foods,84.26,STORE-YLW,35,1380.31,False,True,False,False,False,False,True,True,False,False,False
row_08202,PRD-GGO8YM,16.603,0.0688,Breakfast,180.79,STORE-DKU,30,2255.9,False,True,False,True,False,True,False,True,False,True,False
row_08203,PRD-E4XLA5,9.452,0.1303,baking goods,224.89,STORE-YLW,35,3473.8,False,True,False,False,False,False,True,True,False,False,True
row_08205,PRD-0IFJNT,13.276,0.0723,DAIRY,163.98,STORE-HL7,23,1460.18,False,False,True,False,True,True,False,False,False,True,False
row_08206,PRD-KTBCUD,12.850875916323977,0.0,Starchy Foods,170.81,STORE-7WS,47,4289.6,True,False,False,False,True,True,False,False,False,True,False
row_08207,PRD-G8F1CB,19.34,0.042,soft drinks,162.67,STORE-OYG,25,1089.41,False,True,False,True,False,True,False,True,False,True,False
row_08208,PRD-1RUPFR,12.850875916323977,0.1244,hard drinks,35.32,STORE-T5G,47,37.8,False,False,False,False,False,False,True,False,False,False,False
row_08209,PRD-TVFDG0,12.850875916323977,0.0284,BREADS,195.14,STORE-7WS,47,3394.72,True,False,False,False,True,True,False,True,False,False,True
row_08210,PRD-IS25HB,7.323,0.085,Soft Drinks,119.55,STORE-YLW,35,2136.93,False,True,False,False,False,False,True,False,True,False,False
row_08211,PRD-GIHADO,12.850875916323977,0.0518,Frozen Foods,108.23,STORE-7WS,47,3062.74,True,False,False,False,True,True,False,True,True,False,False
row_08212,PRD-6V1JZP,12.850875916323977,0.0255,HOUSEHOLD,247.94,STORE-7WS,47,6303.07,True,False,False,False,True,True,False,False,False,False,True
row_08214,PRD-U0COJB,9.339,0.1132,frozen foods,185.67,STORE-JOR,34,175.67,False,False,False,False,True,True,False,False,False,True,False
row_08215,PRD-V94X2H,12.850875916323977,0.0343,Snack Foods,238.94,STORE-7WS,47,4965.52,True,False,False,False,True,True,False,False,False,False,True
row_08216,PRD-ZJZCZV,8.415,0.0383,Snack Foods,98.86,STORE-DKU,30,1648.33,False,True,False,True,False,True,False,False,True,False,False
row_08217,PRD-52UH5B,16.378,0.0743,Canned,204.17,STORE-9RG,28,5200.83,False,True,False,True,False,False,True,False,False,False,True
row_08218,PRD-6LCP22,21.179,0.067,Canned,254.77,STORE-9RG,28,5170.83,False,True,False,True,False,False,True,False,False,False,True
row_08219,PRD-AQ8H3X,10.77,0.1125,Fruits and Vegetables,189.75,STORE-JOR,34,575.92,False,False,False,False,True,True,False,False,False,False,True
row_08221,PRD-Q9AH8R,12.850875916323977,0.0953,Dairy,233.56,STORE-T5G,47,675.44,False,False,False,False,False,False,True,False,False,False,True
row_08222,PRD-LMEYSN,9.119,0.01,Others,210.71,STORE-HL7,23,3560.05,False,False,True,False,True,True,False,False,False,False,True
row_08223,PRD-0QD58X,17.454,0.0157,breads,43.33,STORE-9RG,28,611.03,False,True,False,True,False,False,True,True,False,False,False
row_08224,PRD-5K9MLE,12.402,0.2628,HOUSEHOLD,114.72,STORE-JOR,34,348.44,False,False,False,False,True,True,False,False,True,False,False
row_08226,PRD-YZB4K8,12.850875916323977,0.0171,fruits and vegetables,46.93,STORE-7WS,47,2161.9,True,False,False,False,True,True,False,True,False,False,False
row_08227,PRD-Q2RPUV,8.512,0.0341,HEALTH AND HYGIENE,142.29,STORE-YLW,35,2091.71,False,True,False,False,False,False,True,False,False,True,False
row_08228,PRD-ZTO1FG,13.887,0.1408,Dairy,266.88,STORE-YLW,35,3139.64,False,True,False,False,False,False,True,False,False,False,True
row_08229,PRD-BFDNHH,8.476,0.0877,Snack Foods,148.3,STORE-DKU,30,2796.37,False,True,False,True,False,True,False,True,False,True,False
row_08230,PRD-V82DIB,11.681,0.0192,MEAT,110.87,STORE-JOR,34,114.97,False,False,False,False,True,True,False,True,True,False,False
row_08232,PRD-RDW6ET,8.967,0.0773,FRUITS AND VEGETABLES,190.08,STORE-AGY,45,7340.2,False,True,False,False,True,False,False,True,False,False,True
row_08233,PRD-48C6WZ,15.302,0.0195,Fruits and Vegetables,61.35,STORE-9RG,28,1185.81,False,True,False,True,False,False,True,True,False,False,False
row_08234,PRD-FZX6AP,13.532,0.0397,snack foods,89.67,STORE-DKU,30,1822.94,False,True,False,True,False,True,False,True,False,False,False
row_08235,PRD-44P39J,12.850875916323977,0.0664,Frozen Foods,266.5,STORE-7WS,47,5687.5,True,False,False,False,True,True,False,True,False,False,True
row_08236,PRD-41CMGC,7.192,0.0433,Fruits and Vegetables,231.42,STORE-YLW,35,3215.29,False,True,False,False,False,False,True,False,False,False,True
row_08237,PRD-8669BY,17.287,0.1304,FRUITS AND VEGETABLES,167.44,STORE-89Z,33,1574.47,False,True,False,False,False,True,False,False,False,True,False
row_08238,PRD-F4B8DW,12.850875916323977,0.0346,DAIRY,213.46,STORE-7WS,47,5684.32,True,False,False,False,True,True,False,False,False,False,True
row_08239,PRD-87AU5B,9.802,0.0137,Soft Drinks,46.07,STORE-OYG,25,811.48,False,True,False,True,False,True,False,False,False,False,False
row_08240,PRD-VXSN74,18.321,0.0545,Snack Foods,145.68,STORE-YLW,35,2354.51,False,True,False,False,False,False,True,False,False,True,False
row_08241,PRD-1SZJIV,10.219,0.1399,Dairy,196.39,STORE-89Z,33,3027.96,False,True,False,False,False,True,False,True,False,False,True
row_08243,PRD-ATSN1U,19.504,0.024,Soft Drinks,82.7,STORE-YLW,35,731.83,False,True,False,False,False,False,True,False,False,False,False
row_08244,PRD-OQTFZN,11.915,0.126,Fruits and Vegetables,186.05,STORE-DKU,30,2969.6,False,True,False,True,False,True,False,True,False,False,True
row_08246,PRD-302FAP,13.682,0.0475,Fruits and Vegetables,150.49,STORE-DKU,30,2108.15,False,True,False,True,False,True,False,False,False,True,False
row_08247,PRD-76CI5F,12.850875916323977,0.0293,Health and Hygiene,157.73,STORE-7WS,47,2562.37,True,False,False,False,True,True,False,False,False,True,False
row_08249,PRD-E42X6G,11.527,0.0647,Dairy,91.26,STORE-DKU,30,1184.78,False,True,False,True,False,True,False,True,False,False,False
row_08250,PRD-MICMBP,7.862,0.0848,Frozen Foods,35.34,STORE-OYG,25,455.1,False,True,False,True,False,True,False,True,False,False,False
row_08251,PRD-OF2TX0,7.667,0.1001,SNACK FOODS,112.18,STORE-DKU,30,2006.63,False,True,False,True,False,True,False,False,True,False,False
row_08252,PRD-1GP1Z7,10.361,0.0949,Snack Foods,207.46,STORE-HL7,23,2203.74,False,False,True,False,True,True,False,True,False,False,True
row_08253,PRD-94QTWZ,12.850875916323977,0.2026,meat,192.76,STORE-T5G,47,373.07,False,False,False,False,False,False,True,False,False,False,True
row_08254,PRD-TXA99J,11.822,0.0098,snack foods,227.79,STORE-AGY,45,2026.97,False,True,False,False,True,False,False,True,False,False,True
row_08255,PRD-9YFZQL,10.494,0.1042,Snack Foods,148.4,STORE-9RG,28,3661.33,False,True,False,True,False,False,True,False,False,True,False
row_08256,PRD-YGW5F2,10.57,0.1496,Meat,105.28,STORE-89Z,33,1741.88,False,True,False,False,False,True,False,False,True,False,False
row_08257,PRD-57XD6K,13.187,0.1692,frozen foods,45.26,STORE-OYG,25,763.16,False,True,False,True,False,True,False,False,False,False,False
row_08259,PRD-DOYWLL,12.356,0.1125,Canned,117.47,STORE-89Z,33,1448.45,False,True,False,False,False,True,False,False,True,False,False
row_08261,PRD-82BCVD,12.850875916323977,0.1087,Fruits and Vegetables,124.93,STORE-T5G,47,265.9,False,False,False,False,False,False,True,True,True,False,False
row_08262,PRD-FZX6AP,12.850875916323977,0.0368,Snack Foods,89.76,STORE-7WS,47,1905.91,True,False,False,False,True,True,False,True,False,False,False
row_08263,PRD-4CK9XH,12.850875916323977,0.1049,Household,172.48,STORE-7WS,47,4400.03,True,False,False,False,True,True,False,False,False,True,False
row_08265,PRD-Y7084P,18.921,0.0252,MEAT,85.52,STORE-9RG,28,828.03,False,True,False,True,False,False,True,False,False,False,False
row_08266,PRD-TOPS2I,20.626,0.0929,Breakfast,188.3,STORE-YLW,35,4916.19,False,True,False,False,False,False,True,False,False,False,True
row_08267,PRD-CZD9MX,15.28,0.1071,fruits and vegetables,173.92,STORE-HL7,23,2930.8,False,False,True,False,True,True,False,True,False,True,False
row_08269,PRD-DH02YH,10.082,0.039,Fruits and Vegetables,242.67,STORE-OYG,25,6752.01,False,True,False,True,False,True,False,False,False,False,True
row_08270,PRD-DOYWLL,12.855,0.1101,Canned,119.25,STORE-9RG,28,1383.04,False,True,False,True,False,False,True,False,True,False,False
row_08271,PRD-NQ65QD,6.12,0.0782,DAIRY,64.72,STORE-OYG,25,1202.91,False,True,False,True,False,True,False,False,False,False,False
row_08272,PRD-L1A5P6,17.051,0.0446,dairy,119.89,STORE-89Z,33,1027.13,False,True,False,False,False,True,False,True,True,False,False
row_08273,PRD-4RQYWN,12.850875916323977,0.0617,Household,128.67,STORE-T5G,47,391.26,False,False,False,False,False,False,True,False,True,False,False
row_08274,PRD-L8WU3R,19.387,0.0186,SNACK FOODS,112.3,STORE-YLW,35,1571.09,False,True,False,False,False,False,True,True,True,False,False
row_08275,PRD-MY5ZPJ,8.179,0.0334,hard drinks,112.35,STORE-9RG,28,2078.2,False,True,False,True,False,False,True,False,True,False,False
row_08276,PRD-OBR9GP,5.434,0.0,HEALTH AND HYGIENE,99.3,STORE-HL7,23,1493.86,False,False,True,False,True,True,False,False,True,False,False
row_08277,PRD-LMEYSN,12.850875916323977,0.0176,Others,211.58,STORE-T5G,47,221.78,False,False,False,False,False,False,True,False,False,False,True
row_08278,PRD-6BH3LL,12.850875916323977,0.1269,Baking Goods,111.83,STORE-T5G,47,216.38,False,False,False,False,False,False,True,False,True,False,False
row_08279,PRD-U9W2MB,13.724,0.1583,Fruits and Vegetables,143.46,STORE-YLW,35,4116.06,False,True,False,False,False,False,True,True,False,True,False
row_08280,PRD-V2AQNP,12.850875916323977,0.1515,breakfast,165.1,STORE-7WS,47,4023.31,True,False,False,False,True,True,False,True,False,True,False
row_08281,PRD-HBRPOI,11.765,0.0,soft drinks,138.18,STORE-9RG,28,993.69,False,True,False,True,False,False,True,False,True,False,False
row_08283,PRD-O69WEZ,17.318,0.0072,Dairy,147.05,STORE-DKU,30,2174.45,False,True,False,True,False,True,False,True,False,True,False
row_08284,PRD-DTYGUJ,12.23,0.0786,Household,169.4,STORE-DKU,30,4568.21,False,True,False,True,False,True,False,False,False,True,False
row_08285,PRD-EU7OL7,17.736,0.0202,meat,262.1,STORE-9RG,28,4146.92,False,True,False,True,False,False,True,True,False,False,True
row_08286,PRD-8MVMVQ,12.850875916323977,0.1212,household,108.49,STORE-7WS,47,4201.15,True,False,False,False,True,True,False,False,True,False,False
row_08287,PRD-OIT2UR,8.235,0.0307,canned,154.39,STORE-YLW,35,1690.2,False,True,False,False,False,False,True,True,False,True,False
row_08288,PRD-MWWJPG,12.984,0.1499,Canned,75.08,STORE-OYG,25,1184.27,False,True,False,True,False,True,False,False,False,False,False
row_08289,PRD-WEPXSK,14.957,0.0443,Soft Drinks,78.13,STORE-AGY,45,912.98,False,True,False,False,True,False,False,False,False,False,False
row_08290,PRD-EBEM2I,12.850875916323977,0.1106,FRUITS AND VEGETABLES,175.9,STORE-7WS,47,3936.45,True,False,False,False,True,True,False,True,False,True,False
row_08291,PRD-1N0XXZ,11.078,0.0101,CANNED,83.77,STORE-DKU,30,1392.11,False,True,False,True,False,True,False,False,False,False,False
row_08292,PRD-BH7RPX,5.099,0.0,Household,165.68,STORE-HL7,23,3503.29,False,False,True,False,True,True,False,False,False,True,False
row_08293,PRD-YM6IER,12.850875916323977,0.0314,Fruits and Vegetables,119.51,STORE-7WS,47,4667.28,True,False,False,False,True,True,False,True,True,False,False
row_08294,PRD-S668FR,18.965,0.0879,others,186.0,STORE-89Z,33,5002.38,False,True,False,False,False,True,False,False,False,False,True
row_08295,PRD-51TIWG,5.873,0.0685,BAKING GOODS,184.55,STORE-OYG,25,4529.17,False,True,False,True,False,True,False,True,False,True,False
row_08296,PRD-4JXFPK,11.844,0.1789,Dairy,57.16,STORE-OYG,25,632.49,False,True,False,True,False,True,False,False,False,False,False
row_08297,PRD-1ZL2WT,13.222,0.0445,Fruits and Vegetables,159.8,STORE-AGY,45,2974.53,False,True,False,False,True,False,False,True,False,True,False
row_08299,PRD-JSPKET,6.901,0.0,Dairy,96.56,STORE-89Z,33,1381.56,False,True,False,False,False,True,False,True,True,False,False
row_08302,PRD-53EF9P,12.850875916323977,0.0287,Household,151.73,STORE-7WS,47,4455.27,True,False,False,False,True,True,False,False,False,True,False
row_08303,PRD-Q7WI57,10.627,0.0405,Fruits and Vegetables,37.07,STORE-DKU,30,765.59,False,True,False,True,False,True,False,False,False,False,False
row_08304,PRD-A0IOEJ,12.850875916323977,0.0114,Canned,192.13,STORE-7WS,47,4103.38,True,False,False,False,True,True,False,False,False,False,True
row_08305,PRD-7ZGA6X,14.74,0.1213,baking goods,89.66,STORE-JOR,34,86.41,False,False,False,False,True,True,False,False,False,False,False
row_08307,PRD-QL2E5M,17.16,0.0597,DAIRY,170.28,STORE-HL7,23,523.67,False,False,True,False,True,True,False,False,False,True,False
row_08309,PRD-3IFU71,9.333,0.1036,BAKING GOODS,140.1,STORE-HL7,23,2465.35,False,False,True,False,True,True,False,False,True,False,False
row_08310,PRD-24SCOS,5.975,0.0036,hard drinks,148.17,STORE-DKU,30,2968.71,False,True,False,True,False,True,False,False,False,True,False
row_08311,PRD-HC0BPN,12.850875916323977,0.0597,FRUITS AND VEGETABLES,192.02,STORE-7WS,47,4219.92,True,False,False,False,True,True,False,True,False,False,True
row_08312,PRD-6IUUKZ,10.909,0.0556,frozen foods,149.81,STORE-JOR,34,457.16,False,False,False,False,True,True,False,True,False,True,False
row_08314,PRD-AK645K,11.676,0.0772,snack foods,86.83,STORE-OYG,25,691.57,False,True,False,True,False,True,False,True,False,False,False
row_08315,PRD-JNNMAX,20.859,0.113,HEALTH AND HYGIENE,226.39,STORE-HL7,23,5445.62,False,False,True,False,True,True,False,False,False,False,True
row_08316,PRD-J0G50R,19.33,0.1088,CANNED,87.6,STORE-JOR,34,83.29,False,False,False,False,True,True,False,False,False,False,False
row_08317,PRD-2PCIGY,7.89,0.086,FRUITS AND VEGETABLES,64.16,STORE-OYG,25,1282.24,False,True,False,True,False,True,False,False,False,False,False
row_08318,PRD-2NS5MH,20.087,0.1754,Canned,183.14,STORE-DKU,30,2578.46,False,True,False,True,False,True,False,False,False,True,False
row_08319,PRD-TRMI8Q,12.971,0.0121,OTHERS,191.19,STORE-HL7,23,1267.25,False,False,True,False,True,True,False,False,False,False,True
row_08321,PRD-6WDG1O,9.179,0.0482,Frozen Foods,251.81,STORE-OYG,25,1250.57,False,True,False,True,False,True,False,True,False,False,True
row_08323,PRD-HFVMHX,8.439,0.0311,Health and Hygiene,232.77,STORE-JOR,34,696.21,False,False,False,False,True,True,False,False,False,False,True
row_08324,PRD-QS3E3R,5.749,0.0955,Breads,163.74,STORE-AGY,45,2196.55,False,True,False,False,True,False,False,False,False,True,False
row_08325,PRD-NHLLA9,12.850875916323977,0.0782,HEALTH AND HYGIENE,56.9,STORE-7WS,47,1515.55,True,False,False,False,True,True,False,False,False,False,False
row_08326,PRD-9ROJVZ,8.412,0.0856,FROZEN FOODS,57.85,STORE-9RG,28,690.84,False,True,False,True,False,False,True,True,False,False,False
row_08327,PRD-LK2C0X,11.884,0.0147,Frozen Foods,217.04,STORE-AGY,45,2609.59,False,True,False,False,True,False,False,False,False,False,True
row_08328,PRD-OFS80Q,12.850875916323977,0.0469,snack foods,191.19,STORE-T5G,47,900.15,False,False,False,False,False,False,True,True,False,False,True
row_08331,PRD-BWWWTP,19.804,0.1534,DAIRY,257.42,STORE-JOR,34,803.87,False,False,False,False,True,True,False,False,False,False,True
row_08333,PRD-75E78H,7.352,0.0308,Household,170.52,STORE-YLW,35,4997.15,False,True,False,False,False,False,True,False,False,True,False
row_08334,PRD-RB4BUY,18.168,0.0437,Frozen Foods,165.19,STORE-9RG,28,1532.82,False,True,False,True,False,False,True,True,False,True,False
row_08335,PRD-EHJIMM,13.286,0.0822,Household,60.31,STORE-89Z,33,1110.62,False,True,False,False,False,True,False,False,False,False,False
row_08338,PRD-EBEM2I,11.957,0.106,FRUITS AND VEGETABLES,168.36,STORE-DKU,30,3262.99,False,True,False,True,False,True,False,True,False,True,False
row_08339,PRD-EFRJYJ,5.28,0.1388,Seafood,171.14,STORE-AGY,45,2737.46,False,True,False,False,True,False,False,True,False,True,False
row_08341,PRD-5JN7BS,9.635,0.03,Snack Foods,221.62,STORE-89Z,33,5506.66,False,True,False,False,False,True,False,True,False,False,True
row_08342,PRD-I4J38V,13.236,0.0659,Frozen Foods,154.93,STORE-YLW,35,3506.34,False,True,False,False,False,False,True,False,False,True,False
row_08343,PRD-2460MA,18.981,0.0505,health and hygiene,190.5,STORE-AGY,45,3546.6,False,True,False,False,True,False,False,False,False,False,True
row_08344,PRD-3KEGH5,6.071,0.0477,Canned,222.52,STORE-89Z,33,5513.86,False,True,False,False,False,True,False,False,False,False,True
row_08346,PRD-S1R8NF,14.058,0.0263,snack foods,78.27,STORE-OYG,25,732.8,False,True,False,True,False,True,False,True,False,False,False
row_08347,PRD-IJVZYN,14.928,0.0614,OTHERS,241.08,STORE-89Z,33,6204.86,False,True,False,False,False,True,False,False,False,False,True
row_08348,PRD-WKDRX0,16.205,0.0991,Meat,46.13,STORE-JOR,34,90.54,False,False,False,False,True,True,False,True,False,False,False
row_08349,PRD-GJY1KD,12.850875916323977,0.0158,HOUSEHOLD,192.84,STORE-T5G,47,189.28,False,False,False,False,False,False,True,False,False,False,True
row_08350,PRD-32CDXS,20.585,0.0181,fruits and vegetables,218.19,STORE-OYG,25,2467.49,False,True,False,True,False,True,False,True,False,False,True
row_08351,PRD-3KSWI6,12.850875916323977,0.0209,Canned,187.23,STORE-T5G,47,558.49,False,False,False,False,False,False,True,True,False,False,True
row_08352,PRD-L06G9E,12.850875916323977,0.1279,Snack Foods,90.17,STORE-T5G,47,85.59,False,False,False,False,False,False,True,False,False,False,False
row_08353,PRD-K3I8BZ,12.137,0.1096,SOFT DRINKS,187.02,STORE-9RG,28,1894.31,False,True,False,True,False,False,True,False,False,False,True
row_08354,PRD-VXSN74,18.251,0.0567,Snack Foods,139.02,STORE-DKU,30,1752.87,False,True,False,True,False,True,False,False,True,False,False
row_08356,PRD-FYZF7M,14.613,0.0873,Health and Hygiene,155.57,STORE-DKU,30,1428.79,False,True,False,True,False,True,False,False,False,True,False
row_08358,PRD-4B2PMS,20.987,0.0263,HEALTH AND HYGIENE,146.93,STORE-YLW,35,2405.96,False,True,False,False,False,False,True,False,False,True,False
row_08359,PRD-R73A70,19.149,0.0273,Meat,191.85,STORE-OYG,25,951.17,False,True,False,True,False,True,False,True,False,False,True
row_08361,PRD-QJTAA7,7.293,0.1707,Breads,34.37,STORE-HL7,23,669.48,False,False,True,False,True,True,False,True,False,False,False
row_08362,PRD-ICW8VL,12.850875916323977,0.0287,BAKING GOODS,79.93,STORE-T5G,47,398.15,False,False,False,False,False,False,True,False,False,False,False
row_08363,PRD-RHA96G,12.850875916323977,0.0,baking goods,191.16,STORE-7WS,47,787.89,True,False,False,False,True,True,False,False,False,False,True
row_08364,PRD-Q6EW09,18.958,0.0501,Snack Foods,185.85,STORE-OYG,25,3644.39,False,True,False,True,False,True,False,False,False,True,False
row_08365,PRD-JB3VCF,12.850875916323977,0.0124,Snack Foods,55.18,STORE-7WS,47,963.98,True,False,False,False,True,True,False,True,False,False,False
row_08366,PRD-MNUTT1,12.850875916323977,0.3177,Canned,145.97,STORE-T5G,47,574.82,False,False,False,False,False,False,True,False,False,True,False
row_08368,PRD-CPCMJT,12.850875916323977,0.162,household,254.56,STORE-T5G,47,761.19,False,False,False,False,False,False,True,False,False,False,True
row_08369,PRD-4AAL09,19.759,0.0829,Others,37.09,STORE-9RG,28,451.25,False,True,False,True,False,False,True,False,False,False,False
row_08370,PRD-HMIP5B,10.24,0.0,FRUITS AND VEGETABLES,111.69,STORE-AGY,45,3957.48,False,True,False,False,True,False,False,True,True,False,False
row_08371,PRD-IAZMTU,14.184,0.0249,BAKING GOODS,101.67,STORE-AGY,45,1742.15,False,True,False,False,True,False,False,False,True,False,False
row_08372,PRD-5HJHWF,12.850875916323977,0.0781,Snack Foods,80.88,STORE-T5G,47,81.2,False,False,False,False,False,False,True,False,False,False,False
row_08374,PRD-BPT359,4.926,0.2339,Baking Goods,52.84,STORE-JOR,34,168.58,False,False,False,False,True,True,False,True,False,False,False
row_08376,PRD-1UQKER,20.307,0.0603,BAKING GOODS,169.36,STORE-9RG,28,2838.16,False,True,False,True,False,False,True,True,False,True,False
row_08377,PRD-FZX6AP,13.076,0.0394,snack foods,87.34,STORE-89Z,33,722.33,False,True,False,False,False,True,False,True,False,False,False
row_08378,PRD-V14WZZ,18.073,0.0306,Health and Hygiene,187.57,STORE-AGY,45,1346.52,False,True,False,False,True,False,False,False,False,False,True
row_08379,PRD-QDXOEA,7.406,0.0261,snack foods,110.69,STORE-OYG,25,2297.48,False,True,False,True,False,True,False,False,True,False,False
row_08380,PRD-ZCF0TU,11.091,0.13,Canned,224.34,STORE-9RG,28,4345.47,False,True,False,True,False,False,True,True,False,False,True
row_08381,PRD-7B1U9E,10.22,0.0274,HOUSEHOLD,167.51,STORE-YLW,35,3596.48,False,True,False,False,False,False,True,False,False,True,False
row_08383,PRD-FL1299,8.751,0.054,Canned,84.43,STORE-AGY,45,3596.55,False,True,False,False,True,False,False,True,False,False,False
row_08384,PRD-C2MU46,18.041,0.0148,SNACK FOODS,194.98,STORE-HL7,23,1979.72,False,False,True,False,True,True,False,False,False,False,True
row_08387,PRD-8INI8M,6.521,0.1289,SNACK FOODS,86.31,STORE-DKU,30,888.24,False,True,False,True,False,True,False,True,False,False,False
row_08388,PRD-6SCK8E,11.49,0.049,Household,186.37,STORE-AGY,45,3696.04,False,True,False,False,True,False,False,False,False,False,True
row_08389,PRD-2PCIGY,7.866,0.0881,Fruits and Vegetables,64.89,STORE-DKU,30,1146.14,False,True,False,True,False,True,False,False,False,False,False
row_08390,PRD-9789H0,18.085,0.0457,Baking Goods,239.05,STORE-JOR,34,472.74,False,False,False,False,True,True,False,True,False,False,True
row_08391,PRD-2OQEWF,18.608,0.0341,others,133.77,STORE-DKU,30,2837.68,False,True,False,True,False,True,False,False,True,False,False
row_08393,PRD-AK5W77,8.463,0.0295,Canned,229.26,STORE-AGY,45,3398.53,False,True,False,False,True,False,False,True,False,False,True
row_08394,PRD-UJG7IN,5.881,0.0965,FROZEN FOODS,128.12,STORE-AGY,45,3737.98,False,True,False,False,True,False,False,False,True,False,False
row_08395,PRD-RD47WO,12.850875916323977,0.1831,snack foods,171.95,STORE-T5G,47,830.16,False,False,False,False,False,False,True,True,False,True,False
row_08396,PRD-7Q94JB,15.307,0.0631,Frozen Foods,143.05,STORE-9RG,28,2196.33,False,True,False,True,False,False,True,True,False,True,False
row_08397,PRD-VQ553K,12.850875916323977,0.0608,Fruits and Vegetables,166.43,STORE-7WS,47,3295.05,True,False,False,False,True,True,False,True,False,True,False
row_08398,PRD-X5M8PJ,5.124,0.1278,SNACK FOODS,136.02,STORE-9RG,28,1316.56,False,True,False,True,False,False,True,True,True,False,False
row_08399,PRD-NDSUDE,12.850875916323977,0.0661,Fruits and Vegetables,109.54,STORE-T5G,47,400.52,False,False,False,False,False,False,True,True,True,False,False
row_08400,PRD-HMIP5B,10.11,0.03,FRUITS AND VEGETABLES,111.64,STORE-YLW,35,4904.64,False,True,False,False,False,False,True,True,True,False,False
row_08401,PRD-5SOWOM,11.639,0.0145,starchy foods,173.37,STORE-OYG,25,5473.61,False,True,False,True,False,True,False,False,False,True,False
row_08402,PRD-O69WEZ,17.332,0.0072,Dairy,144.49,STORE-HL7,23,2238.67,False,False,True,False,True,True,False,True,False,True,False
row_08403,PRD-HCAZ89,13.84,0.0171,SNACK FOODS,80.9,STORE-DKU,30,1539.52,False,True,False,True,False,True,False,True,False,False,False
row_08404,PRD-T83Z0P,19.123,0.0944,meat,179.76,STORE-HL7,23,1266.42,False,False,True,False,True,True,False,True,False,True,False
row_08405,PRD-D7M46B,6.5,0.0209,HOUSEHOLD,35.51,STORE-DKU,30,255.35,False,True,False,True,False,True,False,False,False,False,False
row_08406,PRD-6SCK8E,12.850875916323977,0.046,Household,175.56,STORE-HL7,23,1212.58,False,False,True,False,True,True,False,False,False,True,False
row_08407,PRD-OEM1VZ,19.653,0.0,dairy,193.12,STORE-89Z,33,4335.71,False,True,False,False,False,True,False,True,False,False,True
row_08409,PRD-G7JPM7,12.850875916323977,0.0193,Snack Foods,58.07,STORE-T5G,47,397.39,False,False,False,False,False,False,True,True,False,False,False
row_08410,PRD-U652FY,8.683,0.0274,CANNED,170.04,STORE-HL7,23,4034.66,False,False,True,False,True,True,False,True,False,True,False
row_08411,PRD-EI7XZU,12.850875916323977,0.0214,FRUITS AND VEGETABLES,184.58,STORE-7WS,47,5882.96,True,False,False,False,True,True,False,False,False,True,False
row_08412,PRD-8VYI78,16.322,0.0703,Household,234.31,STORE-AGY,45,5497.66,False,True,False,False,True,False,False,False,False,False,True
row_08414,PRD-XCFTUX,15.154,0.0,CANNED,183.8,STORE-JOR,34,193.92,False,False,False,False,True,True,False,False,False,True,False
row_08415,PRD-21BKSM,16.888,0.0341,HEALTH AND HYGIENE,197.49,STORE-9RG,28,3970.82,False,True,False,True,False,False,True,False,False,False,True
row_08416,PRD-377V1I,16.826,0.0672,Baking Goods,194.19,STORE-OYG,25,2966.71,False,True,False,True,False,True,False,True,False,False,True
row_08417,PRD-FGQJFY,8.026,0.1584,BAKING GOODS,37.31,STORE-HL7,23,1159.61,False,False,True,False,True,True,False,True,False,False,False
row_08419,PRD-N6HW1H,12.576,0.0648,Starchy Foods,96.46,STORE-HL7,23,1447.89,False,False,True,False,True,True,False,True,True,False,False
row_08420,PRD-ITAZVY,13.348,0.0648,Frozen Foods,47.1,STORE-89Z,33,794.81,False,True,False,False,False,True,False,False,False,False,False
row_08421,PRD-U3P1ZC,16.537,0.1302,Breads,86.07,STORE-9RG,28,1426.37,False,True,False,True,False,False,True,False,False,False,False
row_08422,PRD-UVYP1N,14.124,0.0,SNACK FOODS,162.02,STORE-9RG,28,2903.6,False,True,False,True,False,False,True,True,False,True,False
row_08424,PRD-GU1UQX,11.17,0.2295,DAIRY,264.12,STORE-JOR,34,536.08,False,False,False,False,True,True,False,False,False,False,True
row_08425,PRD-AK2WNJ,10.479,0.0779,baking goods,173.87,STORE-DKU,30,4335.27,False,True,False,True,False,True,False,False,False,True,False
row_08426,PRD-GW4LDH,12.850875916323977,0.1501,health and hygiene,143.9,STORE-T5G,47,143.45,False,False,False,False,False,False,True,False,False,True,False
row_08427,PRD-EF6Y39,10.615,0.0137,snack foods,143.05,STORE-OYG,25,1581.86,False,True,False,True,False,True,False,True,False,True,False
row_08428,PRD-UP0URE,12.199,0.1167,Dairy,47.14,STORE-JOR,34,49.73,False,False,False,False,True,True,False,True,False,False,False
row_08429,PRD-AF3WE8,8.375,0.1248,Frozen Foods,78.5,STORE-OYG,25,1813.79,False,True,False,True,False,True,False,True,False,False,False
row_08430,PRD-ILCMG5,12.850875916323977,0.0484,fruits and vegetables,143.78,STORE-7WS,47,3077.21,True,False,False,False,True,True,False,True,False,True,False
row_08431,PRD-20AP4V,19.363,0.0239,Household,102.81,STORE-DKU,30,530.19,False,True,False,True,False,True,False,False,True,False,False
row_08432,PRD-06GUU9,12.694,0.0072,household,191.63,STORE-9RG,28,3802.83,False,True,False,True,False,False,True,False,False,False,True
row_08433,PRD-VCZHN7,11.202,0.2755,Snack Foods,126.52,STORE-JOR,34,377.64,False,False,False,False,True,True,False,False,True,False,False
row_08434,PRD-5WVO01,5.219,0.0532,Health and Hygiene,33.64,STORE-JOR,34,73.1,False,False,False,False,True,True,False,False,False,False,False
row_08435,PRD-NVJUUW,6.744,0.0868,Frozen Foods,102.66,STORE-89Z,33,815.31,False,True,False,False,False,True,False,True,True,False,False
row_08436,PRD-C1HY2U,12.850875916323977,0.0756,Dairy,108.87,STORE-7WS,47,3853.61,True,False,False,False,True,True,False,False,True,False,False
row_08437,PRD-64V0WS,17.889,0.0751,snack foods,128.0,STORE-9RG,28,1575.22,False,True,False,True,False,False,True,False,True,False,False
row_08438,PRD-JDOLC4,12.850875916323977,0.0916,Fruits and Vegetables,174.29,STORE-7WS,47,4985.77,True,False,False,False,True,True,False,False,False,True,False
row_08439,PRD-UVYP1N,14.503,0.1015,SNACK FOODS,157.43,STORE-OYG,25,5757.83,False,True,False,True,False,True,False,True,False,True,False
row_08440,PRD-6V1JZP,16.718,0.0269,HOUSEHOLD,252.07,STORE-YLW,35,4040.86,False,True,False,False,False,False,True,False,False,False,True
row_08441,PRD-7Q5FPH,7.432,0.1286,Fruits and Vegetables,163.31,STORE-DKU,30,3834.43,False,True,False,True,False,True,False,False,False,True,False
row_08442,PRD-PDRI65,11.165,0.0171,Health and Hygiene,130.64,STORE-HL7,23,1460.66,False,False,True,False,True,True,False,False,True,False,False
row_08443,PRD-IVLU4E,16.454,0.013,others,101.74,STORE-OYG,25,1070.05,False,True,False,True,False,True,False,False,True,False,False
row_08444,PRD-BUK3XF,20.758,0.0223,fruits and vegetables,106.76,STORE-AGY,45,2383.52,False,True,False,False,True,False,False,False,True,False,False
row_08445,PRD-TVSXA7,7.242,0.0679,health and hygiene,143.22,STORE-9RG,28,3538.18,False,True,False,True,False,False,True,False,False,True,False
row_08446,PRD-9FUYAS,8.775,0.0799,frozen foods,114.02,STORE-89Z,33,1648.2,False,True,False,False,False,True,False,True,True,False,False
row_08447,PRD-3IMLYS,12.781,0.0,Fruits and Vegetables,252.75,STORE-9RG,28,6990.54,False,True,False,True,False,False,True,True,False,False,True
row_08448,PRD-MSND8D,9.084,0.038,soft drinks,36.63,STORE-DKU,30,643.01,False,True,False,True,False,True,False,False,False,False,False
row_08449,PRD-2EZP7V,12.534,0.018,Health and Hygiene,96.74,STORE-YLW,35,2269.81,False,True,False,False,False,False,True,False,True,False,False
row_08451,PRD-75I63R,12.850875916323977,0.0,Frozen Foods,85.43,STORE-T5G,47,250.39,False,False,False,False,False,False,True,True,False,False,False
row_08452,PRD-74W4G2,16.275,0.0168,frozen foods,98.94,STORE-YLW,35,1965.61,False,True,False,False,False,False,True,True,True,False,False
row_08453,PRD-CLVEHR,12.850875916323977,0.1596,frozen foods,35.02,STORE-7WS,47,1122.33,True,False,False,False,True,True,False,True,False,False,False
row_08454,PRD-76RKQ4,5.589,0.0264,Dairy,239.02,STORE-AGY,45,3070.36,False,True,False,False,True,False,False,False,False,False,True
row_08455,PRD-HCAZ89,13.321,0.0,Snack Foods,78.21,STORE-9RG,28,1482.26,False,True,False,True,False,False,True,True,False,False,False
row_08457,PRD-U3P1ZC,16.859,0.1312,BREADS,91.97,STORE-89Z,33,1073.87,False,True,False,False,False,True,False,False,False,False,False
row_08459,PRD-G8F1CB,19.147,0.0389,Soft Drinks,168.77,STORE-89Z,33,993.27,False,True,False,False,False,True,False,True,False,True,False
row_08460,PRD-F4B8DW,19.768,0.0369,Dairy,223.25,STORE-YLW,35,2978.24,False,True,False,False,False,False,True,False,False,False,True
row_08461,PRD-N7XY43,16.323,0.0747,Canned,91.54,STORE-YLW,35,1593.43,False,True,False,False,False,False,True,False,False,False,False
row_08463,PRD-NA7L0E,12.850875916323977,0.0264,Canned,173.1,STORE-7WS,47,5787.15,True,False,False,False,True,True,False,True,False,True,False
row_08466,PRD-V5MOIJ,14.578,0.0669,Canned,41.55,STORE-JOR,34,41.63,False,False,False,False,True,True,False,True,False,False,False
row_08467,PRD-QYAHPY,12.850875916323977,0.0754,Fruits and Vegetables,94.58,STORE-7WS,47,1787.65,True,False,False,False,True,True,False,False,True,False,False
row_08468,PRD-UPTJ7O,12.850875916323977,0.0393,FROZEN FOODS,126.68,STORE-7WS,47,3749.86,True,False,False,False,True,True,False,True,True,False,False
row_08469,PRD-GOAVWS,11.397,0.0479,Snack Foods,118.88,STORE-OYG,25,1486.86,False,True,False,True,False,True,False,False,True,False,False
row_08471,PRD-64V0WS,18.368,0.0787,SNACK FOODS,124.39,STORE-HL7,23,252.93,False,False,True,False,True,True,False,False,True,False,False
row_08473,PRD-UWE98S,7.601,0.0322,frozen foods,231.03,STORE-YLW,35,7099.93,False,True,False,False,False,False,True,False,False,False,True
row_08474,PRD-L532UU,18.197,0.0292,Dairy,249.92,STORE-AGY,45,2035.15,False,True,False,False,True,False,False,False,False,False,True
row_08475,PRD-JNODL5,18.117,0.0,health and hygiene,154.4,STORE-89Z,33,3257.52,False,True,False,False,False,True,False,False,False,True,False
row_08476,PRD-N7XY43,16.678,0.0,Canned,91.16,STORE-OYG,25,1100.18,False,True,False,True,False,True,False,False,False,False,False
row_08478,PRD-8CLUBN,17.809,0.0418,Snack Foods,37.85,STORE-OYG,25,372.93,False,True,False,True,False,True,False,True,False,False,False
row_08480,PRD-I3MWRM,15.87,0.0321,MEAT,167.74,STORE-OYG,25,1736.57,False,True,False,True,False,True,False,False,False,True,False
row_08482,PRD-O5ZFW1,5.345,0.0408,HEALTH AND HYGIENE,162.96,STORE-DKU,30,1655.47,False,True,False,True,False,True,False,False,False,True,False
row_08484,PRD-20AP4V,12.850875916323977,0.025,Household,102.25,STORE-AGY,45,710.9,False,True,False,False,True,False,False,False,True,False,False
row_08485,PRD-PLCL5F,12.850875916323977,0.0255,BAKING GOODS,125.23,STORE-7WS,47,3529.07,True,False,False,False,True,True,False,False,True,False,False
row_08486,PRD-6KHXCY,11.903,0.0555,meat,149.73,STORE-9RG,28,1766.0,False,True,False,True,False,False,True,True,False,True,False
row_08487,PRD-2SLHIM,21.204,0.0096,Meat,183.71,STORE-DKU,30,372.59,False,True,False,True,False,True,False,False,False,True,False
row_08488,PRD-EN0T5G,11.743,0.0,health and hygiene,257.11,STORE-OYG,25,1508.98,False,True,False,True,False,True,False,False,False,False,True
row_08490,PRD-MJ7PDZ,17.326,0.0111,FROZEN FOODS,96.98,STORE-HL7,23,2237.57,False,False,True,False,True,True,False,False,True,False,False
row_08492,PRD-BLMMDP,12.850875916323977,0.012,snack foods,38.95,STORE-T5G,47,83.88,False,False,False,False,False,False,True,True,False,False,False
row_08493,PRD-HVVZBL,18.347,0.0674,DAIRY,121.39,STORE-9RG,28,1194.53,False,True,False,True,False,False,True,True,True,False,False
row_08494,PRD-XMSTP3,15.067,0.0,Snack Foods,42.66,STORE-YLW,35,549.25,False,True,False,False,False,False,True,False,False,False,False
row_08495,PRD-WEPXSK,12.850875916323977,0.0459,Soft Drinks,75.42,STORE-7WS,47,2641.85,True,False,False,False,True,True,False,False,False,False,False
row_08496,PRD-LUSMF0,12.329,0.0799,MEAT,224.66,STORE-YLW,35,4626.01,False,True,False,False,False,False,True,False,False,False,True
row_08497,PRD-KL6CEV,6.432,0.093,Household,82.89,STORE-89Z,33,2130.91,False,True,False,False,False,True,False,False,False,False,False
row_08498,PRD-X6M52Y,7.948,0.0,CANNED,86.28,STORE-AGY,45,262.82,False,True,False,False,True,False,False,True,False,False,False
row_08499,PRD-DXQ6WH,16.547,0.0128,health and hygiene,39.85,STORE-DKU,30,659.67,False,True,False,True,False,True,False,False,False,False,False
row_08500,PRD-R04H5W,19.232,0.0,household,190.57,STORE-YLW,35,555.26,False,True,False,False,False,False,True,False,False,False,True
row_08501,PRD-OOBWF4,15.317,0.0143,Frozen Foods,35.77,STORE-DKU,30,580.17,False,True,False,True,False,True,False,False,False,False,False
row_08502,PRD-FA4IUZ,13.89,0.0,dairy,191.4,STORE-HL7,23,4171.56,False,False,True,False,True,True,False,True,False,False,True
row_08503,PRD-LBIPQF,18.048,0.0462,Fruits and Vegetables,124.7,STORE-89Z,33,3819.05,False,True,False,False,False,True,False,True,True,False,False
row_08505,PRD-1QV3CG,8.202,0.0416,FRUITS AND VEGETABLES,186.49,STORE-89Z,33,1699.41,False,True,False,False,False,True,False,True,False,False,True
row_08506,PRD-OIZ8SJ,12.728,0.1471,FRUITS AND VEGETABLES,251.77,STORE-AGY,45,5909.82,False,True,False,False,True,False,False,True,False,False,True
row_08507,PRD-3818YO,5.166,0.0429,Frozen Foods,203.45,STORE-DKU,30,2804.2,False,True,False,True,False,True,False,False,False,False,True
row_08508,PRD-AYNU0X,6.61,0.0365,breads,216.2,STORE-DKU,30,1947.08,False,True,False,True,False,True,False,False,False,False,True
row_08509,PRD-9ROJVZ,12.850875916323977,0.0857,Frozen Foods,59.17,STORE-7WS,47,1399.17,True,False,False,False,True,True,False,True,False,False,False
row_08510,PRD-LJKPHC,18.78,0.0958,Fruits and Vegetables,82.59,STORE-YLW,35,1124.02,False,True,False,False,False,False,True,True,False,False,False
row_08511,PRD-1WMMME,15.461,0.016,Others,144.63,STORE-AGY,45,3017.84,False,True,False,False,True,False,False,False,False,True,False
row_08512,PRD-QVRR9A,7.781,0.0626,HARD DRINKS,224.11,STORE-DKU,30,2002.12,False,True,False,True,False,True,False,False,False,False,True
row_08513,PRD-I67HN3,20.547,0.0102,Household,233.74,STORE-YLW,35,3212.38,False,True,False,False,False,False,True,False,False,False,True
row_08514,PRD-LQK65V,12.850875916323977,0.0758,Snack Foods,125.32,STORE-T5G,47,486.59,False,False,False,False,False,False,True,False,True,False,False
row_08516,PRD-1K1QT6,13.722,0.0099,HOUSEHOLD,176.38,STORE-AGY,45,1847.98,False,True,False,False,True,False,False,False,False,True,False
row_08517,PRD-JNODL5,18.365,0.0154,Health and Hygiene,161.04,STORE-YLW,35,1588.25,False,True,False,False,False,False,True,False,False,True,False
row_08518,PRD-V56VKT,9.201,0.2851,Fruits and Vegetables,136.57,STORE-JOR,34,276.5,False,False,False,False,True,True,False,True,True,False,False
row_08519,PRD-S1AWP0,15.77,0.1193,FROZEN FOODS,74.03,STORE-OYG,25,1265.63,False,True,False,True,False,True,False,False,False,False,False
row_08520,PRD-NCP2VI,17.665,0.0182,Health and Hygiene,234.87,STORE-DKU,30,6254.55,False,True,False,True,False,True,False,False,False,False,True
row_08521,PRD-K9LSG4,20.645,0.0567,snack foods,118.86,STORE-OYG,25,1658.06,False,True,False,True,False,True,False,False,True,False,False
row_08522,PRD-ON4O79,16.703,0.0165,household,97.45,STORE-YLW,35,987.48,False,True,False,False,False,False,True,False,True,False,False
